店名,定位地址,都道府縣,地區,電話,Google Maps搜尋,官方資料日期,資料來源,設置狀態備註
モーリーファンタジー登別店,日本 北海道登別市若山町4-33-1 イオン登別店2階,北海道,北海道,070-3100-5232,https://www.google.com/maps/search/?api=1&query=%E3%83%A2%E3%83%BC%E3%83%AA%E3%83%BC%E3%83%95%E3%82%A1%E3%83%B3%E3%82%BF%E3%82%B8%E3%83%BC%E7%99%BB%E5%88%A5%E5%BA%97%20%E5%8C%97%E6%B5%B7%E9%81%93%E7%99%BB%E5%88%A5%E5%B8%82%E8%8B%A5%E5%B1%B1%E7%94%BA4-33-1%20%E3%82%A4%E3%82%AA%E3%83%B3%E7%99%BB%E5%88%A5%E5%BA%972%E9%9A%8E,2026-10-08,https://dcd.aikatsu.com/encore/pdf/shoplist.pdf,官方列出的設置店；未逐店確認現場稼動、台數與卡片庫存。地址定位尚未逐點核對。
PALO釧路店,日本 北海道釧路郡釧路町桂木1-1-7 イオン釧路店2階,北海道,北海道,070-3100-5146,https://www.google.com/maps/search/?api=1&query=PALO%E9%87%A7%E8%B7%AF%E5%BA%97%20%E5%8C%97%E6%B5%B7%E9%81%93%E9%87%A7%E8%B7%AF%E9%83%A1%E9%87%A7%E8%B7%AF%E7%94%BA%E6%A1%82%E6%9C%A81-1-7%20%E3%82%A4%E3%82%AA%E3%83%B3%E9%87%A7%E8%B7%AF%E5%BA%972%E9%9A%8E,2026-10-08,https://dcd.aikatsu.com/encore/pdf/shoplist.pdf,官方列出的設置店；未逐店確認現場稼動、台數與卡片庫存。地址定位尚未逐點核對。
PALO江別店,日本 北海道江別市幸町35 イオン江別店3階,北海道,北海道,070-3100-3727,https://www.google.com/maps/search/?api=1&query=PALO%E6%B1%9F%E5%88%A5%E5%BA%97%20%E5%8C%97%E6%B5%B7%E9%81%93%E6%B1%9F%E5%88%A5%E5%B8%82%E5%B9%B8%E7%94%BA35%20%E3%82%A4%E3%82%AA%E3%83%B3%E6%B1%9F%E5%88%A5%E5%BA%973%E9%9A%8E,2026-10-08,https://dcd.aikatsu.com/encore/pdf/shoplist.pdf,官方列出的設置店；未逐店確認現場稼動、台數與卡片庫存。地址定位尚未逐點核對。
モーリーファンタジー札幌平岡店,日本 北海道札幌市清田区平岡3条5丁目3-1 イオン札幌平岡店2階,北海道,北海道,070-3100-3646,https://www.google.com/maps/search/?api=1&query=%E3%83%A2%E3%83%BC%E3%83%AA%E3%83%BC%E3%83%95%E3%82%A1%E3%83%B3%E3%82%BF%E3%82%B8%E3%83%BC%E6%9C%AD%E5%B9%8C%E5%B9%B3%E5%B2%A1%E5%BA%97%20%E5%8C%97%E6%B5%B7%E9%81%93%E6%9C%AD%E5%B9%8C%E5%B8%82%E6%B8%85%E7%94%B0%E5%8C%BA%E5%B9%B3%E5%B2%A13%E6%9D%A15%E4%B8%81%E7%9B%AE3-1%20%E3%82%A4%E3%82%AA%E3%83%B3%E6%9C%AD%E5%B9%8C%E5%B9%B3%E5%B2%A1%E5%BA%972%E9%9A%8E,2026-10-08,https://dcd.aikatsu.com/encore/pdf/shoplist.pdf,官方列出的設置店；未逐店確認現場稼動、台數與卡片庫存。地址定位尚未逐點核對。
モーリーファンタジー釧路昭和店,日本 北海道釧路市昭和中央4-18-1 イオン釧路昭和店2階,北海道,北海道,070-3100-3643,https://www.google.com/maps/search/?api=1&query=%E3%83%A2%E3%83%BC%E3%83%AA%E3%83%BC%E3%83%95%E3%82%A1%E3%83%B3%E3%82%BF%E3%82%B8%E3%83%BC%E9%87%A7%E8%B7%AF%E6%98%AD%E5%92%8C%E5%BA%97%20%E5%8C%97%E6%B5%B7%E9%81%93%E9%87%A7%E8%B7%AF%E5%B8%82%E6%98%AD%E5%92%8C%E4%B8%AD%E5%A4%AE4-18-1%20%E3%82%A4%E3%82%AA%E3%83%B3%E9%87%A7%E8%B7%AF%E6%98%AD%E5%92%8C%E5%BA%972%E9%9A%8E,2026-10-08,https://dcd.aikatsu.com/encore/pdf/shoplist.pdf,官方列出的設置店；未逐店確認現場稼動、台數與卡片庫存。地址定位尚未逐點核對。
モーリーファンタジー札幌元町店,日本 北海道札幌市東区北31条東15丁目1-1 イオン札幌元町店3階,北海道,北海道,070-3100-3640,https://www.google.com/maps/search/?api=1&query=%E3%83%A2%E3%83%BC%E3%83%AA%E3%83%BC%E3%83%95%E3%82%A1%E3%83%B3%E3%82%BF%E3%82%B8%E3%83%BC%E6%9C%AD%E5%B9%8C%E5%85%83%E7%94%BA%E5%BA%97%20%E5%8C%97%E6%B5%B7%E9%81%93%E6%9C%AD%E5%B9%8C%E5%B8%82%E6%9D%B1%E5%8C%BA%E5%8C%9731%E6%9D%A1%E6%9D%B115%E4%B8%81%E7%9B%AE1-1%20%E3%82%A4%E3%82%AA%E3%83%B3%E6%9C%AD%E5%B9%8C%E5%85%83%E7%94%BA%E5%BA%973%E9%9A%8E,2026-10-08,https://dcd.aikatsu.com/encore/pdf/shoplist.pdf,官方列出的設置店；未逐店確認現場稼動、台數與卡片庫存。地址定位尚未逐點核對。
モーリーファンタジー札幌桑園店,日本 北海道札幌市中央区北8条西14丁目28番地 イオン札幌桑園店2階,北海道,北海道,070-3100-3955,https://www.google.com/maps/search/?api=1&query=%E3%83%A2%E3%83%BC%E3%83%AA%E3%83%BC%E3%83%95%E3%82%A1%E3%83%B3%E3%82%BF%E3%82%B8%E3%83%BC%E6%9C%AD%E5%B9%8C%E6%A1%91%E5%9C%92%E5%BA%97%20%E5%8C%97%E6%B5%B7%E9%81%93%E6%9C%AD%E5%B9%8C%E5%B8%82%E4%B8%AD%E5%A4%AE%E5%8C%BA%E5%8C%978%E6%9D%A1%E8%A5%BF14%E4%B8%81%E7%9B%AE28%E7%95%AA%E5%9C%B0%20%E3%82%A4%E3%82%AA%E3%83%B3%E6%9C%AD%E5%B9%8C%E6%A1%91%E5%9C%92%E5%BA%972%E9%9A%8E,2026-10-08,https://dcd.aikatsu.com/encore/pdf/shoplist.pdf,官方列出的設置店；未逐店確認現場稼動、台數與卡片庫存。地址定位尚未逐點核對。
モーリーファンタジー札幌苗穂店,日本 北海道札幌市東区東苗穂2条3丁目1番1号 イオン札幌苗穂店2階,北海道,北海道,070-3100-3970,https://www.google.com/maps/search/?api=1&query=%E3%83%A2%E3%83%BC%E3%83%AA%E3%83%BC%E3%83%95%E3%82%A1%E3%83%B3%E3%82%BF%E3%82%B8%E3%83%BC%E6%9C%AD%E5%B9%8C%E8%8B%97%E7%A9%82%E5%BA%97%20%E5%8C%97%E6%B5%B7%E9%81%93%E6%9C%AD%E5%B9%8C%E5%B8%82%E6%9D%B1%E5%8C%BA%E6%9D%B1%E8%8B%97%E7%A9%822%E6%9D%A13%E4%B8%81%E7%9B%AE1%E7%95%AA1%E5%8F%B7%20%E3%82%A4%E3%82%AA%E3%83%B3%E6%9C%AD%E5%B9%8C%E8%8B%97%E7%A9%82%E5%BA%972%E9%9A%8E,2026-10-08,https://dcd.aikatsu.com/encore/pdf/shoplist.pdf,官方列出的設置店；未逐店確認現場稼動、台數與卡片庫存。地址定位尚未逐點核對。
モーリーファンタジー旭川西店,日本 北海道旭川市緑町23-2161-3 イオン旭川西店2階,北海道,北海道,070-3100-3901,https://www.google.com/maps/search/?api=1&query=%E3%83%A2%E3%83%BC%E3%83%AA%E3%83%BC%E3%83%95%E3%82%A1%E3%83%B3%E3%82%BF%E3%82%B8%E3%83%BC%E6%97%AD%E5%B7%9D%E8%A5%BF%E5%BA%97%20%E5%8C%97%E6%B5%B7%E9%81%93%E6%97%AD%E5%B7%9D%E5%B8%82%E7%B7%91%E7%94%BA23-2161-3%20%E3%82%A4%E3%82%AA%E3%83%B3%E6%97%AD%E5%B7%9D%E8%A5%BF%E5%BA%972%E9%9A%8E,2026-10-08,https://dcd.aikatsu.com/encore/pdf/shoplist.pdf,官方列出的設置店；未逐店確認現場稼動、台數與卡片庫存。地址定位尚未逐點核對。
モーリーファンタジー苫小牧店,日本 北海道苫小牧市柳町3-1-20 イオン苫小牧店2階,北海道,北海道,070-3100-3912,https://www.google.com/maps/search/?api=1&query=%E3%83%A2%E3%83%BC%E3%83%AA%E3%83%BC%E3%83%95%E3%82%A1%E3%83%B3%E3%82%BF%E3%82%B8%E3%83%BC%E8%8B%AB%E5%B0%8F%E7%89%A7%E5%BA%97%20%E5%8C%97%E6%B5%B7%E9%81%93%E8%8B%AB%E5%B0%8F%E7%89%A7%E5%B8%82%E6%9F%B3%E7%94%BA3-1-20%20%E3%82%A4%E3%82%AA%E3%83%B3%E8%8B%AB%E5%B0%8F%E7%89%A7%E5%BA%972%E9%9A%8E,2026-10-08,https://dcd.aikatsu.com/encore/pdf/shoplist.pdf,官方列出的設置店；未逐店確認現場稼動、台數與卡片庫存。地址定位尚未逐點核對。
モーリーファンタジー札幌発寒店,日本 北海道札幌市西区発寒8条12丁目1-1 イオン札幌発寒店3階,北海道,北海道,070-3100-4063,https://www.google.com/maps/search/?api=1&query=%E3%83%A2%E3%83%BC%E3%83%AA%E3%83%BC%E3%83%95%E3%82%A1%E3%83%B3%E3%82%BF%E3%82%B8%E3%83%BC%E6%9C%AD%E5%B9%8C%E7%99%BA%E5%AF%92%E5%BA%97%20%E5%8C%97%E6%B5%B7%E9%81%93%E6%9C%AD%E5%B9%8C%E5%B8%82%E8%A5%BF%E5%8C%BA%E7%99%BA%E5%AF%928%E6%9D%A112%E4%B8%81%E7%9B%AE1-1%20%E3%82%A4%E3%82%AA%E3%83%B3%E6%9C%AD%E5%B9%8C%E7%99%BA%E5%AF%92%E5%BA%973%E9%9A%8E,2026-10-08,https://dcd.aikatsu.com/encore/pdf/shoplist.pdf,官方列出的設置店；未逐店確認現場稼動、台數與卡片庫存。地址定位尚未逐點核對。
ゲームコーナー新さっぽろ店,日本 北海道札幌市厚別区厚別中央2条5丁目6-3 アークシティduo2 2階,北海道,北海道,070-3100-3455,https://www.google.com/maps/search/?api=1&query=%E3%82%B2%E3%83%BC%E3%83%A0%E3%82%B3%E3%83%BC%E3%83%8A%E3%83%BC%E6%96%B0%E3%81%95%E3%81%A3%E3%81%BD%E3%82%8D%E5%BA%97%20%E5%8C%97%E6%B5%B7%E9%81%93%E6%9C%AD%E5%B9%8C%E5%B8%82%E5%8E%9A%E5%88%A5%E5%8C%BA%E5%8E%9A%E5%88%A5%E4%B8%AD%E5%A4%AE2%E6%9D%A15%E4%B8%81%E7%9B%AE6-3%20%E3%82%A2%E3%83%BC%E3%82%AF%E3%82%B7%E3%83%86%E3%82%A3duo2%202%E9%9A%8E,2026-10-08,https://dcd.aikatsu.com/encore/pdf/shoplist.pdf,官方列出的設置店；未逐店確認現場稼動、台數與卡片庫存。地址定位尚未逐點核對。
モーリーファンタジー三笠店,日本 北海道三笠市岡山1059-1 イオンスーパーセンター三笠店1階,北海道,北海道,070-3100-7326,https://www.google.com/maps/search/?api=1&query=%E3%83%A2%E3%83%BC%E3%83%AA%E3%83%BC%E3%83%95%E3%82%A1%E3%83%B3%E3%82%BF%E3%82%B8%E3%83%BC%E4%B8%89%E7%AC%A0%E5%BA%97%20%E5%8C%97%E6%B5%B7%E9%81%93%E4%B8%89%E7%AC%A0%E5%B8%82%E5%B2%A1%E5%B1%B11059-1%20%E3%82%A4%E3%82%AA%E3%83%B3%E3%82%B9%E3%83%BC%E3%83%91%E3%83%BC%E3%82%BB%E3%83%B3%E3%82%BF%E3%83%BC%E4%B8%89%E7%AC%A0%E5%BA%971%E9%9A%8E,2026-10-08,https://dcd.aikatsu.com/encore/pdf/shoplist.pdf,官方列出的設置店；未逐店確認現場稼動、台數與卡片庫存。地址定位尚未逐點核對。
モーリーファンタジー手稲山口店,日本 北海道札幌市手稲区明日風6丁目1番1号 イオンスーパーセンター手稲山口店1階,北海道,北海道,070-3100-7383,https://www.google.com/maps/search/?api=1&query=%E3%83%A2%E3%83%BC%E3%83%AA%E3%83%BC%E3%83%95%E3%82%A1%E3%83%B3%E3%82%BF%E3%82%B8%E3%83%BC%E6%89%8B%E7%A8%B2%E5%B1%B1%E5%8F%A3%E5%BA%97%20%E5%8C%97%E6%B5%B7%E9%81%93%E6%9C%AD%E5%B9%8C%E5%B8%82%E6%89%8B%E7%A8%B2%E5%8C%BA%E6%98%8E%E6%97%A5%E9%A2%A86%E4%B8%81%E7%9B%AE1%E7%95%AA1%E5%8F%B7%20%E3%82%A4%E3%82%AA%E3%83%B3%E3%82%B9%E3%83%BC%E3%83%91%E3%83%BC%E3%82%BB%E3%83%B3%E3%82%BF%E3%83%BC%E6%89%8B%E7%A8%B2%E5%B1%B1%E5%8F%A3%E5%BA%971%E9%9A%8E,2026-10-08,https://dcd.aikatsu.com/encore/pdf/shoplist.pdf,官方列出的設置店；未逐店確認現場稼動、台數與卡片庫存。地址定位尚未逐點核對。
モーリーファンタジー名寄店,日本 北海道名寄市字徳田80番地1 イオン名寄ショッピングセンター2階,北海道,北海道,070-3100-7395,https://www.google.com/maps/search/?api=1&query=%E3%83%A2%E3%83%BC%E3%83%AA%E3%83%BC%E3%83%95%E3%82%A1%E3%83%B3%E3%82%BF%E3%82%B8%E3%83%BC%E5%90%8D%E5%AF%84%E5%BA%97%20%E5%8C%97%E6%B5%B7%E9%81%93%E5%90%8D%E5%AF%84%E5%B8%82%E5%AD%97%E5%BE%B3%E7%94%B080%E7%95%AA%E5%9C%B01%20%E3%82%A4%E3%82%AA%E3%83%B3%E5%90%8D%E5%AF%84%E3%82%B7%E3%83%A7%E3%83%83%E3%83%94%E3%83%B3%E3%82%B0%E3%82%BB%E3%83%B3%E3%82%BF%E3%83%BC2%E9%9A%8E,2026-10-08,https://dcd.aikatsu.com/encore/pdf/shoplist.pdf,官方列出的設置店；未逐店確認現場稼動、台數與卡片庫存。地址定位尚未逐點核對。
モーリーファンタジー湯川店,日本 北海道函館市湯川町3-14-5 イオン湯川店1・2階,北海道,北海道,070-3100-4480,https://www.google.com/maps/search/?api=1&query=%E3%83%A2%E3%83%BC%E3%83%AA%E3%83%BC%E3%83%95%E3%82%A1%E3%83%B3%E3%82%BF%E3%82%B8%E3%83%BC%E6%B9%AF%E5%B7%9D%E5%BA%97%20%E5%8C%97%E6%B5%B7%E9%81%93%E5%87%BD%E9%A4%A8%E5%B8%82%E6%B9%AF%E5%B7%9D%E7%94%BA3-14-5%20%E3%82%A4%E3%82%AA%E3%83%B3%E6%B9%AF%E5%B7%9D%E5%BA%971%E3%83%BB2%E9%9A%8E,2026-10-08,https://dcd.aikatsu.com/encore/pdf/shoplist.pdf,官方列出的設置店；未逐店確認現場稼動、台數與卡片庫存。地址定位尚未逐點核對。
モーリーファンタジー上磯店,日本 北海道北斗市七重浜4丁目44番1号 イオン上磯店1階,北海道,北海道,070-3100-5478,https://www.google.com/maps/search/?api=1&query=%E3%83%A2%E3%83%BC%E3%83%AA%E3%83%BC%E3%83%95%E3%82%A1%E3%83%B3%E3%82%BF%E3%82%B8%E3%83%BC%E4%B8%8A%E7%A3%AF%E5%BA%97%20%E5%8C%97%E6%B5%B7%E9%81%93%E5%8C%97%E6%96%97%E5%B8%82%E4%B8%83%E9%87%8D%E6%B5%9C4%E4%B8%81%E7%9B%AE44%E7%95%AA1%E5%8F%B7%20%E3%82%A4%E3%82%AA%E3%83%B3%E4%B8%8A%E7%A3%AF%E5%BA%971%E9%9A%8E,2026-10-08,https://dcd.aikatsu.com/encore/pdf/shoplist.pdf,官方列出的設置店；未逐店確認現場稼動、台數與卡片庫存。地址定位尚未逐點核對。
PALO滝川店,日本 北海道滝川市東町2丁目29-1 イオン滝川店1階,北海道,北海道,070-3100-4518,https://www.google.com/maps/search/?api=1&query=PALO%E6%BB%9D%E5%B7%9D%E5%BA%97%20%E5%8C%97%E6%B5%B7%E9%81%93%E6%BB%9D%E5%B7%9D%E5%B8%82%E6%9D%B1%E7%94%BA2%E4%B8%81%E7%9B%AE29-1%20%E3%82%A4%E3%82%AA%E3%83%B3%E6%BB%9D%E5%B7%9D%E5%BA%971%E9%9A%8E,2026-10-08,https://dcd.aikatsu.com/encore/pdf/shoplist.pdf,官方列出的設置店；未逐店確認現場稼動、台數與卡片庫存。地址定位尚未逐點核對。
モーリーファンタジー札幌琴似店,日本 北海道札幌市西区琴似2条4-2-2 イオン札幌琴似店3階,北海道,北海道,070-3100-4487,https://www.google.com/maps/search/?api=1&query=%E3%83%A2%E3%83%BC%E3%83%AA%E3%83%BC%E3%83%95%E3%82%A1%E3%83%B3%E3%82%BF%E3%82%B8%E3%83%BC%E6%9C%AD%E5%B9%8C%E7%90%B4%E4%BC%BC%E5%BA%97%20%E5%8C%97%E6%B5%B7%E9%81%93%E6%9C%AD%E5%B9%8C%E5%B8%82%E8%A5%BF%E5%8C%BA%E7%90%B4%E4%BC%BC2%E6%9D%A14-2-2%20%E3%82%A4%E3%82%AA%E3%83%B3%E6%9C%AD%E5%B9%8C%E7%90%B4%E4%BC%BC%E5%BA%973%E9%9A%8E,2026-10-08,https://dcd.aikatsu.com/encore/pdf/shoplist.pdf,官方列出的設置店；未逐店確認現場稼動、台數與卡片庫存。地址定位尚未逐點核對。
モーリーファンタジー札幌麻生店,日本 北海道札幌市北区北39条西4-1-5 イオン札幌麻生店4階,北海道,北海道,070-3100-4486,https://www.google.com/maps/search/?api=1&query=%E3%83%A2%E3%83%BC%E3%83%AA%E3%83%BC%E3%83%95%E3%82%A1%E3%83%B3%E3%82%BF%E3%82%B8%E3%83%BC%E6%9C%AD%E5%B9%8C%E9%BA%BB%E7%94%9F%E5%BA%97%20%E5%8C%97%E6%B5%B7%E9%81%93%E6%9C%AD%E5%B9%8C%E5%B8%82%E5%8C%97%E5%8C%BA%E5%8C%9739%E6%9D%A1%E8%A5%BF4-1-5%20%E3%82%A4%E3%82%AA%E3%83%B3%E6%9C%AD%E5%B9%8C%E9%BA%BB%E7%94%9F%E5%BA%974%E9%9A%8E,2026-10-08,https://dcd.aikatsu.com/encore/pdf/shoplist.pdf,官方列出的設置店；未逐店確認現場稼動、台數與卡片庫存。地址定位尚未逐點核對。
モーリーファンタジー中標津店,日本 北海道標津郡中標津町南町3番地10 東武サウスヒルズ1階,北海道,北海道,070-3100-4473,https://www.google.com/maps/search/?api=1&query=%E3%83%A2%E3%83%BC%E3%83%AA%E3%83%BC%E3%83%95%E3%82%A1%E3%83%B3%E3%82%BF%E3%82%B8%E3%83%BC%E4%B8%AD%E6%A8%99%E6%B4%A5%E5%BA%97%20%E5%8C%97%E6%B5%B7%E9%81%93%E6%A8%99%E6%B4%A5%E9%83%A1%E4%B8%AD%E6%A8%99%E6%B4%A5%E7%94%BA%E5%8D%97%E7%94%BA3%E7%95%AA%E5%9C%B010%20%E6%9D%B1%E6%AD%A6%E3%82%B5%E3%82%A6%E3%82%B9%E3%83%92%E3%83%AB%E3%82%BA1%E9%9A%8E,2026-10-08,https://dcd.aikatsu.com/encore/pdf/shoplist.pdf,官方列出的設置店；未逐店確認現場稼動、台數與卡片庫存。地址定位尚未逐點核對。
モーリーファンタジー旭川パルプ店,日本 北海道旭川市パルプ町1条2丁目505番2 ショッピングセンターパルプタウン1階,北海道,北海道,070-3100-4472,https://www.google.com/maps/search/?api=1&query=%E3%83%A2%E3%83%BC%E3%83%AA%E3%83%BC%E3%83%95%E3%82%A1%E3%83%B3%E3%82%BF%E3%82%B8%E3%83%BC%E6%97%AD%E5%B7%9D%E3%83%91%E3%83%AB%E3%83%97%E5%BA%97%20%E5%8C%97%E6%B5%B7%E9%81%93%E6%97%AD%E5%B7%9D%E5%B8%82%E3%83%91%E3%83%AB%E3%83%97%E7%94%BA1%E6%9D%A12%E4%B8%81%E7%9B%AE505%E7%95%AA2%20%E3%82%B7%E3%83%A7%E3%83%83%E3%83%94%E3%83%B3%E3%82%B0%E3%82%BB%E3%83%B3%E3%82%BF%E3%83%BC%E3%83%91%E3%83%AB%E3%83%97%E3%82%BF%E3%82%A6%E3%83%B31%E9%9A%8E,2026-10-08,https://dcd.aikatsu.com/encore/pdf/shoplist.pdf,官方列出的設置店；未逐店確認現場稼動、台數與卡片庫存。地址定位尚未逐點核對。
PALO網走店,日本 北海道網走市駒場北5丁目83番地 駒場ショッピングタウン,北海道,北海道,070-3100-4523,https://www.google.com/maps/search/?api=1&query=PALO%E7%B6%B2%E8%B5%B0%E5%BA%97%20%E5%8C%97%E6%B5%B7%E9%81%93%E7%B6%B2%E8%B5%B0%E5%B8%82%E9%A7%92%E5%A0%B4%E5%8C%975%E4%B8%81%E7%9B%AE83%E7%95%AA%E5%9C%B0%20%E9%A7%92%E5%A0%B4%E3%82%B7%E3%83%A7%E3%83%83%E3%83%94%E3%83%B3%E3%82%B0%E3%82%BF%E3%82%A6%E3%83%B3,2026-10-08,https://dcd.aikatsu.com/encore/pdf/shoplist.pdf,官方列出的設置店；未逐店確認現場稼動、台數與卡片庫存。地址定位尚未逐點核對。
モーリーファンタジー東札幌店,日本 北海道札幌市白石区東札幌3条2-1 イオン東札幌店2階,北海道,北海道,070-3100-4484,https://www.google.com/maps/search/?api=1&query=%E3%83%A2%E3%83%BC%E3%83%AA%E3%83%BC%E3%83%95%E3%82%A1%E3%83%B3%E3%82%BF%E3%82%B8%E3%83%BC%E6%9D%B1%E6%9C%AD%E5%B9%8C%E5%BA%97%20%E5%8C%97%E6%B5%B7%E9%81%93%E6%9C%AD%E5%B9%8C%E5%B8%82%E7%99%BD%E7%9F%B3%E5%8C%BA%E6%9D%B1%E6%9C%AD%E5%B9%8C3%E6%9D%A12-1%20%E3%82%A4%E3%82%AA%E3%83%B3%E6%9D%B1%E6%9C%AD%E5%B9%8C%E5%BA%972%E9%9A%8E,2026-10-08,https://dcd.aikatsu.com/encore/pdf/shoplist.pdf,官方列出的設置店；未逐店確認現場稼動、台數與卡片庫存。地址定位尚未逐點核對。
イオン北見店,日本 北海道北見市北進町１－１－１,北海道,北海道,0157-66-3100,https://www.google.com/maps/search/?api=1&query=%E3%82%A4%E3%82%AA%E3%83%B3%E5%8C%97%E8%A6%8B%E5%BA%97%20%E5%8C%97%E6%B5%B7%E9%81%93%E5%8C%97%E8%A6%8B%E5%B8%82%E5%8C%97%E9%80%B2%E7%94%BA%EF%BC%91%EF%BC%8D%EF%BC%91%EF%BC%8D%EF%BC%91,2026-10-08,https://dcd.aikatsu.com/encore/pdf/shoplist.pdf,官方列出的設置店；未逐店確認現場稼動、台數與卡片庫存。地址定位尚未逐點核對。
イオン千歳店,日本 北海道千歳市栄町６－５１,北海道,北海道,0123-24-3100,https://www.google.com/maps/search/?api=1&query=%E3%82%A4%E3%82%AA%E3%83%B3%E5%8D%83%E6%AD%B3%E5%BA%97%20%E5%8C%97%E6%B5%B7%E9%81%93%E5%8D%83%E6%AD%B3%E5%B8%82%E6%A0%84%E7%94%BA%EF%BC%96%EF%BC%8D%EF%BC%95%EF%BC%91,2026-10-08,https://dcd.aikatsu.com/encore/pdf/shoplist.pdf,官方列出的設置店；未逐店確認現場稼動、台數與卡片庫存。地址定位尚未逐點核對。
ＭＥＧＡドン･キホーテ旭川,日本 北海道旭川市春光１条８－１－６５,北海道,北海道,0166-53-3810,https://www.google.com/maps/search/?api=1&query=%EF%BC%AD%EF%BC%A5%EF%BC%A7%EF%BC%A1%E3%83%89%E3%83%B3%EF%BD%A5%E3%82%AD%E3%83%9B%E3%83%BC%E3%83%86%E6%97%AD%E5%B7%9D%20%E5%8C%97%E6%B5%B7%E9%81%93%E6%97%AD%E5%B7%9D%E5%B8%82%E6%98%A5%E5%85%89%EF%BC%91%E6%9D%A1%EF%BC%98%EF%BC%8D%EF%BC%91%EF%BC%8D%EF%BC%96%EF%BC%95,2026-10-08,https://dcd.aikatsu.com/encore/pdf/shoplist.pdf,官方列出的設置店；未逐店確認現場稼動、台數與卡片庫存。地址定位尚未逐點核對。
ヨドバシカメラ マルチメディア札幌,日本 北海道札幌市北区北６条西５－１－１２,北海道,北海道,011-707-1010,https://www.google.com/maps/search/?api=1&query=%E3%83%A8%E3%83%89%E3%83%90%E3%82%B7%E3%82%AB%E3%83%A1%E3%83%A9%20%E3%83%9E%E3%83%AB%E3%83%81%E3%83%A1%E3%83%87%E3%82%A3%E3%82%A2%E6%9C%AD%E5%B9%8C%20%E5%8C%97%E6%B5%B7%E9%81%93%E6%9C%AD%E5%B9%8C%E5%B8%82%E5%8C%97%E5%8C%BA%E5%8C%97%EF%BC%96%E6%9D%A1%E8%A5%BF%EF%BC%95%EF%BC%8D%EF%BC%91%EF%BC%8D%EF%BC%91%EF%BC%92,2026-10-08,https://dcd.aikatsu.com/encore/pdf/shoplist.pdf,官方列出的設置店；未逐店確認現場稼動、台數與卡片庫存。地址定位尚未逐點核對。
ＭＥＧＡドン・キホーテ函館,日本 北海道函館市美原１－７－１,北海道,北海道,0138-45-3810,https://www.google.com/maps/search/?api=1&query=%EF%BC%AD%EF%BC%A5%EF%BC%A7%EF%BC%A1%E3%83%89%E3%83%B3%E3%83%BB%E3%82%AD%E3%83%9B%E3%83%BC%E3%83%86%E5%87%BD%E9%A4%A8%20%E5%8C%97%E6%B5%B7%E9%81%93%E5%87%BD%E9%A4%A8%E5%B8%82%E7%BE%8E%E5%8E%9F%EF%BC%91%EF%BC%8D%EF%BC%97%EF%BC%8D%EF%BC%91,2026-10-08,https://dcd.aikatsu.com/encore/pdf/shoplist.pdf,官方列出的設置店；未逐店確認現場稼動、台數與卡片庫存。地址定位尚未逐點核對。
イオン岩見沢店,日本 北海道岩見沢市大和４条８－１,北海道,北海道,0126-33-6100,https://www.google.com/maps/search/?api=1&query=%E3%82%A4%E3%82%AA%E3%83%B3%E5%B2%A9%E8%A6%8B%E6%B2%A2%E5%BA%97%20%E5%8C%97%E6%B5%B7%E9%81%93%E5%B2%A9%E8%A6%8B%E6%B2%A2%E5%B8%82%E5%A4%A7%E5%92%8C%EF%BC%94%E6%9D%A1%EF%BC%98%EF%BC%8D%EF%BC%91,2026-10-08,https://dcd.aikatsu.com/encore/pdf/shoplist.pdf,官方列出的設置店；未逐店確認現場稼動、台數與卡片庫存。地址定位尚未逐點核對。
ＭＥＧＡドン･キホーテ西帯広,日本 北海道帯広市西２１条南４－１,北海道,北海道,0155-41-3810,https://www.google.com/maps/search/?api=1&query=%EF%BC%AD%EF%BC%A5%EF%BC%A7%EF%BC%A1%E3%83%89%E3%83%B3%EF%BD%A5%E3%82%AD%E3%83%9B%E3%83%BC%E3%83%86%E8%A5%BF%E5%B8%AF%E5%BA%83%20%E5%8C%97%E6%B5%B7%E9%81%93%E5%B8%AF%E5%BA%83%E5%B8%82%E8%A5%BF%EF%BC%92%EF%BC%91%E6%9D%A1%E5%8D%97%EF%BC%94%EF%BC%8D%EF%BC%91,2026-10-08,https://dcd.aikatsu.com/encore/pdf/shoplist.pdf,官方列出的設置店；未逐店確認現場稼動、台數與卡片庫存。地址定位尚未逐點核對。
コジマ×ビックカメライオン西岡店,日本 北海道札幌市豊平区西岡３条３－４－１,北海道,北海道,011-857-3000,https://www.google.com/maps/search/?api=1&query=%E3%82%B3%E3%82%B8%E3%83%9E%C3%97%E3%83%93%E3%83%83%E3%82%AF%E3%82%AB%E3%83%A1%E3%83%A9%E3%82%A4%E3%82%AA%E3%83%B3%E8%A5%BF%E5%B2%A1%E5%BA%97%20%E5%8C%97%E6%B5%B7%E9%81%93%E6%9C%AD%E5%B9%8C%E5%B8%82%E8%B1%8A%E5%B9%B3%E5%8C%BA%E8%A5%BF%E5%B2%A1%EF%BC%93%E6%9D%A1%EF%BC%93%EF%BC%8D%EF%BC%94%EF%BC%8D%EF%BC%91,2026-10-08,https://dcd.aikatsu.com/encore/pdf/shoplist.pdf,官方列出的設置店；未逐店確認現場稼動、台數與卡片庫存。地址定位尚未逐點核對。
おもちゃのヨシダ,日本 北海道旭川市本町３－４３７－２３８,北海道,北海道,0166-51-1519,https://www.google.com/maps/search/?api=1&query=%E3%81%8A%E3%82%82%E3%81%A1%E3%82%83%E3%81%AE%E3%83%A8%E3%82%B7%E3%83%80%20%E5%8C%97%E6%B5%B7%E9%81%93%E6%97%AD%E5%B7%9D%E5%B8%82%E6%9C%AC%E7%94%BA%EF%BC%93%EF%BC%8D%EF%BC%94%EF%BC%93%EF%BC%97%EF%BC%8D%EF%BC%92%EF%BC%93%EF%BC%98,2026-10-08,https://dcd.aikatsu.com/encore/pdf/shoplist.pdf,官方列出的設置店；未逐店確認現場稼動、台數與卡片庫存。地址定位尚未逐點核對。
長崎屋室蘭中島,日本 北海道室蘭市中島町１－１９－１１,北海道,北海道,0143-45-3810,https://www.google.com/maps/search/?api=1&query=%E9%95%B7%E5%B4%8E%E5%B1%8B%E5%AE%A4%E8%98%AD%E4%B8%AD%E5%B3%B6%20%E5%8C%97%E6%B5%B7%E9%81%93%E5%AE%A4%E8%98%AD%E5%B8%82%E4%B8%AD%E5%B3%B6%E7%94%BA%EF%BC%91%EF%BC%8D%EF%BC%91%EF%BC%99%EF%BC%8D%EF%BC%91%EF%BC%91,2026-10-08,https://dcd.aikatsu.com/encore/pdf/shoplist.pdf,官方列出的設置店；未逐店確認現場稼動、台數與卡片庫存。地址定位尚未逐點核對。
ＭＥＧＡドン・キホーテ苫小牧,日本 北海道苫小牧市木場町１－６－１,北海道,北海道,0144-36-3810,https://www.google.com/maps/search/?api=1&query=%EF%BC%AD%EF%BC%A5%EF%BC%A7%EF%BC%A1%E3%83%89%E3%83%B3%E3%83%BB%E3%82%AD%E3%83%9B%E3%83%BC%E3%83%86%E8%8B%AB%E5%B0%8F%E7%89%A7%20%E5%8C%97%E6%B5%B7%E9%81%93%E8%8B%AB%E5%B0%8F%E7%89%A7%E5%B8%82%E6%9C%A8%E5%A0%B4%E7%94%BA%EF%BC%91%EF%BC%8D%EF%BC%96%EF%BC%8D%EF%BC%91,2026-10-08,https://dcd.aikatsu.com/encore/pdf/shoplist.pdf,官方列出的設置店；未逐店確認現場稼動、台數與卡片庫存。地址定位尚未逐點核對。
Tecc LIFE SELECT 札幌北33条店,日本 北海道札幌市北区北33条西五丁目1-1,北海道,北海道,011-351-6320,https://www.google.com/maps/search/?api=1&query=Tecc%20LIFE%20SELECT%20%E6%9C%AD%E5%B9%8C%E5%8C%9733%E6%9D%A1%E5%BA%97%20%E5%8C%97%E6%B5%B7%E9%81%93%E6%9C%AD%E5%B9%8C%E5%B8%82%E5%8C%97%E5%8C%BA%E5%8C%9733%E6%9D%A1%E8%A5%BF%E4%BA%94%E4%B8%81%E7%9B%AE1-1,2026-10-08,https://dcd.aikatsu.com/encore/pdf/shoplist.pdf,官方列出的設置店；未逐店確認現場稼動、台數與卡片庫存。地址定位尚未逐點核對。
トイザらス帯広音更,日本 北海道河東郡音更町木野大通西１７－１ スーパーオーケーセンター音更店内,北海道,北海道,0155-30-9190,https://www.google.com/maps/search/?api=1&query=%E3%83%88%E3%82%A4%E3%82%B6%E3%82%89%E3%82%B9%E5%B8%AF%E5%BA%83%E9%9F%B3%E6%9B%B4%20%E5%8C%97%E6%B5%B7%E9%81%93%E6%B2%B3%E6%9D%B1%E9%83%A1%E9%9F%B3%E6%9B%B4%E7%94%BA%E6%9C%A8%E9%87%8E%E5%A4%A7%E9%80%9A%E8%A5%BF%EF%BC%91%EF%BC%97%EF%BC%8D%EF%BC%91%20%E3%82%B9%E3%83%BC%E3%83%91%E3%83%BC%E3%82%AA%E3%83%BC%E3%82%B1%E3%83%BC%E3%82%BB%E3%83%B3%E3%82%BF%E3%83%BC%E9%9F%B3%E6%9B%B4%E5%BA%97%E5%86%85,2026-10-08,https://dcd.aikatsu.com/encore/pdf/shoplist.pdf,官方列出的設置店；未逐店確認現場稼動、台數與卡片庫存。地址定位尚未逐點核對。
GiGOドリームタウン白樺,日本 北海道帯広市白樺16条西2丁目 ﾄﾞﾘｰﾑﾀｳﾝ白樺内,北海道,北海道,080-7422-4566,https://www.google.com/maps/search/?api=1&query=GiGO%E3%83%89%E3%83%AA%E3%83%BC%E3%83%A0%E3%82%BF%E3%82%A6%E3%83%B3%E7%99%BD%E6%A8%BA%20%E5%8C%97%E6%B5%B7%E9%81%93%E5%B8%AF%E5%BA%83%E5%B8%82%E7%99%BD%E6%A8%BA16%E6%9D%A1%E8%A5%BF2%E4%B8%81%E7%9B%AE%20%EF%BE%84%EF%BE%9E%EF%BE%98%EF%BD%B0%EF%BE%91%EF%BE%80%EF%BD%B3%EF%BE%9D%E7%99%BD%E6%A8%BA%E5%86%85,2026-10-08,https://dcd.aikatsu.com/encore/pdf/shoplist.pdf,官方列出的設置店；未逐店確認現場稼動、台數與卡片庫存。地址定位尚未逐點核對。
GiGOイオンモール苫小牧,日本 北海道苫小牧市柳町3丁目1番20号イオンモール苫小牧内,北海道,北海道,080-7032-8310,https://www.google.com/maps/search/?api=1&query=GiGO%E3%82%A4%E3%82%AA%E3%83%B3%E3%83%A2%E3%83%BC%E3%83%AB%E8%8B%AB%E5%B0%8F%E7%89%A7%20%E5%8C%97%E6%B5%B7%E9%81%93%E8%8B%AB%E5%B0%8F%E7%89%A7%E5%B8%82%E6%9F%B3%E7%94%BA3%E4%B8%81%E7%9B%AE1%E7%95%AA20%E5%8F%B7%E3%82%A4%E3%82%AA%E3%83%B3%E3%83%A2%E3%83%BC%E3%83%AB%E8%8B%AB%E5%B0%8F%E7%89%A7%E5%86%85,2026-10-08,https://dcd.aikatsu.com/encore/pdf/shoplist.pdf,官方列出的設置店；未逐店確認現場稼動、台數與卡片庫存。地址定位尚未逐點核對。
GiGOすすきの,日本 北海道札幌市中央区南三条西4－11,北海道,北海道,080-4856-7703,https://www.google.com/maps/search/?api=1&query=GiGO%E3%81%99%E3%81%99%E3%81%8D%E3%81%AE%20%E5%8C%97%E6%B5%B7%E9%81%93%E6%9C%AD%E5%B9%8C%E5%B8%82%E4%B8%AD%E5%A4%AE%E5%8C%BA%E5%8D%97%E4%B8%89%E6%9D%A1%E8%A5%BF4%EF%BC%8D11,2026-10-08,https://dcd.aikatsu.com/encore/pdf/shoplist.pdf,官方列出的設置店；未逐店確認現場稼動、台數與卡片庫存。地址定位尚未逐點核對。
ソユーゲームフィールド旭川西店,日本 北海道旭川市緑町23-2161-3イオン旭川西3階,北海道,北海道,0166-59-7131,https://www.google.com/maps/search/?api=1&query=%E3%82%BD%E3%83%A6%E3%83%BC%E3%82%B2%E3%83%BC%E3%83%A0%E3%83%95%E3%82%A3%E3%83%BC%E3%83%AB%E3%83%89%E6%97%AD%E5%B7%9D%E8%A5%BF%E5%BA%97%20%E5%8C%97%E6%B5%B7%E9%81%93%E6%97%AD%E5%B7%9D%E5%B8%82%E7%B7%91%E7%94%BA23-2161-3%E3%82%A4%E3%82%AA%E3%83%B3%E6%97%AD%E5%B7%9D%E8%A5%BF3%E9%9A%8E,2026-10-08,https://dcd.aikatsu.com/encore/pdf/shoplist.pdf,官方列出的設置店；未逐店確認現場稼動、台數與卡片庫存。地址定位尚未逐點核對。
ソユーゲームフィールド苗穂店,日本 北海道札幌市東区東苗穂二条3-1-1イオンモール札幌苗穂2F,北海道,北海道,011-784-8878,https://www.google.com/maps/search/?api=1&query=%E3%82%BD%E3%83%A6%E3%83%BC%E3%82%B2%E3%83%BC%E3%83%A0%E3%83%95%E3%82%A3%E3%83%BC%E3%83%AB%E3%83%89%E8%8B%97%E7%A9%82%E5%BA%97%20%E5%8C%97%E6%B5%B7%E9%81%93%E6%9C%AD%E5%B9%8C%E5%B8%82%E6%9D%B1%E5%8C%BA%E6%9D%B1%E8%8B%97%E7%A9%82%E4%BA%8C%E6%9D%A13-1-1%E3%82%A4%E3%82%AA%E3%83%B3%E3%83%A2%E3%83%BC%E3%83%AB%E6%9C%AD%E5%B9%8C%E8%8B%97%E7%A9%822F,2026-10-08,https://dcd.aikatsu.com/encore/pdf/shoplist.pdf,官方列出的設置店；未逐店確認現場稼動、台數與卡片庫存。地址定位尚未逐點核對。
タイトーステーションイオン釧路昭和店,日本 北海道釧路市昭和中央４－１８－１イオン釧路昭和２Ｆ,北海道,北海道,0154-55-4623,https://www.google.com/maps/search/?api=1&query=%E3%82%BF%E3%82%A4%E3%83%88%E3%83%BC%E3%82%B9%E3%83%86%E3%83%BC%E3%82%B7%E3%83%A7%E3%83%B3%E3%82%A4%E3%82%AA%E3%83%B3%E9%87%A7%E8%B7%AF%E6%98%AD%E5%92%8C%E5%BA%97%20%E5%8C%97%E6%B5%B7%E9%81%93%E9%87%A7%E8%B7%AF%E5%B8%82%E6%98%AD%E5%92%8C%E4%B8%AD%E5%A4%AE%EF%BC%94%EF%BC%8D%EF%BC%91%EF%BC%98%EF%BC%8D%EF%BC%91%E3%82%A4%E3%82%AA%E3%83%B3%E9%87%A7%E8%B7%AF%E6%98%AD%E5%92%8C%EF%BC%92%EF%BC%A6,2026-10-08,https://dcd.aikatsu.com/encore/pdf/shoplist.pdf,官方列出的設置店；未逐店確認現場稼動、台數與卡片庫存。地址定位尚未逐點核對。
タイトーステーションイオン札幌平岡店,日本 北海道札幌市清田区平岡三条5-3-1イオンモール札幌平岡店2F,北海道,北海道,011-889-5242,https://www.google.com/maps/search/?api=1&query=%E3%82%BF%E3%82%A4%E3%83%88%E3%83%BC%E3%82%B9%E3%83%86%E3%83%BC%E3%82%B7%E3%83%A7%E3%83%B3%E3%82%A4%E3%82%AA%E3%83%B3%E6%9C%AD%E5%B9%8C%E5%B9%B3%E5%B2%A1%E5%BA%97%20%E5%8C%97%E6%B5%B7%E9%81%93%E6%9C%AD%E5%B9%8C%E5%B8%82%E6%B8%85%E7%94%B0%E5%8C%BA%E5%B9%B3%E5%B2%A1%E4%B8%89%E6%9D%A15-3-1%E3%82%A4%E3%82%AA%E3%83%B3%E3%83%A2%E3%83%BC%E3%83%AB%E6%9C%AD%E5%B9%8C%E5%B9%B3%E5%B2%A1%E5%BA%972F,2026-10-08,https://dcd.aikatsu.com/encore/pdf/shoplist.pdf,官方列出的設置店；未逐店確認現場稼動、台數與卡片庫存。地址定位尚未逐點核對。
タイトーステーション札幌狸小路2丁目店,日本 北海道札幌市中央区南三条西2-14,北海道,北海道,011-213-1115,https://www.google.com/maps/search/?api=1&query=%E3%82%BF%E3%82%A4%E3%83%88%E3%83%BC%E3%82%B9%E3%83%86%E3%83%BC%E3%82%B7%E3%83%A7%E3%83%B3%E6%9C%AD%E5%B9%8C%E7%8B%B8%E5%B0%8F%E8%B7%AF2%E4%B8%81%E7%9B%AE%E5%BA%97%20%E5%8C%97%E6%B5%B7%E9%81%93%E6%9C%AD%E5%B9%8C%E5%B8%82%E4%B8%AD%E5%A4%AE%E5%8C%BA%E5%8D%97%E4%B8%89%E6%9D%A1%E8%A5%BF2-14,2026-10-08,https://dcd.aikatsu.com/encore/pdf/shoplist.pdf,官方列出的設置店；未逐店確認現場稼動、台數與卡片庫存。地址定位尚未逐點核對。
タイトーステーション札幌狸小路4丁目店,日本 北海道札幌市中央区南二条西4丁目2-11,北海道,北海道,011-522-9045,https://www.google.com/maps/search/?api=1&query=%E3%82%BF%E3%82%A4%E3%83%88%E3%83%BC%E3%82%B9%E3%83%86%E3%83%BC%E3%82%B7%E3%83%A7%E3%83%B3%E6%9C%AD%E5%B9%8C%E7%8B%B8%E5%B0%8F%E8%B7%AF4%E4%B8%81%E7%9B%AE%E5%BA%97%20%E5%8C%97%E6%B5%B7%E9%81%93%E6%9C%AD%E5%B9%8C%E5%B8%82%E4%B8%AD%E5%A4%AE%E5%8C%BA%E5%8D%97%E4%BA%8C%E6%9D%A1%E8%A5%BF4%E4%B8%81%E7%9B%AE2-11,2026-10-08,https://dcd.aikatsu.com/encore/pdf/shoplist.pdf,官方列出的設置店；未逐店確認現場稼動、台數與卡片庫存。地址定位尚未逐點核對。
ｎａｍｃｏラソラ札幌店,日本 北海道札幌市白石区東札幌３条１丁目１－１ラソラ札幌店 Ａタウン２Ｆ,北海道,北海道,011-807-4250,https://www.google.com/maps/search/?api=1&query=%EF%BD%8E%EF%BD%81%EF%BD%8D%EF%BD%83%EF%BD%8F%E3%83%A9%E3%82%BD%E3%83%A9%E6%9C%AD%E5%B9%8C%E5%BA%97%20%E5%8C%97%E6%B5%B7%E9%81%93%E6%9C%AD%E5%B9%8C%E5%B8%82%E7%99%BD%E7%9F%B3%E5%8C%BA%E6%9D%B1%E6%9C%AD%E5%B9%8C%EF%BC%93%E6%9D%A1%EF%BC%91%E4%B8%81%E7%9B%AE%EF%BC%91%EF%BC%8D%EF%BC%91%E3%83%A9%E3%82%BD%E3%83%A9%E6%9C%AD%E5%B9%8C%E5%BA%97%20%EF%BC%A1%E3%82%BF%E3%82%A6%E3%83%B3%EF%BC%92%EF%BC%A6,2026-10-08,https://dcd.aikatsu.com/encore/pdf/shoplist.pdf,官方列出的設置店；未逐店確認現場稼動、台數與卡片庫存。地址定位尚未逐點核對。
ｎａｍｃｏウイングベイ小樽店,日本 北海道小樽市築港１１番５号 ウイングベイ小樽５番街３階,北海道,北海道,0134-27-8200,https://www.google.com/maps/search/?api=1&query=%EF%BD%8E%EF%BD%81%EF%BD%8D%EF%BD%83%EF%BD%8F%E3%82%A6%E3%82%A4%E3%83%B3%E3%82%B0%E3%83%99%E3%82%A4%E5%B0%8F%E6%A8%BD%E5%BA%97%20%E5%8C%97%E6%B5%B7%E9%81%93%E5%B0%8F%E6%A8%BD%E5%B8%82%E7%AF%89%E6%B8%AF%EF%BC%91%EF%BC%91%E7%95%AA%EF%BC%95%E5%8F%B7%20%E3%82%A6%E3%82%A4%E3%83%B3%E3%82%B0%E3%83%99%E3%82%A4%E5%B0%8F%E6%A8%BD%EF%BC%95%E7%95%AA%E8%A1%97%EF%BC%93%E9%9A%8E,2026-10-08,https://dcd.aikatsu.com/encore/pdf/shoplist.pdf,官方列出的設置店；未逐店確認現場稼動、台數與卡片庫存。地址定位尚未逐點核對。
東急百貨店さっぽろアミューズパーク,日本 北海道札幌市中央区北４条西２－１ ９階,北海道,北海道,0570-087632,https://www.google.com/maps/search/?api=1&query=%E6%9D%B1%E6%80%A5%E7%99%BE%E8%B2%A8%E5%BA%97%E3%81%95%E3%81%A3%E3%81%BD%E3%82%8D%E3%82%A2%E3%83%9F%E3%83%A5%E3%83%BC%E3%82%BA%E3%83%91%E3%83%BC%E3%82%AF%20%E5%8C%97%E6%B5%B7%E9%81%93%E6%9C%AD%E5%B9%8C%E5%B8%82%E4%B8%AD%E5%A4%AE%E5%8C%BA%E5%8C%97%EF%BC%94%E6%9D%A1%E8%A5%BF%EF%BC%92%EF%BC%8D%EF%BC%91%20%EF%BC%99%E9%9A%8E,2026-10-08,https://dcd.aikatsu.com/encore/pdf/shoplist.pdf,官方列出的設置店；未逐店確認現場稼動、台數與卡片庫存。地址定位尚未逐點核對。
ｎａｍｃｏアリオ札幌店,日本 北海道札幌市東区北七条東９丁目２番２０ アリオ札幌２Ｆ,北海道,北海道,011-594-8071,https://www.google.com/maps/search/?api=1&query=%EF%BD%8E%EF%BD%81%EF%BD%8D%EF%BD%83%EF%BD%8F%E3%82%A2%E3%83%AA%E3%82%AA%E6%9C%AD%E5%B9%8C%E5%BA%97%20%E5%8C%97%E6%B5%B7%E9%81%93%E6%9C%AD%E5%B9%8C%E5%B8%82%E6%9D%B1%E5%8C%BA%E5%8C%97%E4%B8%83%E6%9D%A1%E6%9D%B1%EF%BC%99%E4%B8%81%E7%9B%AE%EF%BC%92%E7%95%AA%EF%BC%92%EF%BC%90%20%E3%82%A2%E3%83%AA%E3%82%AA%E6%9C%AD%E5%B9%8C%EF%BC%92%EF%BC%A6,2026-10-08,https://dcd.aikatsu.com/encore/pdf/shoplist.pdf,官方列出的設置店；未逐店確認現場稼動、台數與卡片庫存。地址定位尚未逐點核對。
ｎａｍｃｏサッポロファクトリー店,日本 北海道札幌市中央区北１条東４丁目１番地１ サッポロファクトリー１条館２Ｆ,北海道,北海道,011-207-4410,https://www.google.com/maps/search/?api=1&query=%EF%BD%8E%EF%BD%81%EF%BD%8D%EF%BD%83%EF%BD%8F%E3%82%B5%E3%83%83%E3%83%9D%E3%83%AD%E3%83%95%E3%82%A1%E3%82%AF%E3%83%88%E3%83%AA%E3%83%BC%E5%BA%97%20%E5%8C%97%E6%B5%B7%E9%81%93%E6%9C%AD%E5%B9%8C%E5%B8%82%E4%B8%AD%E5%A4%AE%E5%8C%BA%E5%8C%97%EF%BC%91%E6%9D%A1%E6%9D%B1%EF%BC%94%E4%B8%81%E7%9B%AE%EF%BC%91%E7%95%AA%E5%9C%B0%EF%BC%91%20%E3%82%B5%E3%83%83%E3%83%9D%E3%83%AD%E3%83%95%E3%82%A1%E3%82%AF%E3%83%88%E3%83%AA%E3%83%BC%EF%BC%91%E6%9D%A1%E9%A4%A8%EF%BC%92%EF%BC%A6,2026-10-08,https://dcd.aikatsu.com/encore/pdf/shoplist.pdf,官方列出的設置店；未逐店確認現場稼動、台數與卡片庫存。地址定位尚未逐點核對。
遊ランド春光店,日本 北海道旭川市春光1条7丁目,北海道,北海道,0166-55-3355,https://www.google.com/maps/search/?api=1&query=%E9%81%8A%E3%83%A9%E3%83%B3%E3%83%89%E6%98%A5%E5%85%89%E5%BA%97%20%E5%8C%97%E6%B5%B7%E9%81%93%E6%97%AD%E5%B7%9D%E5%B8%82%E6%98%A5%E5%85%891%E6%9D%A17%E4%B8%81%E7%9B%AE,2026-10-08,https://dcd.aikatsu.com/encore/pdf/shoplist.pdf,官方列出的設置店；未逐店確認現場稼動、台數與卡片庫存。地址定位尚未逐點核對。
遊ランド富良野店,日本 北海道富良野市弥生町5-50,北海道,北海道,0167-39-0123,https://www.google.com/maps/search/?api=1&query=%E9%81%8A%E3%83%A9%E3%83%B3%E3%83%89%E5%AF%8C%E8%89%AF%E9%87%8E%E5%BA%97%20%E5%8C%97%E6%B5%B7%E9%81%93%E5%AF%8C%E8%89%AF%E9%87%8E%E5%B8%82%E5%BC%A5%E7%94%9F%E7%94%BA5-50,2026-10-08,https://dcd.aikatsu.com/encore/pdf/shoplist.pdf,官方列出的設置店；未逐店確認現場稼動、台數與卡片庫存。地址定位尚未逐點核對。
遊ランド西御料店,日本 北海道旭川市西御料５条２丁目６４－１９遊ランド西御料,北海道,北海道,0166-60-5050,https://www.google.com/maps/search/?api=1&query=%E9%81%8A%E3%83%A9%E3%83%B3%E3%83%89%E8%A5%BF%E5%BE%A1%E6%96%99%E5%BA%97%20%E5%8C%97%E6%B5%B7%E9%81%93%E6%97%AD%E5%B7%9D%E5%B8%82%E8%A5%BF%E5%BE%A1%E6%96%99%EF%BC%95%E6%9D%A1%EF%BC%92%E4%B8%81%E7%9B%AE%EF%BC%96%EF%BC%94%EF%BC%8D%EF%BC%91%EF%BC%99%E9%81%8A%E3%83%A9%E3%83%B3%E3%83%89%E8%A5%BF%E5%BE%A1%E6%96%99,2026-10-08,https://dcd.aikatsu.com/encore/pdf/shoplist.pdf,官方列出的設置店；未逐店確認現場稼動、台數與卡片庫存。地址定位尚未逐點核對。
遊ランド稚内店,日本 北海道稚内市港5丁目8-15,北海道,北海道,0162-22-2233,https://www.google.com/maps/search/?api=1&query=%E9%81%8A%E3%83%A9%E3%83%B3%E3%83%89%E7%A8%9A%E5%86%85%E5%BA%97%20%E5%8C%97%E6%B5%B7%E9%81%93%E7%A8%9A%E5%86%85%E5%B8%82%E6%B8%AF5%E4%B8%81%E7%9B%AE8-15,2026-10-08,https://dcd.aikatsu.com/encore/pdf/shoplist.pdf,官方列出的設置店；未逐店確認現場稼動、台數與卡片庫存。地址定位尚未逐點核對。
ファンタジープラザ旭川店,日本 北海道旭川市春光1条8-1-65 MEGAドン･キホーテ旭川店2階,北海道,北海道,0166-53-3104,https://www.google.com/maps/search/?api=1&query=%E3%83%95%E3%82%A1%E3%83%B3%E3%82%BF%E3%82%B8%E3%83%BC%E3%83%97%E3%83%A9%E3%82%B6%E6%97%AD%E5%B7%9D%E5%BA%97%20%E5%8C%97%E6%B5%B7%E9%81%93%E6%97%AD%E5%B7%9D%E5%B8%82%E6%98%A5%E5%85%891%E6%9D%A18-1-65%20MEGA%E3%83%89%E3%83%B3%EF%BD%A5%E3%82%AD%E3%83%9B%E3%83%BC%E3%83%86%E6%97%AD%E5%B7%9D%E5%BA%972%E9%9A%8E,2026-10-08,https://dcd.aikatsu.com/encore/pdf/shoplist.pdf,官方列出的設置店；未逐店確認現場稼動、台數與卡片庫存。地址定位尚未逐點核對。
キャッツアイ篠路店,日本 北海道札幌市北区篠路一条4丁目6-30キャッツアイ篠路,北海道,北海道,011-776-1500,https://www.google.com/maps/search/?api=1&query=%E3%82%AD%E3%83%A3%E3%83%83%E3%83%84%E3%82%A2%E3%82%A4%E7%AF%A0%E8%B7%AF%E5%BA%97%20%E5%8C%97%E6%B5%B7%E9%81%93%E6%9C%AD%E5%B9%8C%E5%B8%82%E5%8C%97%E5%8C%BA%E7%AF%A0%E8%B7%AF%E4%B8%80%E6%9D%A14%E4%B8%81%E7%9B%AE6-30%E3%82%AD%E3%83%A3%E3%83%83%E3%83%84%E3%82%A2%E3%82%A4%E7%AF%A0%E8%B7%AF,2026-10-08,https://dcd.aikatsu.com/encore/pdf/shoplist.pdf,官方列出的設置店；未逐店確認現場稼動、台數與卡片庫存。地址定位尚未逐點核對。
キャッツアイ新札幌店,日本 北海道札幌市厚別区厚別東5条1丁目1-10キャッツアイ新札幌,北海道,北海道,011-899-1500,https://www.google.com/maps/search/?api=1&query=%E3%82%AD%E3%83%A3%E3%83%83%E3%83%84%E3%82%A2%E3%82%A4%E6%96%B0%E6%9C%AD%E5%B9%8C%E5%BA%97%20%E5%8C%97%E6%B5%B7%E9%81%93%E6%9C%AD%E5%B9%8C%E5%B8%82%E5%8E%9A%E5%88%A5%E5%8C%BA%E5%8E%9A%E5%88%A5%E6%9D%B15%E6%9D%A11%E4%B8%81%E7%9B%AE1-10%E3%82%AD%E3%83%A3%E3%83%83%E3%83%84%E3%82%A2%E3%82%A4%E6%96%B0%E6%9C%AD%E5%B9%8C,2026-10-08,https://dcd.aikatsu.com/encore/pdf/shoplist.pdf,官方列出的設置店；未逐店確認現場稼動、台數與卡片庫存。地址定位尚未逐點核對。
キャッツアイ清田店,日本 北海道札幌市清田区清田一条一丁目２０－１キャッツアイ清田,北海道,北海道,011-884-2828,https://www.google.com/maps/search/?api=1&query=%E3%82%AD%E3%83%A3%E3%83%83%E3%83%84%E3%82%A2%E3%82%A4%E6%B8%85%E7%94%B0%E5%BA%97%20%E5%8C%97%E6%B5%B7%E9%81%93%E6%9C%AD%E5%B9%8C%E5%B8%82%E6%B8%85%E7%94%B0%E5%8C%BA%E6%B8%85%E7%94%B0%E4%B8%80%E6%9D%A1%E4%B8%80%E4%B8%81%E7%9B%AE%EF%BC%92%EF%BC%90%EF%BC%8D%EF%BC%91%E3%82%AD%E3%83%A3%E3%83%83%E3%83%84%E3%82%A2%E3%82%A4%E6%B8%85%E7%94%B0,2026-10-08,https://dcd.aikatsu.com/encore/pdf/shoplist.pdf,官方列出的設置店；未逐店確認現場稼動、台數與卡片庫存。地址定位尚未逐點核對。
キャッツアイ静内,日本 北海道日高郡新ひだか町静内木場町2-1-41,北海道,北海道,0146-43-0888,https://www.google.com/maps/search/?api=1&query=%E3%82%AD%E3%83%A3%E3%83%83%E3%83%84%E3%82%A2%E3%82%A4%E9%9D%99%E5%86%85%20%E5%8C%97%E6%B5%B7%E9%81%93%E6%97%A5%E9%AB%98%E9%83%A1%E6%96%B0%E3%81%B2%E3%81%A0%E3%81%8B%E7%94%BA%E9%9D%99%E5%86%85%E6%9C%A8%E5%A0%B4%E7%94%BA2-1-41,2026-10-08,https://dcd.aikatsu.com/encore/pdf/shoplist.pdf,官方列出的設置店；未逐店確認現場稼動、台數與卡片庫存。地址定位尚未逐點核對。
キャッツアイ新川店,日本 北海道札幌市北区新川２条7丁目1-7,北海道,北海道,011-766-2828,https://www.google.com/maps/search/?api=1&query=%E3%82%AD%E3%83%A3%E3%83%83%E3%83%84%E3%82%A2%E3%82%A4%E6%96%B0%E5%B7%9D%E5%BA%97%20%E5%8C%97%E6%B5%B7%E9%81%93%E6%9C%AD%E5%B9%8C%E5%B8%82%E5%8C%97%E5%8C%BA%E6%96%B0%E5%B7%9D%EF%BC%92%E6%9D%A17%E4%B8%81%E7%9B%AE1-7,2026-10-08,https://dcd.aikatsu.com/encore/pdf/shoplist.pdf,官方列出的設置店；未逐店確認現場稼動、台數與卡片庫存。地址定位尚未逐點核對。
モーリーファンタジー藤崎店,日本 青森県南津軽郡藤崎町大字西豊田1-7-1 イオン藤崎店2階,青森県,東北,070-3100-4931,https://www.google.com/maps/search/?api=1&query=%E3%83%A2%E3%83%BC%E3%83%AA%E3%83%BC%E3%83%95%E3%82%A1%E3%83%B3%E3%82%BF%E3%82%B8%E3%83%BC%E8%97%A4%E5%B4%8E%E5%BA%97%20%E9%9D%92%E6%A3%AE%E7%9C%8C%E5%8D%97%E6%B4%A5%E8%BB%BD%E9%83%A1%E8%97%A4%E5%B4%8E%E7%94%BA%E5%A4%A7%E5%AD%97%E8%A5%BF%E8%B1%8A%E7%94%B01-7-1%20%E3%82%A4%E3%82%AA%E3%83%B3%E8%97%A4%E5%B4%8E%E5%BA%972%E9%9A%8E,2026-10-08,https://dcd.aikatsu.com/encore/pdf/shoplist.pdf,官方列出的設置店；未逐店確認現場稼動、台數與卡片庫存。地址定位尚未逐點核對。
モーリーファンタジーつがる柏店,日本 青森県つがる市柏稲盛幾世41-1 イオン柏店1階,青森県,東北,070-3100-4049,https://www.google.com/maps/search/?api=1&query=%E3%83%A2%E3%83%BC%E3%83%AA%E3%83%BC%E3%83%95%E3%82%A1%E3%83%B3%E3%82%BF%E3%82%B8%E3%83%BC%E3%81%A4%E3%81%8C%E3%82%8B%E6%9F%8F%E5%BA%97%20%E9%9D%92%E6%A3%AE%E7%9C%8C%E3%81%A4%E3%81%8C%E3%82%8B%E5%B8%82%E6%9F%8F%E7%A8%B2%E7%9B%9B%E5%B9%BE%E4%B8%9641-1%20%E3%82%A4%E3%82%AA%E3%83%B3%E6%9F%8F%E5%BA%971%E9%9A%8E,2026-10-08,https://dcd.aikatsu.com/encore/pdf/shoplist.pdf,官方列出的設置店；未逐店確認現場稼動、台數與卡片庫存。地址定位尚未逐點核對。
モーリーファンタジー下田店,日本 青森県上北郡おいらせ町中野平40-1 イオン下田店2階,青森県,東北,070-3100-4970,https://www.google.com/maps/search/?api=1&query=%E3%83%A2%E3%83%BC%E3%83%AA%E3%83%BC%E3%83%95%E3%82%A1%E3%83%B3%E3%82%BF%E3%82%B8%E3%83%BC%E4%B8%8B%E7%94%B0%E5%BA%97%20%E9%9D%92%E6%A3%AE%E7%9C%8C%E4%B8%8A%E5%8C%97%E9%83%A1%E3%81%8A%E3%81%84%E3%82%89%E3%81%9B%E7%94%BA%E4%B8%AD%E9%87%8E%E5%B9%B340-1%20%E3%82%A4%E3%82%AA%E3%83%B3%E4%B8%8B%E7%94%B0%E5%BA%972%E9%9A%8E,2026-10-08,https://dcd.aikatsu.com/encore/pdf/shoplist.pdf,官方列出的設置店；未逐店確認現場稼動、台數與卡片庫存。地址定位尚未逐點核對。
モーリーファンタジー八戸田向店,日本 青森県八戸市田向3-5-1 イオン八戸田向店1階,青森県,東北,070-3100-4279,https://www.google.com/maps/search/?api=1&query=%E3%83%A2%E3%83%BC%E3%83%AA%E3%83%BC%E3%83%95%E3%82%A1%E3%83%B3%E3%82%BF%E3%82%B8%E3%83%BC%E5%85%AB%E6%88%B8%E7%94%B0%E5%90%91%E5%BA%97%20%E9%9D%92%E6%A3%AE%E7%9C%8C%E5%85%AB%E6%88%B8%E5%B8%82%E7%94%B0%E5%90%913-5-1%20%E3%82%A4%E3%82%AA%E3%83%B3%E5%85%AB%E6%88%B8%E7%94%B0%E5%90%91%E5%BA%971%E9%9A%8E,2026-10-08,https://dcd.aikatsu.com/encore/pdf/shoplist.pdf,官方列出的設置店；未逐店確認現場稼動、台數與卡片庫存。地址定位尚未逐點核對。
モーリーファンタジー十和田店,日本 青森県十和田市大字相坂字六日町山166番1 イオンスーパーセンター十和田店1階,青森県,東北,070-3100-7351,https://www.google.com/maps/search/?api=1&query=%E3%83%A2%E3%83%BC%E3%83%AA%E3%83%BC%E3%83%95%E3%82%A1%E3%83%B3%E3%82%BF%E3%82%B8%E3%83%BC%E5%8D%81%E5%92%8C%E7%94%B0%E5%BA%97%20%E9%9D%92%E6%A3%AE%E7%9C%8C%E5%8D%81%E5%92%8C%E7%94%B0%E5%B8%82%E5%A4%A7%E5%AD%97%E7%9B%B8%E5%9D%82%E5%AD%97%E5%85%AD%E6%97%A5%E7%94%BA%E5%B1%B1166%E7%95%AA1%20%E3%82%A4%E3%82%AA%E3%83%B3%E3%82%B9%E3%83%BC%E3%83%91%E3%83%BC%E3%82%BB%E3%83%B3%E3%82%BF%E3%83%BC%E5%8D%81%E5%92%8C%E7%94%B0%E5%BA%971%E9%9A%8E,2026-10-08,https://dcd.aikatsu.com/encore/pdf/shoplist.pdf,官方列出的設置店；未逐店確認現場稼動、台數與卡片庫存。地址定位尚未逐點核對。
モーリーファンタジー平賀店,日本 青森県平川市小和森上松岡193-1 イオンタウン平賀１階,青森県,東北,070-3100-4516,https://www.google.com/maps/search/?api=1&query=%E3%83%A2%E3%83%BC%E3%83%AA%E3%83%BC%E3%83%95%E3%82%A1%E3%83%B3%E3%82%BF%E3%82%B8%E3%83%BC%E5%B9%B3%E8%B3%80%E5%BA%97%20%E9%9D%92%E6%A3%AE%E7%9C%8C%E5%B9%B3%E5%B7%9D%E5%B8%82%E5%B0%8F%E5%92%8C%E6%A3%AE%E4%B8%8A%E6%9D%BE%E5%B2%A1193-1%20%E3%82%A4%E3%82%AA%E3%83%B3%E3%82%BF%E3%82%A6%E3%83%B3%E5%B9%B3%E8%B3%80%EF%BC%91%E9%9A%8E,2026-10-08,https://dcd.aikatsu.com/encore/pdf/shoplist.pdf,官方列出的設置店；未逐店確認現場稼動、台數與卡片庫存。地址定位尚未逐點核對。
モーリーファンタジー三沢店,日本 青森県三沢市松園町3-10-1 ビードルプラザ三沢店1階,青森県,東北,070-3100-4660,https://www.google.com/maps/search/?api=1&query=%E3%83%A2%E3%83%BC%E3%83%AA%E3%83%BC%E3%83%95%E3%82%A1%E3%83%B3%E3%82%BF%E3%82%B8%E3%83%BC%E4%B8%89%E6%B2%A2%E5%BA%97%20%E9%9D%92%E6%A3%AE%E7%9C%8C%E4%B8%89%E6%B2%A2%E5%B8%82%E6%9D%BE%E5%9C%92%E7%94%BA3-10-1%20%E3%83%93%E3%83%BC%E3%83%89%E3%83%AB%E3%83%97%E3%83%A9%E3%82%B6%E4%B8%89%E6%B2%A2%E5%BA%971%E9%9A%8E,2026-10-08,https://dcd.aikatsu.com/encore/pdf/shoplist.pdf,官方列出的設置店；未逐店確認現場稼動、台數與卡片庫存。地址定位尚未逐點核對。
モーリーファンタジー鶴田店,日本 青森県北津軽郡鶴田町大字鶴田字中泉245番地1 鶴田フットリバーモール店1階,青森県,東北,070-3100-5497,https://www.google.com/maps/search/?api=1&query=%E3%83%A2%E3%83%BC%E3%83%AA%E3%83%BC%E3%83%95%E3%82%A1%E3%83%B3%E3%82%BF%E3%82%B8%E3%83%BC%E9%B6%B4%E7%94%B0%E5%BA%97%20%E9%9D%92%E6%A3%AE%E7%9C%8C%E5%8C%97%E6%B4%A5%E8%BB%BD%E9%83%A1%E9%B6%B4%E7%94%B0%E7%94%BA%E5%A4%A7%E5%AD%97%E9%B6%B4%E7%94%B0%E5%AD%97%E4%B8%AD%E6%B3%89245%E7%95%AA%E5%9C%B01%20%E9%B6%B4%E7%94%B0%E3%83%95%E3%83%83%E3%83%88%E3%83%AA%E3%83%90%E3%83%BC%E3%83%A2%E3%83%BC%E3%83%AB%E5%BA%971%E9%9A%8E,2026-10-08,https://dcd.aikatsu.com/encore/pdf/shoplist.pdf,官方列出的設置店；未逐店確認現場稼動、台數與卡片庫存。地址定位尚未逐點核對。
PALO黒石店,日本 青森県黒石市富士見103番地3 アクロスプラザ黒石,青森県,東北,070-3100-4675,https://www.google.com/maps/search/?api=1&query=PALO%E9%BB%92%E7%9F%B3%E5%BA%97%20%E9%9D%92%E6%A3%AE%E7%9C%8C%E9%BB%92%E7%9F%B3%E5%B8%82%E5%AF%8C%E5%A3%AB%E8%A6%8B103%E7%95%AA%E5%9C%B03%20%E3%82%A2%E3%82%AF%E3%83%AD%E3%82%B9%E3%83%97%E3%83%A9%E3%82%B6%E9%BB%92%E7%9F%B3,2026-10-08,https://dcd.aikatsu.com/encore/pdf/shoplist.pdf,官方列出的設置店；未逐店確認現場稼動、台數與卡片庫存。地址定位尚未逐點核對。
PALOむつ店,日本 青森県むつ市中央2丁目7番8号,青森県,東北,070-3100-4671,https://www.google.com/maps/search/?api=1&query=PALO%E3%82%80%E3%81%A4%E5%BA%97%20%E9%9D%92%E6%A3%AE%E7%9C%8C%E3%82%80%E3%81%A4%E5%B8%82%E4%B8%AD%E5%A4%AE2%E4%B8%81%E7%9B%AE7%E7%95%AA8%E5%8F%B7,2026-10-08,https://dcd.aikatsu.com/encore/pdf/shoplist.pdf,官方列出的設置店；未逐店確認現場稼動、台數與卡片庫存。地址定位尚未逐點核對。
イオン青森店,日本 青森県青森市緑３－９－２,青森県,東北,017-723-4131,https://www.google.com/maps/search/?api=1&query=%E3%82%A4%E3%82%AA%E3%83%B3%E9%9D%92%E6%A3%AE%E5%BA%97%20%E9%9D%92%E6%A3%AE%E7%9C%8C%E9%9D%92%E6%A3%AE%E5%B8%82%E7%B7%91%EF%BC%93%EF%BC%8D%EF%BC%99%EF%BC%8D%EF%BC%92,2026-10-08,https://dcd.aikatsu.com/encore/pdf/shoplist.pdf,官方列出的設置店；未逐店確認現場稼動、台數與卡片庫存。地址定位尚未逐點核對。
ユーズランド下田店,日本 青森県上北郡おいらせ町中野平40-1イオンモール下田内1F,青森県,東北,0178-50-3237,https://www.google.com/maps/search/?api=1&query=%E3%83%A6%E3%83%BC%E3%82%BA%E3%83%A9%E3%83%B3%E3%83%89%E4%B8%8B%E7%94%B0%E5%BA%97%20%E9%9D%92%E6%A3%AE%E7%9C%8C%E4%B8%8A%E5%8C%97%E9%83%A1%E3%81%8A%E3%81%84%E3%82%89%E3%81%9B%E7%94%BA%E4%B8%AD%E9%87%8E%E5%B9%B340-1%E3%82%A4%E3%82%AA%E3%83%B3%E3%83%A2%E3%83%BC%E3%83%AB%E4%B8%8B%E7%94%B0%E5%86%851F,2026-10-08,https://dcd.aikatsu.com/encore/pdf/shoplist.pdf,官方列出的設置店；未逐店確認現場稼動、台數與卡片庫存。地址定位尚未逐點核對。
Hapipi Landヒロロ弘前店,日本 青森県弘前市駅前町9-2ヒロロ4階,青森県,東北,080-7204-4719,https://www.google.com/maps/search/?api=1&query=Hapipi%20Land%E3%83%92%E3%83%AD%E3%83%AD%E5%BC%98%E5%89%8D%E5%BA%97%20%E9%9D%92%E6%A3%AE%E7%9C%8C%E5%BC%98%E5%89%8D%E5%B8%82%E9%A7%85%E5%89%8D%E7%94%BA9-2%E3%83%92%E3%83%AD%E3%83%AD4%E9%9A%8E,2026-10-08,https://dcd.aikatsu.com/encore/pdf/shoplist.pdf,官方列出的設置店；未逐店確認現場稼動、台數與卡片庫存。地址定位尚未逐點核對。
ソユーゲームフィールドシーナシーナ青森店,日本 青森県青森市浜田1-14-1シーナシーナ青森2F,青森県,東北,017-762-3255,https://www.google.com/maps/search/?api=1&query=%E3%82%BD%E3%83%A6%E3%83%BC%E3%82%B2%E3%83%BC%E3%83%A0%E3%83%95%E3%82%A3%E3%83%BC%E3%83%AB%E3%83%89%E3%82%B7%E3%83%BC%E3%83%8A%E3%82%B7%E3%83%BC%E3%83%8A%E9%9D%92%E6%A3%AE%E5%BA%97%20%E9%9D%92%E6%A3%AE%E7%9C%8C%E9%9D%92%E6%A3%AE%E5%B8%82%E6%B5%9C%E7%94%B01-14-1%E3%82%B7%E3%83%BC%E3%83%8A%E3%82%B7%E3%83%BC%E3%83%8A%E9%9D%92%E6%A3%AE2F,2026-10-08,https://dcd.aikatsu.com/encore/pdf/shoplist.pdf,官方列出的設置店；未逐店確認現場稼動、台數與卡片庫存。地址定位尚未逐點核對。
ソユーゲームフィールド八戸店,日本 青森県八戸市沼館4-7-112ピアドゥ八戸B棟2階,青森県,東北,0178-71-3060,https://www.google.com/maps/search/?api=1&query=%E3%82%BD%E3%83%A6%E3%83%BC%E3%82%B2%E3%83%BC%E3%83%A0%E3%83%95%E3%82%A3%E3%83%BC%E3%83%AB%E3%83%89%E5%85%AB%E6%88%B8%E5%BA%97%20%E9%9D%92%E6%A3%AE%E7%9C%8C%E5%85%AB%E6%88%B8%E5%B8%82%E6%B2%BC%E9%A4%A84-7-112%E3%83%94%E3%82%A2%E3%83%89%E3%82%A5%E5%85%AB%E6%88%B8B%E6%A3%9F2%E9%9A%8E,2026-10-08,https://dcd.aikatsu.com/encore/pdf/shoplist.pdf,官方列出的設置店；未逐店確認現場稼動、台數與卡片庫存。地址定位尚未逐點核對。
スペースファンタジー・インフィニ,日本 青森県弘前市城東北3-10-1さくら野弘前店4階,青森県,東北,0172-26-2661,https://www.google.com/maps/search/?api=1&query=%E3%82%B9%E3%83%9A%E3%83%BC%E3%82%B9%E3%83%95%E3%82%A1%E3%83%B3%E3%82%BF%E3%82%B8%E3%83%BC%E3%83%BB%E3%82%A4%E3%83%B3%E3%83%95%E3%82%A3%E3%83%8B%20%E9%9D%92%E6%A3%AE%E7%9C%8C%E5%BC%98%E5%89%8D%E5%B8%82%E5%9F%8E%E6%9D%B1%E5%8C%973-10-1%E3%81%95%E3%81%8F%E3%82%89%E9%87%8E%E5%BC%98%E5%89%8D%E5%BA%974%E9%9A%8E,2026-10-08,https://dcd.aikatsu.com/encore/pdf/shoplist.pdf,官方列出的設置店；未逐店確認現場稼動、台數與卡片庫存。地址定位尚未逐點核對。
タイトーステーション青森アムゼ店,日本 青森県青森市緑３－９－２イオン青森,青森県,東北,017-722-8118,https://www.google.com/maps/search/?api=1&query=%E3%82%BF%E3%82%A4%E3%83%88%E3%83%BC%E3%82%B9%E3%83%86%E3%83%BC%E3%82%B7%E3%83%A7%E3%83%B3%E9%9D%92%E6%A3%AE%E3%82%A2%E3%83%A0%E3%82%BC%E5%BA%97%20%E9%9D%92%E6%A3%AE%E7%9C%8C%E9%9D%92%E6%A3%AE%E5%B8%82%E7%B7%91%EF%BC%93%EF%BC%8D%EF%BC%99%EF%BC%8D%EF%BC%92%E3%82%A4%E3%82%AA%E3%83%B3%E9%9D%92%E6%A3%AE,2026-10-08,https://dcd.aikatsu.com/encore/pdf/shoplist.pdf,官方列出的設置店；未逐店確認現場稼動、台數與卡片庫存。地址定位尚未逐點核對。
ｎａｍｃｏエルムの街ショッピングセンター,日本 青森県五所川原市大字唐笠柳字藤巻５１７－１ エルムの街ＳＣ 本棟２階,青森県,東北,0570-087630,https://www.google.com/maps/search/?api=1&query=%EF%BD%8E%EF%BD%81%EF%BD%8D%EF%BD%83%EF%BD%8F%E3%82%A8%E3%83%AB%E3%83%A0%E3%81%AE%E8%A1%97%E3%82%B7%E3%83%A7%E3%83%83%E3%83%94%E3%83%B3%E3%82%B0%E3%82%BB%E3%83%B3%E3%82%BF%E3%83%BC%20%E9%9D%92%E6%A3%AE%E7%9C%8C%E4%BA%94%E6%89%80%E5%B7%9D%E5%8E%9F%E5%B8%82%E5%A4%A7%E5%AD%97%E5%94%90%E7%AC%A0%E6%9F%B3%E5%AD%97%E8%97%A4%E5%B7%BB%EF%BC%95%EF%BC%91%EF%BC%97%EF%BC%8D%EF%BC%91%20%E3%82%A8%E3%83%AB%E3%83%A0%E3%81%AE%E8%A1%97%EF%BC%B3%EF%BC%A3%20%E6%9C%AC%E6%A3%9F%EF%BC%92%E9%9A%8E,2026-10-08,https://dcd.aikatsu.com/encore/pdf/shoplist.pdf,官方列出的設置店；未逐店確認現場稼動、台數與卡片庫存。地址定位尚未逐點核對。
ラウンドワン青森,日本 青森県青森市浜田3-1-1,青森県,東北,017-762-3591,https://www.google.com/maps/search/?api=1&query=%E3%83%A9%E3%82%A6%E3%83%B3%E3%83%89%E3%83%AF%E3%83%B3%E9%9D%92%E6%A3%AE%20%E9%9D%92%E6%A3%AE%E7%9C%8C%E9%9D%92%E6%A3%AE%E5%B8%82%E6%B5%9C%E7%94%B03-1-1,2026-10-08,https://dcd.aikatsu.com/encore/pdf/shoplist.pdf,官方列出的設置店；未逐店確認現場稼動、台數與卡片庫存。地址定位尚未逐點核對。
ファンタジードーム八戸店,日本 青森県八戸市江陽2-14-1 ラピア八戸別当,青森県,東北,0178-47-1370,https://www.google.com/maps/search/?api=1&query=%E3%83%95%E3%82%A1%E3%83%B3%E3%82%BF%E3%82%B8%E3%83%BC%E3%83%89%E3%83%BC%E3%83%A0%E5%85%AB%E6%88%B8%E5%BA%97%20%E9%9D%92%E6%A3%AE%E7%9C%8C%E5%85%AB%E6%88%B8%E5%B8%82%E6%B1%9F%E9%99%BD2-14-1%20%E3%83%A9%E3%83%94%E3%82%A2%E5%85%AB%E6%88%B8%E5%88%A5%E5%BD%93,2026-10-08,https://dcd.aikatsu.com/encore/pdf/shoplist.pdf,官方列出的設置店；未逐店確認現場稼動、台數與卡片庫存。地址定位尚未逐點核對。
モーリーファンタジー前沢店,日本 岩手県奥州市前沢区向田2丁目85 イオン前沢店2階,岩手県,東北,070-3100-4933,https://www.google.com/maps/search/?api=1&query=%E3%83%A2%E3%83%BC%E3%83%AA%E3%83%BC%E3%83%95%E3%82%A1%E3%83%B3%E3%82%BF%E3%82%B8%E3%83%BC%E5%89%8D%E6%B2%A2%E5%BA%97%20%E5%B2%A9%E6%89%8B%E7%9C%8C%E5%A5%A5%E5%B7%9E%E5%B8%82%E5%89%8D%E6%B2%A2%E5%8C%BA%E5%90%91%E7%94%B02%E4%B8%81%E7%9B%AE85%20%E3%82%A4%E3%82%AA%E3%83%B3%E5%89%8D%E6%B2%A2%E5%BA%972%E9%9A%8E,2026-10-08,https://dcd.aikatsu.com/encore/pdf/shoplist.pdf,官方列出的設置店；未逐店確認現場稼動、台數與卡片庫存。地址定位尚未逐點核對。
モーリーファンタジー盛岡店,日本 岩手県盛岡市前潟4-7-1 イオン盛岡店2階,岩手県,東北,070-3100-5263,https://www.google.com/maps/search/?api=1&query=%E3%83%A2%E3%83%BC%E3%83%AA%E3%83%BC%E3%83%95%E3%82%A1%E3%83%B3%E3%82%BF%E3%82%B8%E3%83%BC%E7%9B%9B%E5%B2%A1%E5%BA%97%20%E5%B2%A9%E6%89%8B%E7%9C%8C%E7%9B%9B%E5%B2%A1%E5%B8%82%E5%89%8D%E6%BD%9F4-7-1%20%E3%82%A4%E3%82%AA%E3%83%B3%E7%9B%9B%E5%B2%A1%E5%BA%972%E9%9A%8E,2026-10-08,https://dcd.aikatsu.com/encore/pdf/shoplist.pdf,官方列出的設置店；未逐店確認現場稼動、台數與卡片庫存。地址定位尚未逐點核對。
モーリーファンタジーイオン盛岡南店,日本 岩手県盛岡市本宮7-1-1 イオン盛岡南店3階,岩手県,東北,070-3100-4531,https://www.google.com/maps/search/?api=1&query=%E3%83%A2%E3%83%BC%E3%83%AA%E3%83%BC%E3%83%95%E3%82%A1%E3%83%B3%E3%82%BF%E3%82%B8%E3%83%BC%E3%82%A4%E3%82%AA%E3%83%B3%E7%9B%9B%E5%B2%A1%E5%8D%97%E5%BA%97%20%E5%B2%A9%E6%89%8B%E7%9C%8C%E7%9B%9B%E5%B2%A1%E5%B8%82%E6%9C%AC%E5%AE%AE7-1-1%20%E3%82%A4%E3%82%AA%E3%83%B3%E7%9B%9B%E5%B2%A1%E5%8D%97%E5%BA%973%E9%9A%8E,2026-10-08,https://dcd.aikatsu.com/encore/pdf/shoplist.pdf,官方列出的設置店；未逐店確認現場稼動、台數與卡片庫存。地址定位尚未逐點核對。
モーリーファンタジー遠野店,日本 岩手県遠野市新穀町1-11 遠野ショッピングセンターとぴあ2階,岩手県,東北,070-3100-5152,https://www.google.com/maps/search/?api=1&query=%E3%83%A2%E3%83%BC%E3%83%AA%E3%83%BC%E3%83%95%E3%82%A1%E3%83%B3%E3%82%BF%E3%82%B8%E3%83%BC%E9%81%A0%E9%87%8E%E5%BA%97%20%E5%B2%A9%E6%89%8B%E7%9C%8C%E9%81%A0%E9%87%8E%E5%B8%82%E6%96%B0%E7%A9%80%E7%94%BA1-11%20%E9%81%A0%E9%87%8E%E3%82%B7%E3%83%A7%E3%83%83%E3%83%94%E3%83%B3%E3%82%B0%E3%82%BB%E3%83%B3%E3%82%BF%E3%83%BC%E3%81%A8%E3%81%B4%E3%81%822%E9%9A%8E,2026-10-08,https://dcd.aikatsu.com/encore/pdf/shoplist.pdf,官方列出的設置店；未逐店確認現場稼動、台數與卡片庫存。地址定位尚未逐點核對。
モーリーファンタジー一関店,日本 岩手県一関市山目字泥田89-1 イオン一関2階,岩手県,東北,070-3100-3726,https://www.google.com/maps/search/?api=1&query=%E3%83%A2%E3%83%BC%E3%83%AA%E3%83%BC%E3%83%95%E3%82%A1%E3%83%B3%E3%82%BF%E3%82%B8%E3%83%BC%E4%B8%80%E9%96%A2%E5%BA%97%20%E5%B2%A9%E6%89%8B%E7%9C%8C%E4%B8%80%E9%96%A2%E5%B8%82%E5%B1%B1%E7%9B%AE%E5%AD%97%E6%B3%A5%E7%94%B089-1%20%E3%82%A4%E3%82%AA%E3%83%B3%E4%B8%80%E9%96%A22%E9%9A%8E,2026-10-08,https://dcd.aikatsu.com/encore/pdf/shoplist.pdf,官方列出的設置店；未逐店確認現場稼動、台數與卡片庫存。地址定位尚未逐點核對。
モーリーファンタジースーパーセンター一関店,日本 岩手県一関市狐禅寺字石ノ瀬11番1 イオンスーパーセンター一関店1階,岩手県,東北,070-3100-7382,https://www.google.com/maps/search/?api=1&query=%E3%83%A2%E3%83%BC%E3%83%AA%E3%83%BC%E3%83%95%E3%82%A1%E3%83%B3%E3%82%BF%E3%82%B8%E3%83%BC%E3%82%B9%E3%83%BC%E3%83%91%E3%83%BC%E3%82%BB%E3%83%B3%E3%82%BF%E3%83%BC%E4%B8%80%E9%96%A2%E5%BA%97%20%E5%B2%A9%E6%89%8B%E7%9C%8C%E4%B8%80%E9%96%A2%E5%B8%82%E7%8B%90%E7%A6%85%E5%AF%BA%E5%AD%97%E7%9F%B3%E3%83%8E%E7%80%AC11%E7%95%AA1%20%E3%82%A4%E3%82%AA%E3%83%B3%E3%82%B9%E3%83%BC%E3%83%91%E3%83%BC%E3%82%BB%E3%83%B3%E3%82%BF%E3%83%BC%E4%B8%80%E9%96%A2%E5%BA%971%E9%9A%8E,2026-10-08,https://dcd.aikatsu.com/encore/pdf/shoplist.pdf,官方列出的設置店；未逐店確認現場稼動、台數與卡片庫存。地址定位尚未逐點核對。
モーリーファンタジー盛岡渋民店,日本 岩手県盛岡市盛岡市渋民字鶴飼20-1 イオンスーパーセンター盛岡渋民店1階,岩手県,東北,070-3100-4498,https://www.google.com/maps/search/?api=1&query=%E3%83%A2%E3%83%BC%E3%83%AA%E3%83%BC%E3%83%95%E3%82%A1%E3%83%B3%E3%82%BF%E3%82%B8%E3%83%BC%E7%9B%9B%E5%B2%A1%E6%B8%8B%E6%B0%91%E5%BA%97%20%E5%B2%A9%E6%89%8B%E7%9C%8C%E7%9B%9B%E5%B2%A1%E5%B8%82%E7%9B%9B%E5%B2%A1%E5%B8%82%E6%B8%8B%E6%B0%91%E5%AD%97%E9%B6%B4%E9%A3%BC20-1%20%E3%82%A4%E3%82%AA%E3%83%B3%E3%82%B9%E3%83%BC%E3%83%91%E3%83%BC%E3%82%BB%E3%83%B3%E3%82%BF%E3%83%BC%E7%9B%9B%E5%B2%A1%E6%B8%8B%E6%B0%91%E5%BA%971%E9%9A%8E,2026-10-08,https://dcd.aikatsu.com/encore/pdf/shoplist.pdf,官方列出的設置店；未逐店確認現場稼動、台數與卡片庫存。地址定位尚未逐點核對。
PALO久慈店,日本 岩手県久慈市長内町第30地割32番-2 久慈ショッピングセンター1階,岩手県,東北,070-3100-5485,https://www.google.com/maps/search/?api=1&query=PALO%E4%B9%85%E6%85%88%E5%BA%97%20%E5%B2%A9%E6%89%8B%E7%9C%8C%E4%B9%85%E6%85%88%E5%B8%82%E9%95%B7%E5%86%85%E7%94%BA%E7%AC%AC30%E5%9C%B0%E5%89%B232%E7%95%AA-2%20%E4%B9%85%E6%85%88%E3%82%B7%E3%83%A7%E3%83%83%E3%83%94%E3%83%B3%E3%82%B0%E3%82%BB%E3%83%B3%E3%82%BF%E3%83%BC1%E9%9A%8E,2026-10-08,https://dcd.aikatsu.com/encore/pdf/shoplist.pdf,官方列出的設置店；未逐店確認現場稼動、台數與卡片庫存。地址定位尚未逐點核對。
モーリーファンタジーサンサ盛岡南店,日本 岩手県盛岡市津志田西2丁目17-50 盛岡南ショッピングセンターサンサ店1階,岩手県,東北,070-3100-4655,https://www.google.com/maps/search/?api=1&query=%E3%83%A2%E3%83%BC%E3%83%AA%E3%83%BC%E3%83%95%E3%82%A1%E3%83%B3%E3%82%BF%E3%82%B8%E3%83%BC%E3%82%B5%E3%83%B3%E3%82%B5%E7%9B%9B%E5%B2%A1%E5%8D%97%E5%BA%97%20%E5%B2%A9%E6%89%8B%E7%9C%8C%E7%9B%9B%E5%B2%A1%E5%B8%82%E6%B4%A5%E5%BF%97%E7%94%B0%E8%A5%BF2%E4%B8%81%E7%9B%AE17-50%20%E7%9B%9B%E5%B2%A1%E5%8D%97%E3%82%B7%E3%83%A7%E3%83%83%E3%83%94%E3%83%B3%E3%82%B0%E3%82%BB%E3%83%B3%E3%82%BF%E3%83%BC%E3%82%B5%E3%83%B3%E3%82%B5%E5%BA%971%E9%9A%8E,2026-10-08,https://dcd.aikatsu.com/encore/pdf/shoplist.pdf,官方列出的設置店；未逐店確認現場稼動、台數與卡片庫存。地址定位尚未逐點核對。
アメリカンパラダイス北上,日本 岩手県北上市北鬼柳３２－４４,岩手県,東北,0197-63-7898,https://www.google.com/maps/search/?api=1&query=%E3%82%A2%E3%83%A1%E3%83%AA%E3%82%AB%E3%83%B3%E3%83%91%E3%83%A9%E3%83%80%E3%82%A4%E3%82%B9%E5%8C%97%E4%B8%8A%20%E5%B2%A9%E6%89%8B%E7%9C%8C%E5%8C%97%E4%B8%8A%E5%B8%82%E5%8C%97%E9%AC%BC%E6%9F%B3%EF%BC%93%EF%BC%92%EF%BC%8D%EF%BC%94%EF%BC%94,2026-10-08,https://dcd.aikatsu.com/encore/pdf/shoplist.pdf,官方列出的設置店；未逐店確認現場稼動、台數與卡片庫存。地址定位尚未逐點核對。
イオン江釣子店,日本 岩手県北上市北鬼柳１９－６８,岩手県,東北,0197-65-2711,https://www.google.com/maps/search/?api=1&query=%E3%82%A4%E3%82%AA%E3%83%B3%E6%B1%9F%E9%87%A3%E5%AD%90%E5%BA%97%20%E5%B2%A9%E6%89%8B%E7%9C%8C%E5%8C%97%E4%B8%8A%E5%B8%82%E5%8C%97%E9%AC%BC%E6%9F%B3%EF%BC%91%EF%BC%99%EF%BC%8D%EF%BC%96%EF%BC%98,2026-10-08,https://dcd.aikatsu.com/encore/pdf/shoplist.pdf,官方列出的設置店；未逐店確認現場稼動、台數與卡片庫存。地址定位尚未逐點核對。
イオンスーパーセンター水沢桜屋敷店,日本 岩手県奥州市水沢区字桜屋敷西２８－１０,岩手県,東北,0197-51-7520,https://www.google.com/maps/search/?api=1&query=%E3%82%A4%E3%82%AA%E3%83%B3%E3%82%B9%E3%83%BC%E3%83%91%E3%83%BC%E3%82%BB%E3%83%B3%E3%82%BF%E3%83%BC%E6%B0%B4%E6%B2%A2%E6%A1%9C%E5%B1%8B%E6%95%B7%E5%BA%97%20%E5%B2%A9%E6%89%8B%E7%9C%8C%E5%A5%A5%E5%B7%9E%E5%B8%82%E6%B0%B4%E6%B2%A2%E5%8C%BA%E5%AD%97%E6%A1%9C%E5%B1%8B%E6%95%B7%E8%A5%BF%EF%BC%92%EF%BC%98%EF%BC%8D%EF%BC%91%EF%BC%90,2026-10-08,https://dcd.aikatsu.com/encore/pdf/shoplist.pdf,官方列出的設置店；未逐店確認現場稼動、台數與卡片庫存。地址定位尚未逐點核對。
イオンスーパーセンター金ケ崎店,日本 岩手県胆沢郡金ケ崎町三ケ尻荒巻１６５,岩手県,東北,0197-41-0800,https://www.google.com/maps/search/?api=1&query=%E3%82%A4%E3%82%AA%E3%83%B3%E3%82%B9%E3%83%BC%E3%83%91%E3%83%BC%E3%82%BB%E3%83%B3%E3%82%BF%E3%83%BC%E9%87%91%E3%82%B1%E5%B4%8E%E5%BA%97%20%E5%B2%A9%E6%89%8B%E7%9C%8C%E8%83%86%E6%B2%A2%E9%83%A1%E9%87%91%E3%82%B1%E5%B4%8E%E7%94%BA%E4%B8%89%E3%82%B1%E5%B0%BB%E8%8D%92%E5%B7%BB%EF%BC%91%EF%BC%96%EF%BC%95,2026-10-08,https://dcd.aikatsu.com/encore/pdf/shoplist.pdf,官方列出的設置店；未逐店確認現場稼動、台數與卡片庫存。地址定位尚未逐點核對。
ファミリーらんどDORA宮古,日本 岩手県宮古市小山田2丁目2-1マリンコープDORA2階,岩手県,東北,070-1584-7712,https://www.google.com/maps/search/?api=1&query=%E3%83%95%E3%82%A1%E3%83%9F%E3%83%AA%E3%83%BC%E3%82%89%E3%82%93%E3%81%A9DORA%E5%AE%AE%E5%8F%A4%20%E5%B2%A9%E6%89%8B%E7%9C%8C%E5%AE%AE%E5%8F%A4%E5%B8%82%E5%B0%8F%E5%B1%B1%E7%94%B02%E4%B8%81%E7%9B%AE2-1%E3%83%9E%E3%83%AA%E3%83%B3%E3%82%B3%E3%83%BC%E3%83%97DORA2%E9%9A%8E,2026-10-08,https://dcd.aikatsu.com/encore/pdf/shoplist.pdf,官方列出的設置店；未逐店確認現場稼動、台數與卡片庫存。地址定位尚未逐點核對。
ゲームランド盛岡店,日本 岩手県盛岡市前潟4-7-1イオンモール盛岡 2F,岩手県,東北,019-605-3835,https://www.google.com/maps/search/?api=1&query=%E3%82%B2%E3%83%BC%E3%83%A0%E3%83%A9%E3%83%B3%E3%83%89%E7%9B%9B%E5%B2%A1%E5%BA%97%20%E5%B2%A9%E6%89%8B%E7%9C%8C%E7%9B%9B%E5%B2%A1%E5%B8%82%E5%89%8D%E6%BD%9F4-7-1%E3%82%A4%E3%82%AA%E3%83%B3%E3%83%A2%E3%83%BC%E3%83%AB%E7%9B%9B%E5%B2%A1%202F,2026-10-08,https://dcd.aikatsu.com/encore/pdf/shoplist.pdf,官方列出的設置店；未逐店確認現場稼動、台數與卡片庫存。地址定位尚未逐點核對。
ソユーゲームフィールド釜石店,日本 岩手県釜石市港町二丁目１－１イオンタウン釜石３階,岩手県,東北,0193-22-2226,https://www.google.com/maps/search/?api=1&query=%E3%82%BD%E3%83%A6%E3%83%BC%E3%82%B2%E3%83%BC%E3%83%A0%E3%83%95%E3%82%A3%E3%83%BC%E3%83%AB%E3%83%89%E9%87%9C%E7%9F%B3%E5%BA%97%20%E5%B2%A9%E6%89%8B%E7%9C%8C%E9%87%9C%E7%9F%B3%E5%B8%82%E6%B8%AF%E7%94%BA%E4%BA%8C%E4%B8%81%E7%9B%AE%EF%BC%91%EF%BC%8D%EF%BC%91%E3%82%A4%E3%82%AA%E3%83%B3%E3%82%BF%E3%82%A6%E3%83%B3%E9%87%9C%E7%9F%B3%EF%BC%93%E9%9A%8E,2026-10-08,https://dcd.aikatsu.com/encore/pdf/shoplist.pdf,官方列出的設置店；未逐店確認現場稼動、台數與卡片庫存。地址定位尚未逐點核對。
ソユーファミリーゲームフィールド花巻店,日本 岩手県花巻市高木第１６地割６８－６銀河モール花巻,岩手県,東北,0198-21-1030,https://www.google.com/maps/search/?api=1&query=%E3%82%BD%E3%83%A6%E3%83%BC%E3%83%95%E3%82%A1%E3%83%9F%E3%83%AA%E3%83%BC%E3%82%B2%E3%83%BC%E3%83%A0%E3%83%95%E3%82%A3%E3%83%BC%E3%83%AB%E3%83%89%E8%8A%B1%E5%B7%BB%E5%BA%97%20%E5%B2%A9%E6%89%8B%E7%9C%8C%E8%8A%B1%E5%B7%BB%E5%B8%82%E9%AB%98%E6%9C%A8%E7%AC%AC%EF%BC%91%EF%BC%96%E5%9C%B0%E5%89%B2%EF%BC%96%EF%BC%98%EF%BC%8D%EF%BC%96%E9%8A%80%E6%B2%B3%E3%83%A2%E3%83%BC%E3%83%AB%E8%8A%B1%E5%B7%BB,2026-10-08,https://dcd.aikatsu.com/encore/pdf/shoplist.pdf,官方列出的設置店；未逐店確認現場稼動、台數與卡片庫存。地址定位尚未逐點核對。
アミューズメントゾーン北上店,日本 岩手県北上市本通り2丁目2－1クラソ・プレイス北上4階,岩手県,東北,0197-61-2711,https://www.google.com/maps/search/?api=1&query=%E3%82%A2%E3%83%9F%E3%83%A5%E3%83%BC%E3%82%BA%E3%83%A1%E3%83%B3%E3%83%88%E3%82%BE%E3%83%BC%E3%83%B3%E5%8C%97%E4%B8%8A%E5%BA%97%20%E5%B2%A9%E6%89%8B%E7%9C%8C%E5%8C%97%E4%B8%8A%E5%B8%82%E6%9C%AC%E9%80%9A%E3%82%8A2%E4%B8%81%E7%9B%AE2%EF%BC%8D1%E3%82%AF%E3%83%A9%E3%82%BD%E3%83%BB%E3%83%97%E3%83%AC%E3%82%A4%E3%82%B9%E5%8C%97%E4%B8%8A4%E9%9A%8E,2026-10-08,https://dcd.aikatsu.com/encore/pdf/shoplist.pdf,官方列出的設置店；未逐店確認現場稼動、台數與卡片庫存。地址定位尚未逐點核對。
ソユーゲームフィールド江釣子店,日本 岩手県北上市北鬼柳19地割74番地3江釣子ショッピングセンターパルイオンシネマ館1階,岩手県,東北,0197-62-5745,https://www.google.com/maps/search/?api=1&query=%E3%82%BD%E3%83%A6%E3%83%BC%E3%82%B2%E3%83%BC%E3%83%A0%E3%83%95%E3%82%A3%E3%83%BC%E3%83%AB%E3%83%89%E6%B1%9F%E9%87%A3%E5%AD%90%E5%BA%97%20%E5%B2%A9%E6%89%8B%E7%9C%8C%E5%8C%97%E4%B8%8A%E5%B8%82%E5%8C%97%E9%AC%BC%E6%9F%B319%E5%9C%B0%E5%89%B274%E7%95%AA%E5%9C%B03%E6%B1%9F%E9%87%A3%E5%AD%90%E3%82%B7%E3%83%A7%E3%83%83%E3%83%94%E3%83%B3%E3%82%B0%E3%82%BB%E3%83%B3%E3%82%BF%E3%83%BC%E3%83%91%E3%83%AB%E3%82%A4%E3%82%AA%E3%83%B3%E3%82%B7%E3%83%8D%E3%83%9E%E9%A4%A81%E9%9A%8E,2026-10-08,https://dcd.aikatsu.com/encore/pdf/shoplist.pdf,官方列出的設置店；未逐店確認現場稼動、台數與卡片庫存。地址定位尚未逐點核對。
タイトーステーション盛岡マッハランド店,日本 岩手県盛岡市上堂１－２－３８タイトーステーション盛岡マッハランド,岩手県,東北,019-648-1408,https://www.google.com/maps/search/?api=1&query=%E3%82%BF%E3%82%A4%E3%83%88%E3%83%BC%E3%82%B9%E3%83%86%E3%83%BC%E3%82%B7%E3%83%A7%E3%83%B3%E7%9B%9B%E5%B2%A1%E3%83%9E%E3%83%83%E3%83%8F%E3%83%A9%E3%83%B3%E3%83%89%E5%BA%97%20%E5%B2%A9%E6%89%8B%E7%9C%8C%E7%9B%9B%E5%B2%A1%E5%B8%82%E4%B8%8A%E5%A0%82%EF%BC%91%EF%BC%8D%EF%BC%92%EF%BC%8D%EF%BC%93%EF%BC%98%E3%82%BF%E3%82%A4%E3%83%88%E3%83%BC%E3%82%B9%E3%83%86%E3%83%BC%E3%82%B7%E3%83%A7%E3%83%B3%E7%9B%9B%E5%B2%A1%E3%83%9E%E3%83%83%E3%83%8F%E3%83%A9%E3%83%B3%E3%83%89,2026-10-08,https://dcd.aikatsu.com/encore/pdf/shoplist.pdf,官方列出的設置店；未逐店確認現場稼動、台數與卡片庫存。地址定位尚未逐點核對。
ファミリーランド花巻店,日本 岩手県花巻市下小舟渡118-1 CiiNA CiiNA花巻2階,岩手県,東北,0198-22-4543,https://www.google.com/maps/search/?api=1&query=%E3%83%95%E3%82%A1%E3%83%9F%E3%83%AA%E3%83%BC%E3%83%A9%E3%83%B3%E3%83%89%E8%8A%B1%E5%B7%BB%E5%BA%97%20%E5%B2%A9%E6%89%8B%E7%9C%8C%E8%8A%B1%E5%B7%BB%E5%B8%82%E4%B8%8B%E5%B0%8F%E8%88%9F%E6%B8%A1118-1%20CiiNA%20CiiNA%E8%8A%B1%E5%B7%BB2%E9%9A%8E,2026-10-08,https://dcd.aikatsu.com/encore/pdf/shoplist.pdf,官方列出的設置店；未逐店確認現場稼動、台數與卡片庫存。地址定位尚未逐點核對。
モーリーファンタジー多賀城店,日本 宮城県多賀城市町前4-1-1 イオン多賀城店3階,宮城県,東北,070-3100-4903,https://www.google.com/maps/search/?api=1&query=%E3%83%A2%E3%83%BC%E3%83%AA%E3%83%BC%E3%83%95%E3%82%A1%E3%83%B3%E3%82%BF%E3%82%B8%E3%83%BC%E5%A4%9A%E8%B3%80%E5%9F%8E%E5%BA%97%20%E5%AE%AE%E5%9F%8E%E7%9C%8C%E5%A4%9A%E8%B3%80%E5%9F%8E%E5%B8%82%E7%94%BA%E5%89%8D4-1-1%20%E3%82%A4%E3%82%AA%E3%83%B3%E5%A4%9A%E8%B3%80%E5%9F%8E%E5%BA%973%E9%9A%8E,2026-10-08,https://dcd.aikatsu.com/encore/pdf/shoplist.pdf,官方列出的設置店；未逐店確認現場稼動、台數與卡片庫存。地址定位尚未逐點核對。
モーリーファンタジー仙台中山店,日本 宮城県仙台市泉区南中山1-35-40 イオン仙台中山店3階,宮城県,東北,070-3100-4895,https://www.google.com/maps/search/?api=1&query=%E3%83%A2%E3%83%BC%E3%83%AA%E3%83%BC%E3%83%95%E3%82%A1%E3%83%B3%E3%82%BF%E3%82%B8%E3%83%BC%E4%BB%99%E5%8F%B0%E4%B8%AD%E5%B1%B1%E5%BA%97%20%E5%AE%AE%E5%9F%8E%E7%9C%8C%E4%BB%99%E5%8F%B0%E5%B8%82%E6%B3%89%E5%8C%BA%E5%8D%97%E4%B8%AD%E5%B1%B11-35-40%20%E3%82%A4%E3%82%AA%E3%83%B3%E4%BB%99%E5%8F%B0%E4%B8%AD%E5%B1%B1%E5%BA%973%E9%9A%8E,2026-10-08,https://dcd.aikatsu.com/encore/pdf/shoplist.pdf,官方列出的設置店；未逐店確認現場稼動、台數與卡片庫存。地址定位尚未逐點核對。
モーリーファンタジー古川店,日本 宮城県大崎市古川旭二丁目2-1 イオン古川店2階,宮城県,東北,070-3100-4059,https://www.google.com/maps/search/?api=1&query=%E3%83%A2%E3%83%BC%E3%83%AA%E3%83%BC%E3%83%95%E3%82%A1%E3%83%B3%E3%82%BF%E3%82%B8%E3%83%BC%E5%8F%A4%E5%B7%9D%E5%BA%97%20%E5%AE%AE%E5%9F%8E%E7%9C%8C%E5%A4%A7%E5%B4%8E%E5%B8%82%E5%8F%A4%E5%B7%9D%E6%97%AD%E4%BA%8C%E4%B8%81%E7%9B%AE2-1%20%E3%82%A4%E3%82%AA%E3%83%B3%E5%8F%A4%E5%B7%9D%E5%BA%972%E9%9A%8E,2026-10-08,https://dcd.aikatsu.com/encore/pdf/shoplist.pdf,官方列出的設置店；未逐店確認現場稼動、台數與卡片庫存。地址定位尚未逐點核對。
モーリーファンタジー気仙沼店,日本 宮城県気仙沼市字赤岩舘下6-1外 イオン気仙沼店2階,宮城県,東北,070-3100-4012,https://www.google.com/maps/search/?api=1&query=%E3%83%A2%E3%83%BC%E3%83%AA%E3%83%BC%E3%83%95%E3%82%A1%E3%83%B3%E3%82%BF%E3%82%B8%E3%83%BC%E6%B0%97%E4%BB%99%E6%B2%BC%E5%BA%97%20%E5%AE%AE%E5%9F%8E%E7%9C%8C%E6%B0%97%E4%BB%99%E6%B2%BC%E5%B8%82%E5%AD%97%E8%B5%A4%E5%B2%A9%E8%88%98%E4%B8%8B6-1%E5%A4%96%20%E3%82%A4%E3%82%AA%E3%83%B3%E6%B0%97%E4%BB%99%E6%B2%BC%E5%BA%972%E9%9A%8E,2026-10-08,https://dcd.aikatsu.com/encore/pdf/shoplist.pdf,官方列出的設置店；未逐店確認現場稼動、台數與卡片庫存。地址定位尚未逐點核對。
モーリーファンタジー利府店,日本 宮城県宮城郡利府町新中道3-1-1 イオンモール新利府南館3階,宮城県,東北,070-3100-4037,https://www.google.com/maps/search/?api=1&query=%E3%83%A2%E3%83%BC%E3%83%AA%E3%83%BC%E3%83%95%E3%82%A1%E3%83%B3%E3%82%BF%E3%82%B8%E3%83%BC%E5%88%A9%E5%BA%9C%E5%BA%97%20%E5%AE%AE%E5%9F%8E%E7%9C%8C%E5%AE%AE%E5%9F%8E%E9%83%A1%E5%88%A9%E5%BA%9C%E7%94%BA%E6%96%B0%E4%B8%AD%E9%81%933-1-1%20%E3%82%A4%E3%82%AA%E3%83%B3%E3%83%A2%E3%83%BC%E3%83%AB%E6%96%B0%E5%88%A9%E5%BA%9C%E5%8D%97%E9%A4%A83%E9%9A%8E,2026-10-08,https://dcd.aikatsu.com/encore/pdf/shoplist.pdf,官方列出的設置店；未逐店確認現場稼動、台數與卡片庫存。地址定位尚未逐點核對。
モーリーファンタジー富谷店,日本 宮城県黒川郡富谷町大清水1ー33-1 イオン富谷店1階,宮城県,東北,070-3100-5282,https://www.google.com/maps/search/?api=1&query=%E3%83%A2%E3%83%BC%E3%83%AA%E3%83%BC%E3%83%95%E3%82%A1%E3%83%B3%E3%82%BF%E3%82%B8%E3%83%BC%E5%AF%8C%E8%B0%B7%E5%BA%97%20%E5%AE%AE%E5%9F%8E%E7%9C%8C%E9%BB%92%E5%B7%9D%E9%83%A1%E5%AF%8C%E8%B0%B7%E7%94%BA%E5%A4%A7%E6%B8%85%E6%B0%B41%E3%83%BC33-1%20%E3%82%A4%E3%82%AA%E3%83%B3%E5%AF%8C%E8%B0%B7%E5%BA%971%E9%9A%8E,2026-10-08,https://dcd.aikatsu.com/encore/pdf/shoplist.pdf,官方列出的設置店；未逐店確認現場稼動、台數與卡片庫存。地址定位尚未逐點核對。
モーリーファンタジー新名取店,日本 宮城県名取市杜せきのした5丁目3番地の1 イオン新名取店3階,宮城県,東北,070-3100-4546,https://www.google.com/maps/search/?api=1&query=%E3%83%A2%E3%83%BC%E3%83%AA%E3%83%BC%E3%83%95%E3%82%A1%E3%83%B3%E3%82%BF%E3%82%B8%E3%83%BC%E6%96%B0%E5%90%8D%E5%8F%96%E5%BA%97%20%E5%AE%AE%E5%9F%8E%E7%9C%8C%E5%90%8D%E5%8F%96%E5%B8%82%E6%9D%9C%E3%81%9B%E3%81%8D%E3%81%AE%E3%81%97%E3%81%9F5%E4%B8%81%E7%9B%AE3%E7%95%AA%E5%9C%B0%E3%81%AE1%20%E3%82%A4%E3%82%AA%E3%83%B3%E6%96%B0%E5%90%8D%E5%8F%96%E5%BA%973%E9%9A%8E,2026-10-08,https://dcd.aikatsu.com/encore/pdf/shoplist.pdf,官方列出的設置店；未逐店確認現場稼動、台數與卡片庫存。地址定位尚未逐點核對。
モーリーファンタジー石巻店,日本 宮城県石巻市茜平4-104番地 イオン石巻店2階,宮城県,東北,070-3100-4543,https://www.google.com/maps/search/?api=1&query=%E3%83%A2%E3%83%BC%E3%83%AA%E3%83%BC%E3%83%95%E3%82%A1%E3%83%B3%E3%82%BF%E3%82%B8%E3%83%BC%E7%9F%B3%E5%B7%BB%E5%BA%97%20%E5%AE%AE%E5%9F%8E%E7%9C%8C%E7%9F%B3%E5%B7%BB%E5%B8%82%E8%8C%9C%E5%B9%B34-104%E7%95%AA%E5%9C%B0%20%E3%82%A4%E3%82%AA%E3%83%B3%E7%9F%B3%E5%B7%BB%E5%BA%972%E9%9A%8E,2026-10-08,https://dcd.aikatsu.com/encore/pdf/shoplist.pdf,官方列出的設置店；未逐店確認現場稼動、台數與卡片庫存。地址定位尚未逐點核對。
モーリーファンタジー仙台卸町店,日本 宮城県仙台市若林区卸町1-1 イオンスタイル仙台卸町3階,宮城県,東北,070-3100-5523,https://www.google.com/maps/search/?api=1&query=%E3%83%A2%E3%83%BC%E3%83%AA%E3%83%BC%E3%83%95%E3%82%A1%E3%83%B3%E3%82%BF%E3%82%B8%E3%83%BC%E4%BB%99%E5%8F%B0%E5%8D%B8%E7%94%BA%E5%BA%97%20%E5%AE%AE%E5%9F%8E%E7%9C%8C%E4%BB%99%E5%8F%B0%E5%B8%82%E8%8B%A5%E6%9E%97%E5%8C%BA%E5%8D%B8%E7%94%BA1-1%20%E3%82%A4%E3%82%AA%E3%83%B3%E3%82%B9%E3%82%BF%E3%82%A4%E3%83%AB%E4%BB%99%E5%8F%B0%E5%8D%B8%E7%94%BA3%E9%9A%8E,2026-10-08,https://dcd.aikatsu.com/encore/pdf/shoplist.pdf,官方列出的設置店；未逐店確認現場稼動、台數與卡片庫存。地址定位尚未逐點核對。
モーリーファンタジー鈎取店,日本 宮城県仙台市太白区鈎取本町1-21-1 イオンスーパーセンター1F,宮城県,東北,070-3100-5066,https://www.google.com/maps/search/?api=1&query=%E3%83%A2%E3%83%BC%E3%83%AA%E3%83%BC%E3%83%95%E3%82%A1%E3%83%B3%E3%82%BF%E3%82%B8%E3%83%BC%E9%88%8E%E5%8F%96%E5%BA%97%20%E5%AE%AE%E5%9F%8E%E7%9C%8C%E4%BB%99%E5%8F%B0%E5%B8%82%E5%A4%AA%E7%99%BD%E5%8C%BA%E9%88%8E%E5%8F%96%E6%9C%AC%E7%94%BA1-21-1%20%E3%82%A4%E3%82%AA%E3%83%B3%E3%82%B9%E3%83%BC%E3%83%91%E3%83%BC%E3%82%BB%E3%83%B3%E3%82%BF%E3%83%BC1F,2026-10-08,https://dcd.aikatsu.com/encore/pdf/shoplist.pdf,官方列出的設置店；未逐店確認現場稼動、台數與卡片庫存。地址定位尚未逐點核對。
モーリーファンタジーヨドバシ仙台店,日本 宮城県仙台市宮城野区榴岡1-3-1 ヨドバシ仙台5階,宮城県,東北,070-3100-5172,https://www.google.com/maps/search/?api=1&query=%E3%83%A2%E3%83%BC%E3%83%AA%E3%83%BC%E3%83%95%E3%82%A1%E3%83%B3%E3%82%BF%E3%82%B8%E3%83%BC%E3%83%A8%E3%83%89%E3%83%90%E3%82%B7%E4%BB%99%E5%8F%B0%E5%BA%97%20%E5%AE%AE%E5%9F%8E%E7%9C%8C%E4%BB%99%E5%8F%B0%E5%B8%82%E5%AE%AE%E5%9F%8E%E9%87%8E%E5%8C%BA%E6%A6%B4%E5%B2%A11-3-1%20%E3%83%A8%E3%83%89%E3%83%90%E3%82%B7%E4%BB%99%E5%8F%B05%E9%9A%8E,2026-10-08,https://dcd.aikatsu.com/encore/pdf/shoplist.pdf,官方列出的設置店；未逐店確認現場稼動、台數與卡片庫存。地址定位尚未逐點核對。
PRIZE SPOT PALO泉パークタウンタピオ店,日本 宮城県仙台市泉区寺岡6-5-1 泉パークタウン タピオ2階,宮城県,東北,070-3100-7437,https://www.google.com/maps/search/?api=1&query=PRIZE%20SPOT%20PALO%E6%B3%89%E3%83%91%E3%83%BC%E3%82%AF%E3%82%BF%E3%82%A6%E3%83%B3%E3%82%BF%E3%83%94%E3%82%AA%E5%BA%97%20%E5%AE%AE%E5%9F%8E%E7%9C%8C%E4%BB%99%E5%8F%B0%E5%B8%82%E6%B3%89%E5%8C%BA%E5%AF%BA%E5%B2%A16-5-1%20%E6%B3%89%E3%83%91%E3%83%BC%E3%82%AF%E3%82%BF%E3%82%A6%E3%83%B3%20%E3%82%BF%E3%83%94%E3%82%AA2%E9%9A%8E,2026-10-08,https://dcd.aikatsu.com/encore/pdf/shoplist.pdf,官方列出的設置店；未逐店確認現場稼動、台數與卡片庫存。地址定位尚未逐點核對。
モーリーファンタジー石巻東店,日本 宮城県石巻市流留字七勺1番1 イオンスーパーセンター石巻東店1階,宮城県,東北,070-3100-7310,https://www.google.com/maps/search/?api=1&query=%E3%83%A2%E3%83%BC%E3%83%AA%E3%83%BC%E3%83%95%E3%82%A1%E3%83%B3%E3%82%BF%E3%82%B8%E3%83%BC%E7%9F%B3%E5%B7%BB%E6%9D%B1%E5%BA%97%20%E5%AE%AE%E5%9F%8E%E7%9C%8C%E7%9F%B3%E5%B7%BB%E5%B8%82%E6%B5%81%E7%95%99%E5%AD%97%E4%B8%83%E5%8B%BA1%E7%95%AA1%20%E3%82%A4%E3%82%AA%E3%83%B3%E3%82%B9%E3%83%BC%E3%83%91%E3%83%BC%E3%82%BB%E3%83%B3%E3%82%BF%E3%83%BC%E7%9F%B3%E5%B7%BB%E6%9D%B1%E5%BA%971%E9%9A%8E,2026-10-08,https://dcd.aikatsu.com/encore/pdf/shoplist.pdf,官方列出的設置店；未逐店確認現場稼動、台數與卡片庫存。地址定位尚未逐點核對。
モーリーファンタジー涌谷店,日本 宮城県遠田郡涌谷町字洞ヶ崎5番地 イオンスーパーセンター涌谷店1階,宮城県,東北,070-3100-7394,https://www.google.com/maps/search/?api=1&query=%E3%83%A2%E3%83%BC%E3%83%AA%E3%83%BC%E3%83%95%E3%82%A1%E3%83%B3%E3%82%BF%E3%82%B8%E3%83%BC%E6%B6%8C%E8%B0%B7%E5%BA%97%20%E5%AE%AE%E5%9F%8E%E7%9C%8C%E9%81%A0%E7%94%B0%E9%83%A1%E6%B6%8C%E8%B0%B7%E7%94%BA%E5%AD%97%E6%B4%9E%E3%83%B6%E5%B4%8E5%E7%95%AA%E5%9C%B0%20%E3%82%A4%E3%82%AA%E3%83%B3%E3%82%B9%E3%83%BC%E3%83%91%E3%83%BC%E3%82%BB%E3%83%B3%E3%82%BF%E3%83%BC%E6%B6%8C%E8%B0%B7%E5%BA%971%E9%9A%8E,2026-10-08,https://dcd.aikatsu.com/encore/pdf/shoplist.pdf,官方列出的設置店；未逐店確認現場稼動、台數與卡片庫存。地址定位尚未逐點核對。
モーリーファンタジー塩釜店,日本 宮城県塩釜市海岸通15番100号 イオンタウン塩釜店2階,宮城県,東北,070-3100-7407,https://www.google.com/maps/search/?api=1&query=%E3%83%A2%E3%83%BC%E3%83%AA%E3%83%BC%E3%83%95%E3%82%A1%E3%83%B3%E3%82%BF%E3%82%B8%E3%83%BC%E5%A1%A9%E9%87%9C%E5%BA%97%20%E5%AE%AE%E5%9F%8E%E7%9C%8C%E5%A1%A9%E9%87%9C%E5%B8%82%E6%B5%B7%E5%B2%B8%E9%80%9A15%E7%95%AA100%E5%8F%B7%20%E3%82%A4%E3%82%AA%E3%83%B3%E3%82%BF%E3%82%A6%E3%83%B3%E5%A1%A9%E9%87%9C%E5%BA%972%E9%9A%8E,2026-10-08,https://dcd.aikatsu.com/encore/pdf/shoplist.pdf,官方列出的設置店；未逐店確認現場稼動、台數與卡片庫存。地址定位尚未逐點核對。
モーリーファンタジー栗原志波姫店,日本 宮城県栗原市志波姫新熊谷11番 イオンスーパーセンター栗原志波姫店1階,宮城県,東北,070-3100-7403,https://www.google.com/maps/search/?api=1&query=%E3%83%A2%E3%83%BC%E3%83%AA%E3%83%BC%E3%83%95%E3%82%A1%E3%83%B3%E3%82%BF%E3%82%B8%E3%83%BC%E6%A0%97%E5%8E%9F%E5%BF%97%E6%B3%A2%E5%A7%AB%E5%BA%97%20%E5%AE%AE%E5%9F%8E%E7%9C%8C%E6%A0%97%E5%8E%9F%E5%B8%82%E5%BF%97%E6%B3%A2%E5%A7%AB%E6%96%B0%E7%86%8A%E8%B0%B711%E7%95%AA%20%E3%82%A4%E3%82%AA%E3%83%B3%E3%82%B9%E3%83%BC%E3%83%91%E3%83%BC%E3%82%BB%E3%83%B3%E3%82%BF%E3%83%BC%E6%A0%97%E5%8E%9F%E5%BF%97%E6%B3%A2%E5%A7%AB%E5%BA%971%E9%9A%8E,2026-10-08,https://dcd.aikatsu.com/encore/pdf/shoplist.pdf,官方列出的設置店；未逐店確認現場稼動、台數與卡片庫存。地址定位尚未逐點核對。
Ｔｅｃｃ LIFE SELECT仙台あすと長町店,日本 宮城県仙台市太白区あすと長町３丁目１番２９号,宮城県,東北,022-745-2190,https://www.google.com/maps/search/?api=1&query=%EF%BC%B4%EF%BD%85%EF%BD%83%EF%BD%83%20LIFE%20SELECT%E4%BB%99%E5%8F%B0%E3%81%82%E3%81%99%E3%81%A8%E9%95%B7%E7%94%BA%E5%BA%97%20%E5%AE%AE%E5%9F%8E%E7%9C%8C%E4%BB%99%E5%8F%B0%E5%B8%82%E5%A4%AA%E7%99%BD%E5%8C%BA%E3%81%82%E3%81%99%E3%81%A8%E9%95%B7%E7%94%BA%EF%BC%93%E4%B8%81%E7%9B%AE%EF%BC%91%E7%95%AA%EF%BC%92%EF%BC%99%E5%8F%B7,2026-10-08,https://dcd.aikatsu.com/encore/pdf/shoplist.pdf,官方列出的設置店；未逐店確認現場稼動、台數與卡片庫存。地址定位尚未逐點核對。
ヨドバシカメラ マルチメディア仙台,日本 宮城県仙台市宮城野区榴岡1-3-1,宮城県,東北,022-295-1010,https://www.google.com/maps/search/?api=1&query=%E3%83%A8%E3%83%89%E3%83%90%E3%82%B7%E3%82%AB%E3%83%A1%E3%83%A9%20%E3%83%9E%E3%83%AB%E3%83%81%E3%83%A1%E3%83%87%E3%82%A3%E3%82%A2%E4%BB%99%E5%8F%B0%20%E5%AE%AE%E5%9F%8E%E7%9C%8C%E4%BB%99%E5%8F%B0%E5%B8%82%E5%AE%AE%E5%9F%8E%E9%87%8E%E5%8C%BA%E6%A6%B4%E5%B2%A11-3-1,2026-10-08,https://dcd.aikatsu.com/encore/pdf/shoplist.pdf,官方列出的設置店；未逐店確認現場稼動、台數與卡片庫存。地址定位尚未逐點核對。
ソフマップ仙台駅前店,日本 宮城県仙台市青葉区中央４丁目１－１ EBeanS １Ｆ,宮城県,東北,050-3032-9888,https://www.google.com/maps/search/?api=1&query=%E3%82%BD%E3%83%95%E3%83%9E%E3%83%83%E3%83%97%E4%BB%99%E5%8F%B0%E9%A7%85%E5%89%8D%E5%BA%97%20%E5%AE%AE%E5%9F%8E%E7%9C%8C%E4%BB%99%E5%8F%B0%E5%B8%82%E9%9D%92%E8%91%89%E5%8C%BA%E4%B8%AD%E5%A4%AE%EF%BC%94%E4%B8%81%E7%9B%AE%EF%BC%91%EF%BC%8D%EF%BC%91%20EBeanS%20%EF%BC%91%EF%BC%A6,2026-10-08,https://dcd.aikatsu.com/encore/pdf/shoplist.pdf,官方列出的設置店；未逐店確認現場稼動、台數與卡片庫存。地址定位尚未逐點核對。
ユーズランド大河原店,日本 宮城県柴田郡大河原町小島２－１フォルテ２階,宮城県,東北,0224-51-1237,https://www.google.com/maps/search/?api=1&query=%E3%83%A6%E3%83%BC%E3%82%BA%E3%83%A9%E3%83%B3%E3%83%89%E5%A4%A7%E6%B2%B3%E5%8E%9F%E5%BA%97%20%E5%AE%AE%E5%9F%8E%E7%9C%8C%E6%9F%B4%E7%94%B0%E9%83%A1%E5%A4%A7%E6%B2%B3%E5%8E%9F%E7%94%BA%E5%B0%8F%E5%B3%B6%EF%BC%92%EF%BC%8D%EF%BC%91%E3%83%95%E3%82%A9%E3%83%AB%E3%83%86%EF%BC%92%E9%9A%8E,2026-10-08,https://dcd.aikatsu.com/encore/pdf/shoplist.pdf,官方列出的設置店；未逐店確認現場稼動、台數與卡片庫存。地址定位尚未逐點核對。
GiGO名取,日本 宮城県名取市飯野坂字土城堀57-1,宮城県,東北,070-1458-5284,https://www.google.com/maps/search/?api=1&query=GiGO%E5%90%8D%E5%8F%96%20%E5%AE%AE%E5%9F%8E%E7%9C%8C%E5%90%8D%E5%8F%96%E5%B8%82%E9%A3%AF%E9%87%8E%E5%9D%82%E5%AD%97%E5%9C%9F%E5%9F%8E%E5%A0%8057-1,2026-10-08,https://dcd.aikatsu.com/encore/pdf/shoplist.pdf,官方列出的設置店；未逐店確認現場稼動、台數與卡片庫存。地址定位尚未逐點核對。
GiGO仙台,日本 宮城県仙台市青葉区中央2-5-5三経60ビル,宮城県,東北,070-1458-0346,https://www.google.com/maps/search/?api=1&query=GiGO%E4%BB%99%E5%8F%B0%20%E5%AE%AE%E5%9F%8E%E7%9C%8C%E4%BB%99%E5%8F%B0%E5%B8%82%E9%9D%92%E8%91%89%E5%8C%BA%E4%B8%AD%E5%A4%AE2-5-5%E4%B8%89%E7%B5%8C60%E3%83%93%E3%83%AB,2026-10-08,https://dcd.aikatsu.com/encore/pdf/shoplist.pdf,官方列出的設置店；未逐店確認現場稼動、台數與卡片庫存。地址定位尚未逐點核對。
アミュージアムイオンタウン柴田店,日本 宮城県柴田郡柴田町上名生字新大原１９４−１ イオンタウン柴田,宮城県,東北,080-9027-7983,https://www.google.com/maps/search/?api=1&query=%E3%82%A2%E3%83%9F%E3%83%A5%E3%83%BC%E3%82%B8%E3%82%A2%E3%83%A0%E3%82%A4%E3%82%AA%E3%83%B3%E3%82%BF%E3%82%A6%E3%83%B3%E6%9F%B4%E7%94%B0%E5%BA%97%20%E5%AE%AE%E5%9F%8E%E7%9C%8C%E6%9F%B4%E7%94%B0%E9%83%A1%E6%9F%B4%E7%94%B0%E7%94%BA%E4%B8%8A%E5%90%8D%E7%94%9F%E5%AD%97%E6%96%B0%E5%A4%A7%E5%8E%9F%EF%BC%91%EF%BC%99%EF%BC%94%E2%88%92%EF%BC%91%20%E3%82%A4%E3%82%AA%E3%83%B3%E3%82%BF%E3%82%A6%E3%83%B3%E6%9F%B4%E7%94%B0,2026-10-08,https://dcd.aikatsu.com/encore/pdf/shoplist.pdf,官方列出的設置店；未逐店確認現場稼動、台數與卡片庫存。地址定位尚未逐點核對。
プラサカプコン石巻店,日本 宮城県石巻市茜平4丁目104イオンモール石巻2F,宮城県,東北,0225-92-1402,https://www.google.com/maps/search/?api=1&query=%E3%83%97%E3%83%A9%E3%82%B5%E3%82%AB%E3%83%97%E3%82%B3%E3%83%B3%E7%9F%B3%E5%B7%BB%E5%BA%97%20%E5%AE%AE%E5%9F%8E%E7%9C%8C%E7%9F%B3%E5%B7%BB%E5%B8%82%E8%8C%9C%E5%B9%B34%E4%B8%81%E7%9B%AE104%E3%82%A4%E3%82%AA%E3%83%B3%E3%83%A2%E3%83%BC%E3%83%AB%E7%9F%B3%E5%B7%BB2F,2026-10-08,https://dcd.aikatsu.com/encore/pdf/shoplist.pdf,官方列出的設置店；未逐店確認現場稼動、台數與卡片庫存。地址定位尚未逐點核對。
プラサカプコン イオンタウン佐沼店,日本 宮城県登米市南方町新島前46-1イオンタウン佐沼1階,宮城県,東北,0220-21-6050,https://www.google.com/maps/search/?api=1&query=%E3%83%97%E3%83%A9%E3%82%B5%E3%82%AB%E3%83%97%E3%82%B3%E3%83%B3%20%E3%82%A4%E3%82%AA%E3%83%B3%E3%82%BF%E3%82%A6%E3%83%B3%E4%BD%90%E6%B2%BC%E5%BA%97%20%E5%AE%AE%E5%9F%8E%E7%9C%8C%E7%99%BB%E7%B1%B3%E5%B8%82%E5%8D%97%E6%96%B9%E7%94%BA%E6%96%B0%E5%B3%B6%E5%89%8D46-1%E3%82%A4%E3%82%AA%E3%83%B3%E3%82%BF%E3%82%A6%E3%83%B3%E4%BD%90%E6%B2%BC1%E9%9A%8E,2026-10-08,https://dcd.aikatsu.com/encore/pdf/shoplist.pdf,官方列出的設置店；未逐店確認現場稼動、台數與卡片庫存。地址定位尚未逐點核對。
SOYU Game Field矢本店,日本 宮城県東松島市小松字上浮足43番地イオンタウン矢本,宮城県,東北,0225-24-6390,https://www.google.com/maps/search/?api=1&query=SOYU%20Game%20Field%E7%9F%A2%E6%9C%AC%E5%BA%97%20%E5%AE%AE%E5%9F%8E%E7%9C%8C%E6%9D%B1%E6%9D%BE%E5%B3%B6%E5%B8%82%E5%B0%8F%E6%9D%BE%E5%AD%97%E4%B8%8A%E6%B5%AE%E8%B6%B343%E7%95%AA%E5%9C%B0%E3%82%A4%E3%82%AA%E3%83%B3%E3%82%BF%E3%82%A6%E3%83%B3%E7%9F%A2%E6%9C%AC,2026-10-08,https://dcd.aikatsu.com/encore/pdf/shoplist.pdf,官方列出的設置店；未逐店確認現場稼動、台數與卡片庫存。地址定位尚未逐點核對。
ゲームフィールド仙台長町店,日本 宮城県仙台市太白区長町7-20-3ザ・モール仙台長町店3階,宮城県,東北,022-304-2371,https://www.google.com/maps/search/?api=1&query=%E3%82%B2%E3%83%BC%E3%83%A0%E3%83%95%E3%82%A3%E3%83%BC%E3%83%AB%E3%83%89%E4%BB%99%E5%8F%B0%E9%95%B7%E7%94%BA%E5%BA%97%20%E5%AE%AE%E5%9F%8E%E7%9C%8C%E4%BB%99%E5%8F%B0%E5%B8%82%E5%A4%AA%E7%99%BD%E5%8C%BA%E9%95%B7%E7%94%BA7-20-3%E3%82%B6%E3%83%BB%E3%83%A2%E3%83%BC%E3%83%AB%E4%BB%99%E5%8F%B0%E9%95%B7%E7%94%BA%E5%BA%973%E9%9A%8E,2026-10-08,https://dcd.aikatsu.com/encore/pdf/shoplist.pdf,官方列出的設置店；未逐店確認現場稼動、台數與卡片庫存。地址定位尚未逐點核對。
SOYU Game Field古川店,日本 宮城県大崎市古川沢田字筒場浦15番地イオンタウン古川内,宮城県,東北,0229-27-1785,https://www.google.com/maps/search/?api=1&query=SOYU%20Game%20Field%E5%8F%A4%E5%B7%9D%E5%BA%97%20%E5%AE%AE%E5%9F%8E%E7%9C%8C%E5%A4%A7%E5%B4%8E%E5%B8%82%E5%8F%A4%E5%B7%9D%E6%B2%A2%E7%94%B0%E5%AD%97%E7%AD%92%E5%A0%B4%E6%B5%A615%E7%95%AA%E5%9C%B0%E3%82%A4%E3%82%AA%E3%83%B3%E3%82%BF%E3%82%A6%E3%83%B3%E5%8F%A4%E5%B7%9D%E5%86%85,2026-10-08,https://dcd.aikatsu.com/encore/pdf/shoplist.pdf,官方列出的設置店；未逐店確認現場稼動、台數與卡片庫存。地址定位尚未逐點核對。
タイトーステーション仙台名掛丁店,日本 宮城県仙台市青葉区中央１－７－１３ハピナ名掛丁商街,宮城県,東北,022-215-1664,https://www.google.com/maps/search/?api=1&query=%E3%82%BF%E3%82%A4%E3%83%88%E3%83%BC%E3%82%B9%E3%83%86%E3%83%BC%E3%82%B7%E3%83%A7%E3%83%B3%E4%BB%99%E5%8F%B0%E5%90%8D%E6%8E%9B%E4%B8%81%E5%BA%97%20%E5%AE%AE%E5%9F%8E%E7%9C%8C%E4%BB%99%E5%8F%B0%E5%B8%82%E9%9D%92%E8%91%89%E5%8C%BA%E4%B8%AD%E5%A4%AE%EF%BC%91%EF%BC%8D%EF%BC%97%EF%BC%8D%EF%BC%91%EF%BC%93%E3%83%8F%E3%83%94%E3%83%8A%E5%90%8D%E6%8E%9B%E4%B8%81%E5%95%86%E8%A1%97,2026-10-08,https://dcd.aikatsu.com/encore/pdf/shoplist.pdf,官方列出的設置店；未逐店確認現場稼動、台數與卡片庫存。地址定位尚未逐點核對。
タイトーステーション仙台クリスロード店,日本 宮城県仙台市青葉区中央２－３－２５,宮城県,東北,022-262-2541,https://www.google.com/maps/search/?api=1&query=%E3%82%BF%E3%82%A4%E3%83%88%E3%83%BC%E3%82%B9%E3%83%86%E3%83%BC%E3%82%B7%E3%83%A7%E3%83%B3%E4%BB%99%E5%8F%B0%E3%82%AF%E3%83%AA%E3%82%B9%E3%83%AD%E3%83%BC%E3%83%89%E5%BA%97%20%E5%AE%AE%E5%9F%8E%E7%9C%8C%E4%BB%99%E5%8F%B0%E5%B8%82%E9%9D%92%E8%91%89%E5%8C%BA%E4%B8%AD%E5%A4%AE%EF%BC%92%EF%BC%8D%EF%BC%93%EF%BC%8D%EF%BC%92%EF%BC%95,2026-10-08,https://dcd.aikatsu.com/encore/pdf/shoplist.pdf,官方列出的設置店；未逐店確認現場稼動、台數與卡片庫存。地址定位尚未逐點核對。
ｎａｍｃｏイオンモール富谷店,日本 宮城県富谷市大清水１－３３－１ イオンモール富谷店２階,宮城県,東北,022-342-0586,https://www.google.com/maps/search/?api=1&query=%EF%BD%8E%EF%BD%81%EF%BD%8D%EF%BD%83%EF%BD%8F%E3%82%A4%E3%82%AA%E3%83%B3%E3%83%A2%E3%83%BC%E3%83%AB%E5%AF%8C%E8%B0%B7%E5%BA%97%20%E5%AE%AE%E5%9F%8E%E7%9C%8C%E5%AF%8C%E8%B0%B7%E5%B8%82%E5%A4%A7%E6%B8%85%E6%B0%B4%EF%BC%91%EF%BC%8D%EF%BC%93%EF%BC%93%EF%BC%8D%EF%BC%91%20%E3%82%A4%E3%82%AA%E3%83%B3%E3%83%A2%E3%83%BC%E3%83%AB%E5%AF%8C%E8%B0%B7%E5%BA%97%EF%BC%92%E9%9A%8E,2026-10-08,https://dcd.aikatsu.com/encore/pdf/shoplist.pdf,官方列出的設置店；未逐店確認現場稼動、台數與卡片庫存。地址定位尚未逐點核對。
バンダイナムコＣｒｏｓｓ Ｓｔｏｒｅ仙台,日本 宮城県名取市杜せきのした５－３－１ イオンモール名取３Ｆ,宮城県,東北,0570-076557,https://www.google.com/maps/search/?api=1&query=%E3%83%90%E3%83%B3%E3%83%80%E3%82%A4%E3%83%8A%E3%83%A0%E3%82%B3%EF%BC%A3%EF%BD%92%EF%BD%8F%EF%BD%93%EF%BD%93%20%EF%BC%B3%EF%BD%94%EF%BD%8F%EF%BD%92%EF%BD%85%E4%BB%99%E5%8F%B0%20%E5%AE%AE%E5%9F%8E%E7%9C%8C%E5%90%8D%E5%8F%96%E5%B8%82%E6%9D%9C%E3%81%9B%E3%81%8D%E3%81%AE%E3%81%97%E3%81%9F%EF%BC%95%EF%BC%8D%EF%BC%93%EF%BC%8D%EF%BC%91%20%E3%82%A4%E3%82%AA%E3%83%B3%E3%83%A2%E3%83%BC%E3%83%AB%E5%90%8D%E5%8F%96%EF%BC%93%EF%BC%A6,2026-10-08,https://dcd.aikatsu.com/encore/pdf/shoplist.pdf,官方列出的設置店；未逐店確認現場稼動、台數與卡片庫存。地址定位尚未逐點核對。
ｎａｍｃｏイオンモール新利府 南館店,日本 宮城県宮城郡利府町新中道３－１－１ イオンモール新利府南館３階３０２８区画,宮城県,東北,022-766-9402,https://www.google.com/maps/search/?api=1&query=%EF%BD%8E%EF%BD%81%EF%BD%8D%EF%BD%83%EF%BD%8F%E3%82%A4%E3%82%AA%E3%83%B3%E3%83%A2%E3%83%BC%E3%83%AB%E6%96%B0%E5%88%A9%E5%BA%9C%20%E5%8D%97%E9%A4%A8%E5%BA%97%20%E5%AE%AE%E5%9F%8E%E7%9C%8C%E5%AE%AE%E5%9F%8E%E9%83%A1%E5%88%A9%E5%BA%9C%E7%94%BA%E6%96%B0%E4%B8%AD%E9%81%93%EF%BC%93%EF%BC%8D%EF%BC%91%EF%BC%8D%EF%BC%91%20%E3%82%A4%E3%82%AA%E3%83%B3%E3%83%A2%E3%83%BC%E3%83%AB%E6%96%B0%E5%88%A9%E5%BA%9C%E5%8D%97%E9%A4%A8%EF%BC%93%E9%9A%8E%EF%BC%93%EF%BC%90%EF%BC%92%EF%BC%98%E5%8C%BA%E7%94%BB,2026-10-08,https://dcd.aikatsu.com/encore/pdf/shoplist.pdf,官方列出的設置店；未逐店確認現場稼動、台數與卡片庫存。地址定位尚未逐點核對。
ｎａｍｃｏＢｉＶｉ仙台駅東口店,日本 宮城県仙台市宮城野区榴岡２－１－２５ ＢｉＶｉ仙台駅東口店２階,宮城県,東北,022-352-6367,https://www.google.com/maps/search/?api=1&query=%EF%BD%8E%EF%BD%81%EF%BD%8D%EF%BD%83%EF%BD%8F%EF%BC%A2%EF%BD%89%EF%BC%B6%EF%BD%89%E4%BB%99%E5%8F%B0%E9%A7%85%E6%9D%B1%E5%8F%A3%E5%BA%97%20%E5%AE%AE%E5%9F%8E%E7%9C%8C%E4%BB%99%E5%8F%B0%E5%B8%82%E5%AE%AE%E5%9F%8E%E9%87%8E%E5%8C%BA%E6%A6%B4%E5%B2%A1%EF%BC%92%EF%BC%8D%EF%BC%91%EF%BC%8D%EF%BC%92%EF%BC%95%20%EF%BC%A2%EF%BD%89%EF%BC%B6%EF%BD%89%E4%BB%99%E5%8F%B0%E9%A7%85%E6%9D%B1%E5%8F%A3%E5%BA%97%EF%BC%92%E9%9A%8E,2026-10-08,https://dcd.aikatsu.com/encore/pdf/shoplist.pdf,官方列出的設置店；未逐店確認現場稼動、台數與卡片庫存。地址定位尚未逐點核對。
ラウンドワンスタジアム仙台泉,日本 宮城県仙台市泉区大沢2-12-4 仙台泉インターシティ1・2F,宮城県,東北,022-347-4471,https://www.google.com/maps/search/?api=1&query=%E3%83%A9%E3%82%A6%E3%83%B3%E3%83%89%E3%83%AF%E3%83%B3%E3%82%B9%E3%82%BF%E3%82%B8%E3%82%A2%E3%83%A0%E4%BB%99%E5%8F%B0%E6%B3%89%20%E5%AE%AE%E5%9F%8E%E7%9C%8C%E4%BB%99%E5%8F%B0%E5%B8%82%E6%B3%89%E5%8C%BA%E5%A4%A7%E6%B2%A22-12-4%20%E4%BB%99%E5%8F%B0%E6%B3%89%E3%82%A4%E3%83%B3%E3%82%BF%E3%83%BC%E3%82%B7%E3%83%86%E3%82%A31%E3%83%BB2F,2026-10-08,https://dcd.aikatsu.com/encore/pdf/shoplist.pdf,官方列出的設置店；未逐店確認現場稼動、台數與卡片庫存。地址定位尚未逐點核對。
アピナ富谷店,日本 宮城県富谷市大清水1-33-1 イオンモール富谷別棟109シネマズ富谷1F,宮城県,東北,022-341-5177,https://www.google.com/maps/search/?api=1&query=%E3%82%A2%E3%83%94%E3%83%8A%E5%AF%8C%E8%B0%B7%E5%BA%97%20%E5%AE%AE%E5%9F%8E%E7%9C%8C%E5%AF%8C%E8%B0%B7%E5%B8%82%E5%A4%A7%E6%B8%85%E6%B0%B41-33-1%20%E3%82%A4%E3%82%AA%E3%83%B3%E3%83%A2%E3%83%BC%E3%83%AB%E5%AF%8C%E8%B0%B7%E5%88%A5%E6%A3%9F109%E3%82%B7%E3%83%8D%E3%83%9E%E3%82%BA%E5%AF%8C%E8%B0%B71F,2026-10-08,https://dcd.aikatsu.com/encore/pdf/shoplist.pdf,官方列出的設置店；未逐店確認現場稼動、台數與卡片庫存。地址定位尚未逐點核對。
アピナ新利府北館店,日本 宮城県宮城郡利府町利府字新屋田前22イオンモール新利府北館2F,宮城県,東北,022-767-6633,https://www.google.com/maps/search/?api=1&query=%E3%82%A2%E3%83%94%E3%83%8A%E6%96%B0%E5%88%A9%E5%BA%9C%E5%8C%97%E9%A4%A8%E5%BA%97%20%E5%AE%AE%E5%9F%8E%E7%9C%8C%E5%AE%AE%E5%9F%8E%E9%83%A1%E5%88%A9%E5%BA%9C%E7%94%BA%E5%88%A9%E5%BA%9C%E5%AD%97%E6%96%B0%E5%B1%8B%E7%94%B0%E5%89%8D22%E3%82%A4%E3%82%AA%E3%83%B3%E3%83%A2%E3%83%BC%E3%83%AB%E6%96%B0%E5%88%A9%E5%BA%9C%E5%8C%97%E9%A4%A82F,2026-10-08,https://dcd.aikatsu.com/encore/pdf/shoplist.pdf,官方列出的設置店；未逐店確認現場稼動、台數與卡片庫存。地址定位尚未逐點核對。
ゲームコーナー東部,日本 宮城県仙台市若林区六丁の目中町２６－６０斎喜東部ビル２階,宮城県,東北,022-287-5880,https://www.google.com/maps/search/?api=1&query=%E3%82%B2%E3%83%BC%E3%83%A0%E3%82%B3%E3%83%BC%E3%83%8A%E3%83%BC%E6%9D%B1%E9%83%A8%20%E5%AE%AE%E5%9F%8E%E7%9C%8C%E4%BB%99%E5%8F%B0%E5%B8%82%E8%8B%A5%E6%9E%97%E5%8C%BA%E5%85%AD%E4%B8%81%E3%81%AE%E7%9B%AE%E4%B8%AD%E7%94%BA%EF%BC%92%EF%BC%96%EF%BC%8D%EF%BC%96%EF%BC%90%E6%96%8E%E5%96%9C%E6%9D%B1%E9%83%A8%E3%83%93%E3%83%AB%EF%BC%92%E9%9A%8E,2026-10-08,https://dcd.aikatsu.com/encore/pdf/shoplist.pdf,官方列出的設置店；未逐店確認現場稼動、台數與卡片庫存。地址定位尚未逐點核對。
ファミリーランド加賀野店,日本 宮城県登米市中田町石森字加賀野3-6-1 みやぎ生協加賀野店1階,宮城県,東北,0220-34-7921,https://www.google.com/maps/search/?api=1&query=%E3%83%95%E3%82%A1%E3%83%9F%E3%83%AA%E3%83%BC%E3%83%A9%E3%83%B3%E3%83%89%E5%8A%A0%E8%B3%80%E9%87%8E%E5%BA%97%20%E5%AE%AE%E5%9F%8E%E7%9C%8C%E7%99%BB%E7%B1%B3%E5%B8%82%E4%B8%AD%E7%94%B0%E7%94%BA%E7%9F%B3%E6%A3%AE%E5%AD%97%E5%8A%A0%E8%B3%80%E9%87%8E3-6-1%20%E3%81%BF%E3%82%84%E3%81%8E%E7%94%9F%E5%8D%94%E5%8A%A0%E8%B3%80%E9%87%8E%E5%BA%971%E9%9A%8E,2026-10-08,https://dcd.aikatsu.com/encore/pdf/shoplist.pdf,官方列出的設置店；未逐店確認現場稼動、台數與卡片庫存。地址定位尚未逐點核對。
GAMEBANK仙台泉,日本 宮城県仙台市泉区大沢２－５－４ＧＡＭＥＢＡＮＫ仙台泉,宮城県,東北,022-776-5677,https://www.google.com/maps/search/?api=1&query=GAMEBANK%E4%BB%99%E5%8F%B0%E6%B3%89%20%E5%AE%AE%E5%9F%8E%E7%9C%8C%E4%BB%99%E5%8F%B0%E5%B8%82%E6%B3%89%E5%8C%BA%E5%A4%A7%E6%B2%A2%EF%BC%92%EF%BC%8D%EF%BC%95%EF%BC%8D%EF%BC%94%EF%BC%A7%EF%BC%A1%EF%BC%AD%EF%BC%A5%EF%BC%A2%EF%BC%A1%EF%BC%AE%EF%BC%AB%E4%BB%99%E5%8F%B0%E6%B3%89,2026-10-08,https://dcd.aikatsu.com/encore/pdf/shoplist.pdf,官方列出的設置店；未逐店確認現場稼動、台數與卡片庫存。地址定位尚未逐點核對。
モーリーファンタジー能代店,日本 秋田県能代市柳町11-1 イオン能代店3階,秋田県,東北,070-3100-4928,https://www.google.com/maps/search/?api=1&query=%E3%83%A2%E3%83%BC%E3%83%AA%E3%83%BC%E3%83%95%E3%82%A1%E3%83%B3%E3%82%BF%E3%82%B8%E3%83%BC%E8%83%BD%E4%BB%A3%E5%BA%97%20%E7%A7%8B%E7%94%B0%E7%9C%8C%E8%83%BD%E4%BB%A3%E5%B8%82%E6%9F%B3%E7%94%BA11-1%20%E3%82%A4%E3%82%AA%E3%83%B3%E8%83%BD%E4%BB%A3%E5%BA%973%E9%9A%8E,2026-10-08,https://dcd.aikatsu.com/encore/pdf/shoplist.pdf,官方列出的設置店；未逐店確認現場稼動、台數與卡片庫存。地址定位尚未逐點核對。
モーリーファンタジー中仙店,日本 秋田県大仙市北長野字袴田188 イオン中仙店2階,秋田県,東北,070-3100-4044,https://www.google.com/maps/search/?api=1&query=%E3%83%A2%E3%83%BC%E3%83%AA%E3%83%BC%E3%83%95%E3%82%A1%E3%83%B3%E3%82%BF%E3%82%B8%E3%83%BC%E4%B8%AD%E4%BB%99%E5%BA%97%20%E7%A7%8B%E7%94%B0%E7%9C%8C%E5%A4%A7%E4%BB%99%E5%B8%82%E5%8C%97%E9%95%B7%E9%87%8E%E5%AD%97%E8%A2%B4%E7%94%B0188%20%E3%82%A4%E3%82%AA%E3%83%B3%E4%B8%AD%E4%BB%99%E5%BA%972%E9%9A%8E,2026-10-08,https://dcd.aikatsu.com/encore/pdf/shoplist.pdf,官方列出的設置店；未逐店確認現場稼動、台數與卡片庫存。地址定位尚未逐點核對。
モーリーファンタジー横手店,日本 秋田県横手市安田字向田147 イオン横手店2階,秋田県,東北,070-3100-4988,https://www.google.com/maps/search/?api=1&query=%E3%83%A2%E3%83%BC%E3%83%AA%E3%83%BC%E3%83%95%E3%82%A1%E3%83%B3%E3%82%BF%E3%82%B8%E3%83%BC%E6%A8%AA%E6%89%8B%E5%BA%97%20%E7%A7%8B%E7%94%B0%E7%9C%8C%E6%A8%AA%E6%89%8B%E5%B8%82%E5%AE%89%E7%94%B0%E5%AD%97%E5%90%91%E7%94%B0147%20%E3%82%A4%E3%82%AA%E3%83%B3%E6%A8%AA%E6%89%8B%E5%BA%972%E9%9A%8E,2026-10-08,https://dcd.aikatsu.com/encore/pdf/shoplist.pdf,官方列出的設置店；未逐店確認現場稼動、台數與卡片庫存。地址定位尚未逐點核對。
モーリーファンタジー大曲店,日本 秋田県大仙市和合字坪立177番地 イオン大曲店2階,秋田県,東北,070-3100-4589,https://www.google.com/maps/search/?api=1&query=%E3%83%A2%E3%83%BC%E3%83%AA%E3%83%BC%E3%83%95%E3%82%A1%E3%83%B3%E3%82%BF%E3%82%B8%E3%83%BC%E5%A4%A7%E6%9B%B2%E5%BA%97%20%E7%A7%8B%E7%94%B0%E7%9C%8C%E5%A4%A7%E4%BB%99%E5%B8%82%E5%92%8C%E5%90%88%E5%AD%97%E5%9D%AA%E7%AB%8B177%E7%95%AA%E5%9C%B0%20%E3%82%A4%E3%82%AA%E3%83%B3%E5%A4%A7%E6%9B%B2%E5%BA%972%E9%9A%8E,2026-10-08,https://dcd.aikatsu.com/encore/pdf/shoplist.pdf,官方列出的設置店；未逐店確認現場稼動、台數與卡片庫存。地址定位尚未逐點核對。
モーリーファンタジー御所野店,日本 秋田県秋田市御所野地蔵田1-1-1 イオン御所野店3階,秋田県,東北,070-3100-5448,https://www.google.com/maps/search/?api=1&query=%E3%83%A2%E3%83%BC%E3%83%AA%E3%83%BC%E3%83%95%E3%82%A1%E3%83%B3%E3%82%BF%E3%82%B8%E3%83%BC%E5%BE%A1%E6%89%80%E9%87%8E%E5%BA%97%20%E7%A7%8B%E7%94%B0%E7%9C%8C%E7%A7%8B%E7%94%B0%E5%B8%82%E5%BE%A1%E6%89%80%E9%87%8E%E5%9C%B0%E8%94%B5%E7%94%B01-1-1%20%E3%82%A4%E3%82%AA%E3%83%B3%E5%BE%A1%E6%89%80%E9%87%8E%E5%BA%973%E9%9A%8E,2026-10-08,https://dcd.aikatsu.com/encore/pdf/shoplist.pdf,官方列出的設置店；未逐店確認現場稼動、台數與卡片庫存。地址定位尚未逐點核對。
モーリーファンタジー秋田中央店,日本 秋田県秋田市楢山川口境5-11 イオン秋田中央店3階,秋田県,東北,070-3100-5376,https://www.google.com/maps/search/?api=1&query=%E3%83%A2%E3%83%BC%E3%83%AA%E3%83%BC%E3%83%95%E3%82%A1%E3%83%B3%E3%82%BF%E3%82%B8%E3%83%BC%E7%A7%8B%E7%94%B0%E4%B8%AD%E5%A4%AE%E5%BA%97%20%E7%A7%8B%E7%94%B0%E7%9C%8C%E7%A7%8B%E7%94%B0%E5%B8%82%E6%A5%A2%E5%B1%B1%E5%B7%9D%E5%8F%A3%E5%A2%835-11%20%E3%82%A4%E3%82%AA%E3%83%B3%E7%A7%8B%E7%94%B0%E4%B8%AD%E5%A4%AE%E5%BA%973%E9%9A%8E,2026-10-08,https://dcd.aikatsu.com/encore/pdf/shoplist.pdf,官方列出的設置店；未逐店確認現場稼動、台數與卡片庫存。地址定位尚未逐點核對。
モーリーファンタジー本荘店,日本 秋田県由利本荘市石脇田中138 イオンスーパーセンター本荘,秋田県,東北,080-3476-8892,https://www.google.com/maps/search/?api=1&query=%E3%83%A2%E3%83%BC%E3%83%AA%E3%83%BC%E3%83%95%E3%82%A1%E3%83%B3%E3%82%BF%E3%82%B8%E3%83%BC%E6%9C%AC%E8%8D%98%E5%BA%97%20%E7%A7%8B%E7%94%B0%E7%9C%8C%E7%94%B1%E5%88%A9%E6%9C%AC%E8%8D%98%E5%B8%82%E7%9F%B3%E8%84%87%E7%94%B0%E4%B8%AD138%20%E3%82%A4%E3%82%AA%E3%83%B3%E3%82%B9%E3%83%BC%E3%83%91%E3%83%BC%E3%82%BB%E3%83%B3%E3%82%BF%E3%83%BC%E6%9C%AC%E8%8D%98,2026-10-08,https://dcd.aikatsu.com/encore/pdf/shoplist.pdf,官方列出的設置店；未逐店確認現場稼動、台數與卡片庫存。地址定位尚未逐點核對。
モーリーファンタジー大館店,日本 秋田県大館市大田面238 イオンスーパーセンター大館店1階,秋田県,東北,070-3100-7392,https://www.google.com/maps/search/?api=1&query=%E3%83%A2%E3%83%BC%E3%83%AA%E3%83%BC%E3%83%95%E3%82%A1%E3%83%B3%E3%82%BF%E3%82%B8%E3%83%BC%E5%A4%A7%E9%A4%A8%E5%BA%97%20%E7%A7%8B%E7%94%B0%E7%9C%8C%E5%A4%A7%E9%A4%A8%E5%B8%82%E5%A4%A7%E7%94%B0%E9%9D%A2238%20%E3%82%A4%E3%82%AA%E3%83%B3%E3%82%B9%E3%83%BC%E3%83%91%E3%83%BC%E3%82%BB%E3%83%B3%E3%82%BF%E3%83%BC%E5%A4%A7%E9%A4%A8%E5%BA%971%E9%9A%8E,2026-10-08,https://dcd.aikatsu.com/encore/pdf/shoplist.pdf,官方列出的設置店；未逐店確認現場稼動、台數與卡片庫存。地址定位尚未逐點核對。
イオンスーパーセンター五城目店,日本 秋田県南秋田郡五城目町大川西野字田屋前１３８,秋田県,東北,018-879-8211,https://www.google.com/maps/search/?api=1&query=%E3%82%A4%E3%82%AA%E3%83%B3%E3%82%B9%E3%83%BC%E3%83%91%E3%83%BC%E3%82%BB%E3%83%B3%E3%82%BF%E3%83%BC%E4%BA%94%E5%9F%8E%E7%9B%AE%E5%BA%97%20%E7%A7%8B%E7%94%B0%E7%9C%8C%E5%8D%97%E7%A7%8B%E7%94%B0%E9%83%A1%E4%BA%94%E5%9F%8E%E7%9B%AE%E7%94%BA%E5%A4%A7%E5%B7%9D%E8%A5%BF%E9%87%8E%E5%AD%97%E7%94%B0%E5%B1%8B%E5%89%8D%EF%BC%91%EF%BC%93%EF%BC%98,2026-10-08,https://dcd.aikatsu.com/encore/pdf/shoplist.pdf,官方列出的設置店；未逐店確認現場稼動、台數與卡片庫存。地址定位尚未逐點核對。
イオンスーパーセンター湯沢店,日本 秋田県湯沢市字上萩生田１６２,秋田県,東北,0183-78-0088,https://www.google.com/maps/search/?api=1&query=%E3%82%A4%E3%82%AA%E3%83%B3%E3%82%B9%E3%83%BC%E3%83%91%E3%83%BC%E3%82%BB%E3%83%B3%E3%82%BF%E3%83%BC%E6%B9%AF%E6%B2%A2%E5%BA%97%20%E7%A7%8B%E7%94%B0%E7%9C%8C%E6%B9%AF%E6%B2%A2%E5%B8%82%E5%AD%97%E4%B8%8A%E8%90%A9%E7%94%9F%E7%94%B0%EF%BC%91%EF%BC%96%EF%BC%92,2026-10-08,https://dcd.aikatsu.com/encore/pdf/shoplist.pdf,官方列出的設置店；未逐店確認現場稼動、台數與卡片庫存。地址定位尚未逐點核對。
プラサカプコン大曲店,日本 秋田県大仙市和合坪立１７７イオン大曲２階,秋田県,東北,0187-86-3444,https://www.google.com/maps/search/?api=1&query=%E3%83%97%E3%83%A9%E3%82%B5%E3%82%AB%E3%83%97%E3%82%B3%E3%83%B3%E5%A4%A7%E6%9B%B2%E5%BA%97%20%E7%A7%8B%E7%94%B0%E7%9C%8C%E5%A4%A7%E4%BB%99%E5%B8%82%E5%92%8C%E5%90%88%E5%9D%AA%E7%AB%8B%EF%BC%91%EF%BC%97%EF%BC%97%E3%82%A4%E3%82%AA%E3%83%B3%E5%A4%A7%E6%9B%B2%EF%BC%92%E9%9A%8E,2026-10-08,https://dcd.aikatsu.com/encore/pdf/shoplist.pdf,官方列出的設置店；未逐店確認現場稼動、台數與卡片庫存。地址定位尚未逐點核對。
ゲームフィールド十文字店,日本 秋田県横手市十文字町仁井田東22-1スーパーモールラッキー,秋田県,東北,0182-47-7550,https://www.google.com/maps/search/?api=1&query=%E3%82%B2%E3%83%BC%E3%83%A0%E3%83%95%E3%82%A3%E3%83%BC%E3%83%AB%E3%83%89%E5%8D%81%E6%96%87%E5%AD%97%E5%BA%97%20%E7%A7%8B%E7%94%B0%E7%9C%8C%E6%A8%AA%E6%89%8B%E5%B8%82%E5%8D%81%E6%96%87%E5%AD%97%E7%94%BA%E4%BB%81%E4%BA%95%E7%94%B0%E6%9D%B122-1%E3%82%B9%E3%83%BC%E3%83%91%E3%83%BC%E3%83%A2%E3%83%BC%E3%83%AB%E3%83%A9%E3%83%83%E3%82%AD%E3%83%BC,2026-10-08,https://dcd.aikatsu.com/encore/pdf/shoplist.pdf,官方列出的設置店；未逐店確認現場稼動、台數與卡片庫存。地址定位尚未逐點核對。
ソユープレイランドソピアいとくアクロス能代店,日本 秋田県能代市寺向70いとくアクロス能代,秋田県,東北,0185-54-7788,https://www.google.com/maps/search/?api=1&query=%E3%82%BD%E3%83%A6%E3%83%BC%E3%83%97%E3%83%AC%E3%82%A4%E3%83%A9%E3%83%B3%E3%83%89%E3%82%BD%E3%83%94%E3%82%A2%E3%81%84%E3%81%A8%E3%81%8F%E3%82%A2%E3%82%AF%E3%83%AD%E3%82%B9%E8%83%BD%E4%BB%A3%E5%BA%97%20%E7%A7%8B%E7%94%B0%E7%9C%8C%E8%83%BD%E4%BB%A3%E5%B8%82%E5%AF%BA%E5%90%9170%E3%81%84%E3%81%A8%E3%81%8F%E3%82%A2%E3%82%AF%E3%83%AD%E3%82%B9%E8%83%BD%E4%BB%A3,2026-10-08,https://dcd.aikatsu.com/encore/pdf/shoplist.pdf,官方列出的設置店；未逐店確認現場稼動、台數與卡片庫存。地址定位尚未逐點核對。
ソユーゲームフィールド能代店,日本 秋田県能代市鰄渕字古屋布1番 イオンタウン能代内,秋田県,東北,0185-74-9195,https://www.google.com/maps/search/?api=1&query=%E3%82%BD%E3%83%A6%E3%83%BC%E3%82%B2%E3%83%BC%E3%83%A0%E3%83%95%E3%82%A3%E3%83%BC%E3%83%AB%E3%83%89%E8%83%BD%E4%BB%A3%E5%BA%97%20%E7%A7%8B%E7%94%B0%E7%9C%8C%E8%83%BD%E4%BB%A3%E5%B8%82%E9%B0%84%E6%B8%95%E5%AD%97%E5%8F%A4%E5%B1%8B%E5%B8%831%E7%95%AA%20%E3%82%A4%E3%82%AA%E3%83%B3%E3%82%BF%E3%82%A6%E3%83%B3%E8%83%BD%E4%BB%A3%E5%86%85,2026-10-08,https://dcd.aikatsu.com/encore/pdf/shoplist.pdf,官方列出的設置店；未逐店確認現場稼動、台數與卡片庫存。地址定位尚未逐點核對。
SOYU Game Field大館店,日本 秋田県大館市御成町3-7-58いとく大館ショッピングセンター3F,秋田県,東北,0186-59-7212,https://www.google.com/maps/search/?api=1&query=SOYU%20Game%20Field%E5%A4%A7%E9%A4%A8%E5%BA%97%20%E7%A7%8B%E7%94%B0%E7%9C%8C%E5%A4%A7%E9%A4%A8%E5%B8%82%E5%BE%A1%E6%88%90%E7%94%BA3-7-58%E3%81%84%E3%81%A8%E3%81%8F%E5%A4%A7%E9%A4%A8%E3%82%B7%E3%83%A7%E3%83%83%E3%83%94%E3%83%B3%E3%82%B0%E3%82%BB%E3%83%B3%E3%82%BF%E3%83%BC3F,2026-10-08,https://dcd.aikatsu.com/encore/pdf/shoplist.pdf,官方列出的設置店；未逐店確認現場稼動、台數與卡片庫存。地址定位尚未逐點核對。
ゲームフィールド鷹巣店,日本 秋田県北秋田市栄字前網76いとく鷹巣店内,秋田県,東北,0186-69-8882,https://www.google.com/maps/search/?api=1&query=%E3%82%B2%E3%83%BC%E3%83%A0%E3%83%95%E3%82%A3%E3%83%BC%E3%83%AB%E3%83%89%E9%B7%B9%E5%B7%A3%E5%BA%97%20%E7%A7%8B%E7%94%B0%E7%9C%8C%E5%8C%97%E7%A7%8B%E7%94%B0%E5%B8%82%E6%A0%84%E5%AD%97%E5%89%8D%E7%B6%B276%E3%81%84%E3%81%A8%E3%81%8F%E9%B7%B9%E5%B7%A3%E5%BA%97%E5%86%85,2026-10-08,https://dcd.aikatsu.com/encore/pdf/shoplist.pdf,官方列出的設置店；未逐店確認現場稼動、台數與卡片庫存。地址定位尚未逐點核對。
ソユーゲームフィールド御所野店,日本 秋田県秋田市御所野地蔵田1－1－1イオンモール秋田2階,秋田県,東北,018-889-6549,https://www.google.com/maps/search/?api=1&query=%E3%82%BD%E3%83%A6%E3%83%BC%E3%82%B2%E3%83%BC%E3%83%A0%E3%83%95%E3%82%A3%E3%83%BC%E3%83%AB%E3%83%89%E5%BE%A1%E6%89%80%E9%87%8E%E5%BA%97%20%E7%A7%8B%E7%94%B0%E7%9C%8C%E7%A7%8B%E7%94%B0%E5%B8%82%E5%BE%A1%E6%89%80%E9%87%8E%E5%9C%B0%E8%94%B5%E7%94%B01%EF%BC%8D1%EF%BC%8D1%E3%82%A4%E3%82%AA%E3%83%B3%E3%83%A2%E3%83%BC%E3%83%AB%E7%A7%8B%E7%94%B02%E9%9A%8E,2026-10-08,https://dcd.aikatsu.com/encore/pdf/shoplist.pdf,官方列出的設置店；未逐店確認現場稼動、台數與卡片庫存。地址定位尚未逐點核對。
ｎａｍｃｏ秋田オーパ店,日本 秋田県秋田市千秋久保田町４ー２ 秋田オーパ内,秋田県,東北,018-838-1703,https://www.google.com/maps/search/?api=1&query=%EF%BD%8E%EF%BD%81%EF%BD%8D%EF%BD%83%EF%BD%8F%E7%A7%8B%E7%94%B0%E3%82%AA%E3%83%BC%E3%83%91%E5%BA%97%20%E7%A7%8B%E7%94%B0%E7%9C%8C%E7%A7%8B%E7%94%B0%E5%B8%82%E5%8D%83%E7%A7%8B%E4%B9%85%E4%BF%9D%E7%94%B0%E7%94%BA%EF%BC%94%E3%83%BC%EF%BC%92%20%E7%A7%8B%E7%94%B0%E3%82%AA%E3%83%BC%E3%83%91%E5%86%85,2026-10-08,https://dcd.aikatsu.com/encore/pdf/shoplist.pdf,官方列出的設置店；未逐店確認現場稼動、台數與卡片庫存。地址定位尚未逐點核對。
ファンタジープラザ秋田店,日本 秋田県秋田市旭北錦町4-58 MEGAドン･キホーテ秋田店1階,秋田県,東北,018-866-5454,https://www.google.com/maps/search/?api=1&query=%E3%83%95%E3%82%A1%E3%83%B3%E3%82%BF%E3%82%B8%E3%83%BC%E3%83%97%E3%83%A9%E3%82%B6%E7%A7%8B%E7%94%B0%E5%BA%97%20%E7%A7%8B%E7%94%B0%E7%9C%8C%E7%A7%8B%E7%94%B0%E5%B8%82%E6%97%AD%E5%8C%97%E9%8C%A6%E7%94%BA4-58%20MEGA%E3%83%89%E3%83%B3%EF%BD%A5%E3%82%AD%E3%83%9B%E3%83%BC%E3%83%86%E7%A7%8B%E7%94%B0%E5%BA%971%E9%9A%8E,2026-10-08,https://dcd.aikatsu.com/encore/pdf/shoplist.pdf,官方列出的設置店；未逐店確認現場稼動、台數與卡片庫存。地址定位尚未逐點核對。
モーリーファンタジー酒田南店,日本 山形県酒田市あきほ町120-1 イオン酒田南店1階,山形県,東北,070-3100-4873,https://www.google.com/maps/search/?api=1&query=%E3%83%A2%E3%83%BC%E3%83%AA%E3%83%BC%E3%83%95%E3%82%A1%E3%83%B3%E3%82%BF%E3%82%B8%E3%83%BC%E9%85%92%E7%94%B0%E5%8D%97%E5%BA%97%20%E5%B1%B1%E5%BD%A2%E7%9C%8C%E9%85%92%E7%94%B0%E5%B8%82%E3%81%82%E3%81%8D%E3%81%BB%E7%94%BA120-1%20%E3%82%A4%E3%82%AA%E3%83%B3%E9%85%92%E7%94%B0%E5%8D%97%E5%BA%971%E9%9A%8E,2026-10-08,https://dcd.aikatsu.com/encore/pdf/shoplist.pdf,官方列出的設置店；未逐店確認現場稼動、台數與卡片庫存。地址定位尚未逐點核對。
モーリーファンタジー山形北店,日本 山形県山形市馬見ケ崎2-12-19 イオン山形北店2階,山形県,東北,070-3100-4887,https://www.google.com/maps/search/?api=1&query=%E3%83%A2%E3%83%BC%E3%83%AA%E3%83%BC%E3%83%95%E3%82%A1%E3%83%B3%E3%82%BF%E3%82%B8%E3%83%BC%E5%B1%B1%E5%BD%A2%E5%8C%97%E5%BA%97%20%E5%B1%B1%E5%BD%A2%E7%9C%8C%E5%B1%B1%E5%BD%A2%E5%B8%82%E9%A6%AC%E8%A6%8B%E3%82%B1%E5%B4%8E2-12-19%20%E3%82%A4%E3%82%AA%E3%83%B3%E5%B1%B1%E5%BD%A2%E5%8C%97%E5%BA%972%E9%9A%8E,2026-10-08,https://dcd.aikatsu.com/encore/pdf/shoplist.pdf,官方列出的設置店；未逐店確認現場稼動、台數與卡片庫存。地址定位尚未逐點核對。
モーリーファンタジー東根店,日本 山形県東根市さくらんぼ駅前3丁目7番15号 イオン東根店2階,山形県,東北,070-3100-4015,https://www.google.com/maps/search/?api=1&query=%E3%83%A2%E3%83%BC%E3%83%AA%E3%83%BC%E3%83%95%E3%82%A1%E3%83%B3%E3%82%BF%E3%82%B8%E3%83%BC%E6%9D%B1%E6%A0%B9%E5%BA%97%20%E5%B1%B1%E5%BD%A2%E7%9C%8C%E6%9D%B1%E6%A0%B9%E5%B8%82%E3%81%95%E3%81%8F%E3%82%89%E3%82%93%E3%81%BC%E9%A7%85%E5%89%8D3%E4%B8%81%E7%9B%AE7%E7%95%AA15%E5%8F%B7%20%E3%82%A4%E3%82%AA%E3%83%B3%E6%9D%B1%E6%A0%B9%E5%BA%972%E9%9A%8E,2026-10-08,https://dcd.aikatsu.com/encore/pdf/shoplist.pdf,官方列出的設置店；未逐店確認現場稼動、台數與卡片庫存。地址定位尚未逐點核對。
モーリーファンタジー山形南店,日本 山形県山形市若宮3-7-8 イオン山形南店2階,山形県,東北,070-3100-5245,https://www.google.com/maps/search/?api=1&query=%E3%83%A2%E3%83%BC%E3%83%AA%E3%83%BC%E3%83%95%E3%82%A1%E3%83%B3%E3%82%BF%E3%82%B8%E3%83%BC%E5%B1%B1%E5%BD%A2%E5%8D%97%E5%BA%97%20%E5%B1%B1%E5%BD%A2%E7%9C%8C%E5%B1%B1%E5%BD%A2%E5%B8%82%E8%8B%A5%E5%AE%AE3-7-8%20%E3%82%A4%E3%82%AA%E3%83%B3%E5%B1%B1%E5%BD%A2%E5%8D%97%E5%BA%972%E9%9A%8E,2026-10-08,https://dcd.aikatsu.com/encore/pdf/shoplist.pdf,官方列出的設置店；未逐店確認現場稼動、台數與卡片庫存。地址定位尚未逐點核對。
モーリーファンタジー三川店,日本 山形県東田川郡三川町大字猪子字和田庫128-1 イオン三川店2階,山形県,東北,070-3100-5253,https://www.google.com/maps/search/?api=1&query=%E3%83%A2%E3%83%BC%E3%83%AA%E3%83%BC%E3%83%95%E3%82%A1%E3%83%B3%E3%82%BF%E3%82%B8%E3%83%BC%E4%B8%89%E5%B7%9D%E5%BA%97%20%E5%B1%B1%E5%BD%A2%E7%9C%8C%E6%9D%B1%E7%94%B0%E5%B7%9D%E9%83%A1%E4%B8%89%E5%B7%9D%E7%94%BA%E5%A4%A7%E5%AD%97%E7%8C%AA%E5%AD%90%E5%AD%97%E5%92%8C%E7%94%B0%E5%BA%AB128-1%20%E3%82%A4%E3%82%AA%E3%83%B3%E4%B8%89%E5%B7%9D%E5%BA%972%E9%9A%8E,2026-10-08,https://dcd.aikatsu.com/encore/pdf/shoplist.pdf,官方列出的設置店；未逐店確認現場稼動、台數與卡片庫存。地址定位尚未逐點核對。
モーリーファンタジー天童店,日本 山形県天童市芳賀タウン北4丁目1番1号 イオン天童店２階,山形県,東北,070-3100-4225,https://www.google.com/maps/search/?api=1&query=%E3%83%A2%E3%83%BC%E3%83%AA%E3%83%BC%E3%83%95%E3%82%A1%E3%83%B3%E3%82%BF%E3%82%B8%E3%83%BC%E5%A4%A9%E7%AB%A5%E5%BA%97%20%E5%B1%B1%E5%BD%A2%E7%9C%8C%E5%A4%A9%E7%AB%A5%E5%B8%82%E8%8A%B3%E8%B3%80%E3%82%BF%E3%82%A6%E3%83%B3%E5%8C%974%E4%B8%81%E7%9B%AE1%E7%95%AA1%E5%8F%B7%20%E3%82%A4%E3%82%AA%E3%83%B3%E5%A4%A9%E7%AB%A5%E5%BA%97%EF%BC%92%E9%9A%8E,2026-10-08,https://dcd.aikatsu.com/encore/pdf/shoplist.pdf,官方列出的設置店；未逐店確認現場稼動、台數與卡片庫存。地址定位尚未逐點核對。
モーリーファンタジー米沢店,日本 山形県米沢市春日2-13-4 イオン米沢店2階,山形県,東北,070-3100-5149,https://www.google.com/maps/search/?api=1&query=%E3%83%A2%E3%83%BC%E3%83%AA%E3%83%BC%E3%83%95%E3%82%A1%E3%83%B3%E3%82%BF%E3%82%B8%E3%83%BC%E7%B1%B3%E6%B2%A2%E5%BA%97%20%E5%B1%B1%E5%BD%A2%E7%9C%8C%E7%B1%B3%E6%B2%A2%E5%B8%82%E6%98%A5%E6%97%A52-13-4%20%E3%82%A4%E3%82%AA%E3%83%B3%E7%B1%B3%E6%B2%A2%E5%BA%972%E9%9A%8E,2026-10-08,https://dcd.aikatsu.com/encore/pdf/shoplist.pdf,官方列出的設置店；未逐店確認現場稼動、台數與卡片庫存。地址定位尚未逐點核對。
GiGO天童,日本 山形県天童市南町1丁目5番26号 ららパーク内,山形県,東北,023-656-9370,https://www.google.com/maps/search/?api=1&query=GiGO%E5%A4%A9%E7%AB%A5%20%E5%B1%B1%E5%BD%A2%E7%9C%8C%E5%A4%A9%E7%AB%A5%E5%B8%82%E5%8D%97%E7%94%BA1%E4%B8%81%E7%9B%AE5%E7%95%AA26%E5%8F%B7%20%E3%82%89%E3%82%89%E3%83%91%E3%83%BC%E3%82%AF%E5%86%85,2026-10-08,https://dcd.aikatsu.com/encore/pdf/shoplist.pdf,官方列出的設置店；未逐店確認現場稼動、台數與卡片庫存。地址定位尚未逐點核對。
ソユーゲームフィールド酒田,日本 山形県酒田市泉町198イオンタウン酒田内,山形県,東北,0234-31-8803,https://www.google.com/maps/search/?api=1&query=%E3%82%BD%E3%83%A6%E3%83%BC%E3%82%B2%E3%83%BC%E3%83%A0%E3%83%95%E3%82%A3%E3%83%BC%E3%83%AB%E3%83%89%E9%85%92%E7%94%B0%20%E5%B1%B1%E5%BD%A2%E7%9C%8C%E9%85%92%E7%94%B0%E5%B8%82%E6%B3%89%E7%94%BA198%E3%82%A4%E3%82%AA%E3%83%B3%E3%82%BF%E3%82%A6%E3%83%B3%E9%85%92%E7%94%B0%E5%86%85,2026-10-08,https://dcd.aikatsu.com/encore/pdf/shoplist.pdf,官方列出的設置店；未逐店確認現場稼動、台數與卡片庫存。地址定位尚未逐點核對。
SOYU Game Field三川店,日本 山形県東田川郡三川町猪子和田庫１２８－１イオンモール三川１階,山形県,東北,0235-68-1561,https://www.google.com/maps/search/?api=1&query=SOYU%20Game%20Field%E4%B8%89%E5%B7%9D%E5%BA%97%20%E5%B1%B1%E5%BD%A2%E7%9C%8C%E6%9D%B1%E7%94%B0%E5%B7%9D%E9%83%A1%E4%B8%89%E5%B7%9D%E7%94%BA%E7%8C%AA%E5%AD%90%E5%92%8C%E7%94%B0%E5%BA%AB%EF%BC%91%EF%BC%92%EF%BC%98%EF%BC%8D%EF%BC%91%E3%82%A4%E3%82%AA%E3%83%B3%E3%83%A2%E3%83%BC%E3%83%AB%E4%B8%89%E5%B7%9D%EF%BC%91%E9%9A%8E,2026-10-08,https://dcd.aikatsu.com/encore/pdf/shoplist.pdf,官方列出的設置店；未逐店確認現場稼動、台數與卡片庫存。地址定位尚未逐點核對。
ｎａｍｃｏイオンモール山形南店,日本 山形県山形市若宮３－７－８ イオンモール山形南２Ｆ,山形県,東北,023-666-3768,https://www.google.com/maps/search/?api=1&query=%EF%BD%8E%EF%BD%81%EF%BD%8D%EF%BD%83%EF%BD%8F%E3%82%A4%E3%82%AA%E3%83%B3%E3%83%A2%E3%83%BC%E3%83%AB%E5%B1%B1%E5%BD%A2%E5%8D%97%E5%BA%97%20%E5%B1%B1%E5%BD%A2%E7%9C%8C%E5%B1%B1%E5%BD%A2%E5%B8%82%E8%8B%A5%E5%AE%AE%EF%BC%93%EF%BC%8D%EF%BC%97%EF%BC%8D%EF%BC%98%20%E3%82%A4%E3%82%AA%E3%83%B3%E3%83%A2%E3%83%BC%E3%83%AB%E5%B1%B1%E5%BD%A2%E5%8D%97%EF%BC%92%EF%BC%A6,2026-10-08,https://dcd.aikatsu.com/encore/pdf/shoplist.pdf,官方列出的設置店；未逐店確認現場稼動、台數與卡片庫存。地址定位尚未逐點核對。
アピナ鶴岡エスモール店,日本 山形県鶴岡市 錦町 2-21 S-MALL 2F,山形県,東北,0235-33-9977,https://www.google.com/maps/search/?api=1&query=%E3%82%A2%E3%83%94%E3%83%8A%E9%B6%B4%E5%B2%A1%E3%82%A8%E3%82%B9%E3%83%A2%E3%83%BC%E3%83%AB%E5%BA%97%20%E5%B1%B1%E5%BD%A2%E7%9C%8C%E9%B6%B4%E5%B2%A1%E5%B8%82%20%E9%8C%A6%E7%94%BA%202-21%20S-MALL%202F,2026-10-08,https://dcd.aikatsu.com/encore/pdf/shoplist.pdf,官方列出的設置店；未逐店確認現場稼動、台數與卡片庫存。地址定位尚未逐點核對。
アピナ鶴岡店,日本 山形県鶴岡市文下字広野１－１アピナ鶴岡,山形県,東北,0235-29-1141,https://www.google.com/maps/search/?api=1&query=%E3%82%A2%E3%83%94%E3%83%8A%E9%B6%B4%E5%B2%A1%E5%BA%97%20%E5%B1%B1%E5%BD%A2%E7%9C%8C%E9%B6%B4%E5%B2%A1%E5%B8%82%E6%96%87%E4%B8%8B%E5%AD%97%E5%BA%83%E9%87%8E%EF%BC%91%EF%BC%8D%EF%BC%91%E3%82%A2%E3%83%94%E3%83%8A%E9%B6%B4%E5%B2%A1,2026-10-08,https://dcd.aikatsu.com/encore/pdf/shoplist.pdf,官方列出的設置店；未逐店確認現場稼動、台數與卡片庫存。地址定位尚未逐點核對。
モーリーファンタジー白河西郷店,日本 福島県西白河郡西郷村大字小田倉字岩下11-1 イオン白河西郷店2階,福島県,東北,070-3100-4041,https://www.google.com/maps/search/?api=1&query=%E3%83%A2%E3%83%BC%E3%83%AA%E3%83%BC%E3%83%95%E3%82%A1%E3%83%B3%E3%82%BF%E3%82%B8%E3%83%BC%E7%99%BD%E6%B2%B3%E8%A5%BF%E9%83%B7%E5%BA%97%20%E7%A6%8F%E5%B3%B6%E7%9C%8C%E8%A5%BF%E7%99%BD%E6%B2%B3%E9%83%A1%E8%A5%BF%E9%83%B7%E6%9D%91%E5%A4%A7%E5%AD%97%E5%B0%8F%E7%94%B0%E5%80%89%E5%AD%97%E5%B2%A9%E4%B8%8B11-1%20%E3%82%A4%E3%82%AA%E3%83%B3%E7%99%BD%E6%B2%B3%E8%A5%BF%E9%83%B7%E5%BA%972%E9%9A%8E,2026-10-08,https://dcd.aikatsu.com/encore/pdf/shoplist.pdf,官方列出的設置店；未逐店確認現場稼動、台數與卡片庫存。地址定位尚未逐點核對。
モーリーファンタジーいわき小名浜店,日本 福島県いわき市小名浜字辰巳町79 イオンモールいわき小名浜店4階,福島県,東北,070-3100-5503,https://www.google.com/maps/search/?api=1&query=%E3%83%A2%E3%83%BC%E3%83%AA%E3%83%BC%E3%83%95%E3%82%A1%E3%83%B3%E3%82%BF%E3%82%B8%E3%83%BC%E3%81%84%E3%82%8F%E3%81%8D%E5%B0%8F%E5%90%8D%E6%B5%9C%E5%BA%97%20%E7%A6%8F%E5%B3%B6%E7%9C%8C%E3%81%84%E3%82%8F%E3%81%8D%E5%B8%82%E5%B0%8F%E5%90%8D%E6%B5%9C%E5%AD%97%E8%BE%B0%E5%B7%B3%E7%94%BA79%20%E3%82%A4%E3%82%AA%E3%83%B3%E3%83%A2%E3%83%BC%E3%83%AB%E3%81%84%E3%82%8F%E3%81%8D%E5%B0%8F%E5%90%8D%E6%B5%9C%E5%BA%974%E9%9A%8E,2026-10-08,https://dcd.aikatsu.com/encore/pdf/shoplist.pdf,官方列出的設置店；未逐店確認現場稼動、台數與卡片庫存。地址定位尚未逐點核對。
モーリーファンタジー南相馬店,日本 福島県南相馬市原町区大木戸字金場77 イオンスーパーセンター南相馬,福島県,東北,080-3476-8644,https://www.google.com/maps/search/?api=1&query=%E3%83%A2%E3%83%BC%E3%83%AA%E3%83%BC%E3%83%95%E3%82%A1%E3%83%B3%E3%82%BF%E3%82%B8%E3%83%BC%E5%8D%97%E7%9B%B8%E9%A6%AC%E5%BA%97%20%E7%A6%8F%E5%B3%B6%E7%9C%8C%E5%8D%97%E7%9B%B8%E9%A6%AC%E5%B8%82%E5%8E%9F%E7%94%BA%E5%8C%BA%E5%A4%A7%E6%9C%A8%E6%88%B8%E5%AD%97%E9%87%91%E5%A0%B477%20%E3%82%A4%E3%82%AA%E3%83%B3%E3%82%B9%E3%83%BC%E3%83%91%E3%83%BC%E3%82%BB%E3%83%B3%E3%82%BF%E3%83%BC%E5%8D%97%E7%9B%B8%E9%A6%AC,2026-10-08,https://dcd.aikatsu.com/encore/pdf/shoplist.pdf,官方列出的設置店；未逐店確認現場稼動、台數與卡片庫存。地址定位尚未逐點核對。
モーリーファンタジーベイシア白河店,日本 福島県白河市字老久保28 ベイシア白河モール1階,福島県,東北,070-3100-3589,https://www.google.com/maps/search/?api=1&query=%E3%83%A2%E3%83%BC%E3%83%AA%E3%83%BC%E3%83%95%E3%82%A1%E3%83%B3%E3%82%BF%E3%82%B8%E3%83%BC%E3%83%99%E3%82%A4%E3%82%B7%E3%82%A2%E7%99%BD%E6%B2%B3%E5%BA%97%20%E7%A6%8F%E5%B3%B6%E7%9C%8C%E7%99%BD%E6%B2%B3%E5%B8%82%E5%AD%97%E8%80%81%E4%B9%85%E4%BF%9D28%20%E3%83%99%E3%82%A4%E3%82%B7%E3%82%A2%E7%99%BD%E6%B2%B3%E3%83%A2%E3%83%BC%E3%83%AB1%E9%9A%8E,2026-10-08,https://dcd.aikatsu.com/encore/pdf/shoplist.pdf,官方列出的設置店；未逐店確認現場稼動、台數與卡片庫存。地址定位尚未逐點核對。
クレーン横丁 極 鏡石店,日本 福島県岩瀬郡鏡石町桜岡375-9 イオンスーパーセンター鏡石店２階,福島県,東北,070-1596-6674,https://www.google.com/maps/search/?api=1&query=%E3%82%AF%E3%83%AC%E3%83%BC%E3%83%B3%E6%A8%AA%E4%B8%81%20%E6%A5%B5%20%E9%8F%A1%E7%9F%B3%E5%BA%97%20%E7%A6%8F%E5%B3%B6%E7%9C%8C%E5%B2%A9%E7%80%AC%E9%83%A1%E9%8F%A1%E7%9F%B3%E7%94%BA%E6%A1%9C%E5%B2%A1375-9%20%E3%82%A4%E3%82%AA%E3%83%B3%E3%82%B9%E3%83%BC%E3%83%91%E3%83%BC%E3%82%BB%E3%83%B3%E3%82%BF%E3%83%BC%E9%8F%A1%E7%9F%B3%E5%BA%97%EF%BC%92%E9%9A%8E,2026-10-08,https://dcd.aikatsu.com/encore/pdf/shoplist.pdf,官方列出的設置店；未逐店確認現場稼動、台數與卡片庫存。地址定位尚未逐點核對。
モーリーファンタジーいわき店,日本 福島県いわき市平字三倉68-1 イオンいわき店3階,福島県,東北,070-3100-5372,https://www.google.com/maps/search/?api=1&query=%E3%83%A2%E3%83%BC%E3%83%AA%E3%83%BC%E3%83%95%E3%82%A1%E3%83%B3%E3%82%BF%E3%82%B8%E3%83%BC%E3%81%84%E3%82%8F%E3%81%8D%E5%BA%97%20%E7%A6%8F%E5%B3%B6%E7%9C%8C%E3%81%84%E3%82%8F%E3%81%8D%E5%B8%82%E5%B9%B3%E5%AD%97%E4%B8%89%E5%80%8968-1%20%E3%82%A4%E3%82%AA%E3%83%B3%E3%81%84%E3%82%8F%E3%81%8D%E5%BA%973%E9%9A%8E,2026-10-08,https://dcd.aikatsu.com/encore/pdf/shoplist.pdf,官方列出的設置店；未逐店確認現場稼動、台數與卡片庫存。地址定位尚未逐點核對。
モーリーファンタジー福島店,日本 福島県福島市南矢野目字西荒田50番地の17 イオン福島店3階,福島県,東北,070-3100-3845,https://www.google.com/maps/search/?api=1&query=%E3%83%A2%E3%83%BC%E3%83%AA%E3%83%BC%E3%83%95%E3%82%A1%E3%83%B3%E3%82%BF%E3%82%B8%E3%83%BC%E7%A6%8F%E5%B3%B6%E5%BA%97%20%E7%A6%8F%E5%B3%B6%E7%9C%8C%E7%A6%8F%E5%B3%B6%E5%B8%82%E5%8D%97%E7%9F%A2%E9%87%8E%E7%9B%AE%E5%AD%97%E8%A5%BF%E8%8D%92%E7%94%B050%E7%95%AA%E5%9C%B0%E3%81%AE17%20%E3%82%A4%E3%82%AA%E3%83%B3%E7%A6%8F%E5%B3%B6%E5%BA%973%E9%9A%8E,2026-10-08,https://dcd.aikatsu.com/encore/pdf/shoplist.pdf,官方列出的設置店；未逐店確認現場稼動、台數與卡片庫存。地址定位尚未逐點核對。
PALO喜多方店,日本 福島県喜多方市字押切南2丁目42-1 リオンドールガーデンスクエア１階,福島県,東北,070-3100-4648,https://www.google.com/maps/search/?api=1&query=PALO%E5%96%9C%E5%A4%9A%E6%96%B9%E5%BA%97%20%E7%A6%8F%E5%B3%B6%E7%9C%8C%E5%96%9C%E5%A4%9A%E6%96%B9%E5%B8%82%E5%AD%97%E6%8A%BC%E5%88%87%E5%8D%972%E4%B8%81%E7%9B%AE42-1%20%E3%83%AA%E3%82%AA%E3%83%B3%E3%83%89%E3%83%BC%E3%83%AB%E3%82%AC%E3%83%BC%E3%83%87%E3%83%B3%E3%82%B9%E3%82%AF%E3%82%A8%E3%82%A2%EF%BC%91%E9%9A%8E,2026-10-08,https://dcd.aikatsu.com/encore/pdf/shoplist.pdf,官方列出的設置店；未逐店確認現場稼動、台數與卡片庫存。地址定位尚未逐點核對。
ヨドバシカメラ マルチメディア郡山,日本 福島県郡山市駅前１－１６－７,福島県,東北,024-931-1010,https://www.google.com/maps/search/?api=1&query=%E3%83%A8%E3%83%89%E3%83%90%E3%82%B7%E3%82%AB%E3%83%A1%E3%83%A9%20%E3%83%9E%E3%83%AB%E3%83%81%E3%83%A1%E3%83%87%E3%82%A3%E3%82%A2%E9%83%A1%E5%B1%B1%20%E7%A6%8F%E5%B3%B6%E7%9C%8C%E9%83%A1%E5%B1%B1%E5%B8%82%E9%A7%85%E5%89%8D%EF%BC%91%EF%BC%8D%EF%BC%91%EF%BC%96%EF%BC%8D%EF%BC%97,2026-10-08,https://dcd.aikatsu.com/encore/pdf/shoplist.pdf,官方列出的設置店；未逐店確認現場稼動、台數與卡片庫存。地址定位尚未逐點核對。
イオンスーパーセンター南相馬店,日本 福島県南相馬市原町区大木戸字金場７７,福島県,東北,0244-25-1600,https://www.google.com/maps/search/?api=1&query=%E3%82%A4%E3%82%AA%E3%83%B3%E3%82%B9%E3%83%BC%E3%83%91%E3%83%BC%E3%82%BB%E3%83%B3%E3%82%BF%E3%83%BC%E5%8D%97%E7%9B%B8%E9%A6%AC%E5%BA%97%20%E7%A6%8F%E5%B3%B6%E7%9C%8C%E5%8D%97%E7%9B%B8%E9%A6%AC%E5%B8%82%E5%8E%9F%E7%94%BA%E5%8C%BA%E5%A4%A7%E6%9C%A8%E6%88%B8%E5%AD%97%E9%87%91%E5%A0%B4%EF%BC%97%EF%BC%97,2026-10-08,https://dcd.aikatsu.com/encore/pdf/shoplist.pdf,官方列出的設置店；未逐店確認現場稼動、台數與卡片庫存。地址定位尚未逐點核對。
コジマ×ビックカメラ福島店,日本 福島県福島市丸子字広町１２－１,福島県,東北,024-553-0090,https://www.google.com/maps/search/?api=1&query=%E3%82%B3%E3%82%B8%E3%83%9E%C3%97%E3%83%93%E3%83%83%E3%82%AF%E3%82%AB%E3%83%A1%E3%83%A9%E7%A6%8F%E5%B3%B6%E5%BA%97%20%E7%A6%8F%E5%B3%B6%E7%9C%8C%E7%A6%8F%E5%B3%B6%E5%B8%82%E4%B8%B8%E5%AD%90%E5%AD%97%E5%BA%83%E7%94%BA%EF%BC%91%EF%BC%92%EF%BC%8D%EF%BC%91,2026-10-08,https://dcd.aikatsu.com/encore/pdf/shoplist.pdf,官方列出的設置店；未逐店確認現場稼動、台數與卡片庫存。地址定位尚未逐點核對。
GiGO会津若松,日本 福島県会津若松市町北町大字上荒久田字宮下142,福島県,東北,080-3174-3036,https://www.google.com/maps/search/?api=1&query=GiGO%E4%BC%9A%E6%B4%A5%E8%8B%A5%E6%9D%BE%20%E7%A6%8F%E5%B3%B6%E7%9C%8C%E4%BC%9A%E6%B4%A5%E8%8B%A5%E6%9D%BE%E5%B8%82%E7%94%BA%E5%8C%97%E7%94%BA%E5%A4%A7%E5%AD%97%E4%B8%8A%E8%8D%92%E4%B9%85%E7%94%B0%E5%AD%97%E5%AE%AE%E4%B8%8B142,2026-10-08,https://dcd.aikatsu.com/encore/pdf/shoplist.pdf,官方列出的設置店；未逐店確認現場稼動、台數與卡片庫存。地址定位尚未逐點核對。
GiGOいわきエブリア,日本 福島県いわき市鹿島町米田字日渡５ いわきエブリア 2階,福島県,東北,080-3543-2948,https://www.google.com/maps/search/?api=1&query=GiGO%E3%81%84%E3%82%8F%E3%81%8D%E3%82%A8%E3%83%96%E3%83%AA%E3%82%A2%20%E7%A6%8F%E5%B3%B6%E7%9C%8C%E3%81%84%E3%82%8F%E3%81%8D%E5%B8%82%E9%B9%BF%E5%B3%B6%E7%94%BA%E7%B1%B3%E7%94%B0%E5%AD%97%E6%97%A5%E6%B8%A1%EF%BC%95%20%E3%81%84%E3%82%8F%E3%81%8D%E3%82%A8%E3%83%96%E3%83%AA%E3%82%A2%202%E9%9A%8E,2026-10-08,https://dcd.aikatsu.com/encore/pdf/shoplist.pdf,官方列出的設置店；未逐店確認現場稼動、台數與卡片庫存。地址定位尚未逐點核對。
GiGO日和田,日本 福島県郡山市日和田町字西中島7-1,福島県,東北,070-1458-5583,https://www.google.com/maps/search/?api=1&query=GiGO%E6%97%A5%E5%92%8C%E7%94%B0%20%E7%A6%8F%E5%B3%B6%E7%9C%8C%E9%83%A1%E5%B1%B1%E5%B8%82%E6%97%A5%E5%92%8C%E7%94%B0%E7%94%BA%E5%AD%97%E8%A5%BF%E4%B8%AD%E5%B3%B67-1,2026-10-08,https://dcd.aikatsu.com/encore/pdf/shoplist.pdf,官方列出的設置店；未逐店確認現場稼動、台數與卡片庫存。地址定位尚未逐點核對。
サープラ福島あそびタウン,日本 福島県福島市栄町1-1パワーシティピボット,福島県,東北,024-526-3536,https://www.google.com/maps/search/?api=1&query=%E3%82%B5%E3%83%BC%E3%83%97%E3%83%A9%E7%A6%8F%E5%B3%B6%E3%81%82%E3%81%9D%E3%81%B3%E3%82%BF%E3%82%A6%E3%83%B3%20%E7%A6%8F%E5%B3%B6%E7%9C%8C%E7%A6%8F%E5%B3%B6%E5%B8%82%E6%A0%84%E7%94%BA1-1%E3%83%91%E3%83%AF%E3%83%BC%E3%82%B7%E3%83%86%E3%82%A3%E3%83%94%E3%83%9C%E3%83%83%E3%83%88,2026-10-08,https://dcd.aikatsu.com/encore/pdf/shoplist.pdf,官方列出的設置店；未逐店確認現場稼動、台數與卡片庫存。地址定位尚未逐點核對。
ソユーエンターテイメントスタジオ須賀川店,日本 福島県須賀川市古河１０５番イオンタウン須賀川Ｂ棟内,福島県,東北,0248-63-8918,https://www.google.com/maps/search/?api=1&query=%E3%82%BD%E3%83%A6%E3%83%BC%E3%82%A8%E3%83%B3%E3%82%BF%E3%83%BC%E3%83%86%E3%82%A4%E3%83%A1%E3%83%B3%E3%83%88%E3%82%B9%E3%82%BF%E3%82%B8%E3%82%AA%E9%A0%88%E8%B3%80%E5%B7%9D%E5%BA%97%20%E7%A6%8F%E5%B3%B6%E7%9C%8C%E9%A0%88%E8%B3%80%E5%B7%9D%E5%B8%82%E5%8F%A4%E6%B2%B3%EF%BC%91%EF%BC%90%EF%BC%95%E7%95%AA%E3%82%A4%E3%82%AA%E3%83%B3%E3%82%BF%E3%82%A6%E3%83%B3%E9%A0%88%E8%B3%80%E5%B7%9D%EF%BC%A2%E6%A3%9F%E5%86%85,2026-10-08,https://dcd.aikatsu.com/encore/pdf/shoplist.pdf,官方列出的設置店；未逐店確認現場稼動、台數與卡片庫存。地址定位尚未逐點核對。
ｎａｍｃｏ郡山西部プラザ店,日本 福島県郡山市西ノ内２丁目１１－３５ 西部プラザ内,福島県,東北,024-925-4617,https://www.google.com/maps/search/?api=1&query=%EF%BD%8E%EF%BD%81%EF%BD%8D%EF%BD%83%EF%BD%8F%E9%83%A1%E5%B1%B1%E8%A5%BF%E9%83%A8%E3%83%97%E3%83%A9%E3%82%B6%E5%BA%97%20%E7%A6%8F%E5%B3%B6%E7%9C%8C%E9%83%A1%E5%B1%B1%E5%B8%82%E8%A5%BF%E3%83%8E%E5%86%85%EF%BC%92%E4%B8%81%E7%9B%AE%EF%BC%91%EF%BC%91%EF%BC%8D%EF%BC%93%EF%BC%95%20%E8%A5%BF%E9%83%A8%E3%83%97%E3%83%A9%E3%82%B6%E5%86%85,2026-10-08,https://dcd.aikatsu.com/encore/pdf/shoplist.pdf,官方列出的設置店；未逐店確認現場稼動、台數與卡片庫存。地址定位尚未逐點核對。
ｎａｍｃｏイオンタウン郡山店,日本 福島県郡山市松木町２－８８ イオンタウン郡山,福島県,東北,024-943-2715,https://www.google.com/maps/search/?api=1&query=%EF%BD%8E%EF%BD%81%EF%BD%8D%EF%BD%83%EF%BD%8F%E3%82%A4%E3%82%AA%E3%83%B3%E3%82%BF%E3%82%A6%E3%83%B3%E9%83%A1%E5%B1%B1%E5%BA%97%20%E7%A6%8F%E5%B3%B6%E7%9C%8C%E9%83%A1%E5%B1%B1%E5%B8%82%E6%9D%BE%E6%9C%A8%E7%94%BA%EF%BC%92%EF%BC%8D%EF%BC%98%EF%BC%98%20%E3%82%A4%E3%82%AA%E3%83%B3%E3%82%BF%E3%82%A6%E3%83%B3%E9%83%A1%E5%B1%B1,2026-10-08,https://dcd.aikatsu.com/encore/pdf/shoplist.pdf,官方列出的設置店；未逐店確認現場稼動、台數與卡片庫存。地址定位尚未逐點核對。
タイトーFステーション郡山オリエントパーク店,日本 福島県郡山市安積町荒井字大久保35-1タイトーFステーション郡山オリエントパーク店,福島県,東北,024-946-8222,https://www.google.com/maps/search/?api=1&query=%E3%82%BF%E3%82%A4%E3%83%88%E3%83%BCF%E3%82%B9%E3%83%86%E3%83%BC%E3%82%B7%E3%83%A7%E3%83%B3%E9%83%A1%E5%B1%B1%E3%82%AA%E3%83%AA%E3%82%A8%E3%83%B3%E3%83%88%E3%83%91%E3%83%BC%E3%82%AF%E5%BA%97%20%E7%A6%8F%E5%B3%B6%E7%9C%8C%E9%83%A1%E5%B1%B1%E5%B8%82%E5%AE%89%E7%A9%8D%E7%94%BA%E8%8D%92%E4%BA%95%E5%AD%97%E5%A4%A7%E4%B9%85%E4%BF%9D35-1%E3%82%BF%E3%82%A4%E3%83%88%E3%83%BCF%E3%82%B9%E3%83%86%E3%83%BC%E3%82%B7%E3%83%A7%E3%83%B3%E9%83%A1%E5%B1%B1%E3%82%AA%E3%83%AA%E3%82%A8%E3%83%B3%E3%83%88%E3%83%91%E3%83%BC%E3%82%AF%E5%BA%97,2026-10-08,https://dcd.aikatsu.com/encore/pdf/shoplist.pdf,官方列出的設置店；未逐店確認現場稼動、台數與卡片庫存。地址定位尚未逐點核對。
モーリーファンタジー下妻店,日本 茨城県下妻市堀籠972-1 イオン下妻店2階,茨城県,關東,070-3100-4886,https://www.google.com/maps/search/?api=1&query=%E3%83%A2%E3%83%BC%E3%83%AA%E3%83%BC%E3%83%95%E3%82%A1%E3%83%B3%E3%82%BF%E3%82%B8%E3%83%BC%E4%B8%8B%E5%A6%BB%E5%BA%97%20%E8%8C%A8%E5%9F%8E%E7%9C%8C%E4%B8%8B%E5%A6%BB%E5%B8%82%E5%A0%80%E7%B1%A0972-1%20%E3%82%A4%E3%82%AA%E3%83%B3%E4%B8%8B%E5%A6%BB%E5%BA%972%E9%9A%8E,2026-10-08,https://dcd.aikatsu.com/encore/pdf/shoplist.pdf,官方列出的設置店；未逐店確認現場稼動、台數與卡片庫存。地址定位尚未逐點核對。
モーリーファンタジー佐原東店,日本 茨城県稲敷市西代1495 ショッピングセンターパルナ2階,茨城県,關東,070-3100-4006,https://www.google.com/maps/search/?api=1&query=%E3%83%A2%E3%83%BC%E3%83%AA%E3%83%BC%E3%83%95%E3%82%A1%E3%83%B3%E3%82%BF%E3%82%B8%E3%83%BC%E4%BD%90%E5%8E%9F%E6%9D%B1%E5%BA%97%20%E8%8C%A8%E5%9F%8E%E7%9C%8C%E7%A8%B2%E6%95%B7%E5%B8%82%E8%A5%BF%E4%BB%A31495%20%E3%82%B7%E3%83%A7%E3%83%83%E3%83%94%E3%83%B3%E3%82%B0%E3%82%BB%E3%83%B3%E3%82%BF%E3%83%BC%E3%83%91%E3%83%AB%E3%83%8A2%E9%9A%8E,2026-10-08,https://dcd.aikatsu.com/encore/pdf/shoplist.pdf,官方列出的設置店；未逐店確認現場稼動、台數與卡片庫存。地址定位尚未逐點核對。
モーリーファンタジー東海店,日本 茨城県那珂郡東海村舟石川駅東四丁目1番1号 イオン東海店2階,茨城県,關東,070-3100-5284,https://www.google.com/maps/search/?api=1&query=%E3%83%A2%E3%83%BC%E3%83%AA%E3%83%BC%E3%83%95%E3%82%A1%E3%83%B3%E3%82%BF%E3%82%B8%E3%83%BC%E6%9D%B1%E6%B5%B7%E5%BA%97%20%E8%8C%A8%E5%9F%8E%E7%9C%8C%E9%82%A3%E7%8F%82%E9%83%A1%E6%9D%B1%E6%B5%B7%E6%9D%91%E8%88%9F%E7%9F%B3%E5%B7%9D%E9%A7%85%E6%9D%B1%E5%9B%9B%E4%B8%81%E7%9B%AE1%E7%95%AA1%E5%8F%B7%20%E3%82%A4%E3%82%AA%E3%83%B3%E6%9D%B1%E6%B5%B7%E5%BA%972%E9%9A%8E,2026-10-08,https://dcd.aikatsu.com/encore/pdf/shoplist.pdf,官方列出的設置店；未逐店確認現場稼動、台數與卡片庫存。地址定位尚未逐點核對。
モーリーファンタジー水戸内原店,日本 茨城県水戸市内原2丁目1番地 イオン水戸内原店3階,茨城県,關東,070-1596-6644,https://www.google.com/maps/search/?api=1&query=%E3%83%A2%E3%83%BC%E3%83%AA%E3%83%BC%E3%83%95%E3%82%A1%E3%83%B3%E3%82%BF%E3%82%B8%E3%83%BC%E6%B0%B4%E6%88%B8%E5%86%85%E5%8E%9F%E5%BA%97%20%E8%8C%A8%E5%9F%8E%E7%9C%8C%E6%B0%B4%E6%88%B8%E5%B8%82%E5%86%85%E5%8E%9F2%E4%B8%81%E7%9B%AE1%E7%95%AA%E5%9C%B0%20%E3%82%A4%E3%82%AA%E3%83%B3%E6%B0%B4%E6%88%B8%E5%86%85%E5%8E%9F%E5%BA%973%E9%9A%8E,2026-10-08,https://dcd.aikatsu.com/encore/pdf/shoplist.pdf,官方列出的設置店；未逐店確認現場稼動、台數與卡片庫存。地址定位尚未逐點核對。
モーリーファンタジー土浦店,日本 茨城県土浦市上高津367番 イオン土浦店3階,茨城県,關東,070-3100-4588,https://www.google.com/maps/search/?api=1&query=%E3%83%A2%E3%83%BC%E3%83%AA%E3%83%BC%E3%83%95%E3%82%A1%E3%83%B3%E3%82%BF%E3%82%B8%E3%83%BC%E5%9C%9F%E6%B5%A6%E5%BA%97%20%E8%8C%A8%E5%9F%8E%E7%9C%8C%E5%9C%9F%E6%B5%A6%E5%B8%82%E4%B8%8A%E9%AB%98%E6%B4%A5367%E7%95%AA%20%E3%82%A4%E3%82%AA%E3%83%B3%E5%9C%9F%E6%B5%A6%E5%BA%973%E9%9A%8E,2026-10-08,https://dcd.aikatsu.com/encore/pdf/shoplist.pdf,官方列出的設置店；未逐店確認現場稼動、台數與卡片庫存。地址定位尚未逐點核對。
モーリーファンタジーつくば店,日本 茨城県つくば市稲岡66-1 イオンつくば店３階,茨城県,關東,070-3100-4255,https://www.google.com/maps/search/?api=1&query=%E3%83%A2%E3%83%BC%E3%83%AA%E3%83%BC%E3%83%95%E3%82%A1%E3%83%B3%E3%82%BF%E3%82%B8%E3%83%BC%E3%81%A4%E3%81%8F%E3%81%B0%E5%BA%97%20%E8%8C%A8%E5%9F%8E%E7%9C%8C%E3%81%A4%E3%81%8F%E3%81%B0%E5%B8%82%E7%A8%B2%E5%B2%A166-1%20%E3%82%A4%E3%82%AA%E3%83%B3%E3%81%A4%E3%81%8F%E3%81%B0%E5%BA%97%EF%BC%93%E9%9A%8E,2026-10-08,https://dcd.aikatsu.com/encore/pdf/shoplist.pdf,官方列出的設置店；未逐店確認現場稼動、台數與卡片庫存。地址定位尚未逐點核對。
モーリーファンタジー高萩店,日本 茨城県高萩市安良川231 イオン高萩店2階,茨城県,關東,070-3100-4215,https://www.google.com/maps/search/?api=1&query=%E3%83%A2%E3%83%BC%E3%83%AA%E3%83%BC%E3%83%95%E3%82%A1%E3%83%B3%E3%82%BF%E3%82%B8%E3%83%BC%E9%AB%98%E8%90%A9%E5%BA%97%20%E8%8C%A8%E5%9F%8E%E7%9C%8C%E9%AB%98%E8%90%A9%E5%B8%82%E5%AE%89%E8%89%AF%E5%B7%9D231%20%E3%82%A4%E3%82%AA%E3%83%B3%E9%AB%98%E8%90%A9%E5%BA%972%E9%9A%8E,2026-10-08,https://dcd.aikatsu.com/encore/pdf/shoplist.pdf,官方列出的設置店；未逐店確認現場稼動、台數與卡片庫存。地址定位尚未逐點核對。
モーリーファンタジー笠間店,日本 茨城県笠間市赤坂8 イオン笠間店2階,茨城県,關東,080-4886-2570,https://www.google.com/maps/search/?api=1&query=%E3%83%A2%E3%83%BC%E3%83%AA%E3%83%BC%E3%83%95%E3%82%A1%E3%83%B3%E3%82%BF%E3%82%B8%E3%83%BC%E7%AC%A0%E9%96%93%E5%BA%97%20%E8%8C%A8%E5%9F%8E%E7%9C%8C%E7%AC%A0%E9%96%93%E5%B8%82%E8%B5%A4%E5%9D%828%20%E3%82%A4%E3%82%AA%E3%83%B3%E7%AC%A0%E9%96%93%E5%BA%972%E9%9A%8E,2026-10-08,https://dcd.aikatsu.com/encore/pdf/shoplist.pdf,官方列出的設置店；未逐店確認現場稼動、台數與卡片庫存。地址定位尚未逐點核對。
モーリーファンタジー古河店,日本 茨城県古河市旭町1-2-17 イオン古河店2階,茨城県,關東,070-3100-4158,https://www.google.com/maps/search/?api=1&query=%E3%83%A2%E3%83%BC%E3%83%AA%E3%83%BC%E3%83%95%E3%82%A1%E3%83%B3%E3%82%BF%E3%82%B8%E3%83%BC%E5%8F%A4%E6%B2%B3%E5%BA%97%20%E8%8C%A8%E5%9F%8E%E7%9C%8C%E5%8F%A4%E6%B2%B3%E5%B8%82%E6%97%AD%E7%94%BA1-2-17%20%E3%82%A4%E3%82%AA%E3%83%B3%E5%8F%A4%E6%B2%B3%E5%BA%972%E9%9A%8E,2026-10-08,https://dcd.aikatsu.com/encore/pdf/shoplist.pdf,官方列出的設置店；未逐店確認現場稼動、台數與卡片庫存。地址定位尚未逐點核對。
長崎屋勝田,日本 茨城県ひたちなか市石川町１－１,茨城県,關東,029-273-3810,https://www.google.com/maps/search/?api=1&query=%E9%95%B7%E5%B4%8E%E5%B1%8B%E5%8B%9D%E7%94%B0%20%E8%8C%A8%E5%9F%8E%E7%9C%8C%E3%81%B2%E3%81%9F%E3%81%A1%E3%81%AA%E3%81%8B%E5%B8%82%E7%9F%B3%E5%B7%9D%E7%94%BA%EF%BC%91%EF%BC%8D%EF%BC%91,2026-10-08,https://dcd.aikatsu.com/encore/pdf/shoplist.pdf,官方列出的設置店；未逐店確認現場稼動、台數與卡片庫存。地址定位尚未逐點核對。
イオン笠間店,日本 茨城県笠間市赤坂８,茨城県,關東,0296-70-1700,https://www.google.com/maps/search/?api=1&query=%E3%82%A4%E3%82%AA%E3%83%B3%E7%AC%A0%E9%96%93%E5%BA%97%20%E8%8C%A8%E5%9F%8E%E7%9C%8C%E7%AC%A0%E9%96%93%E5%B8%82%E8%B5%A4%E5%9D%82%EF%BC%98,2026-10-08,https://dcd.aikatsu.com/encore/pdf/shoplist.pdf,官方列出的設置店；未逐店確認現場稼動、台數與卡片庫存。地址定位尚未逐點核對。
トイザらス龍ケ崎,日本 茨城県龍ヶ崎市小柴１－７,茨城県,關東,0297-65-5145,https://www.google.com/maps/search/?api=1&query=%E3%83%88%E3%82%A4%E3%82%B6%E3%82%89%E3%82%B9%E9%BE%8D%E3%82%B1%E5%B4%8E%20%E8%8C%A8%E5%9F%8E%E7%9C%8C%E9%BE%8D%E3%83%B6%E5%B4%8E%E5%B8%82%E5%B0%8F%E6%9F%B4%EF%BC%91%EF%BC%8D%EF%BC%97,2026-10-08,https://dcd.aikatsu.com/encore/pdf/shoplist.pdf,官方列出的設置店；未逐店確認現場稼動、台數與卡片庫存。地址定位尚未逐點核對。
ユーズランド水戸内原店,日本 茨城県水戸市内原2丁目1番地イオンモール水戸内原2F,茨城県,關東,029-259-1218,https://www.google.com/maps/search/?api=1&query=%E3%83%A6%E3%83%BC%E3%82%BA%E3%83%A9%E3%83%B3%E3%83%89%E6%B0%B4%E6%88%B8%E5%86%85%E5%8E%9F%E5%BA%97%20%E8%8C%A8%E5%9F%8E%E7%9C%8C%E6%B0%B4%E6%88%B8%E5%B8%82%E5%86%85%E5%8E%9F2%E4%B8%81%E7%9B%AE1%E7%95%AA%E5%9C%B0%E3%82%A4%E3%82%AA%E3%83%B3%E3%83%A2%E3%83%BC%E3%83%AB%E6%B0%B4%E6%88%B8%E5%86%85%E5%8E%9F2F,2026-10-08,https://dcd.aikatsu.com/encore/pdf/shoplist.pdf,官方列出的設置店；未逐店確認現場稼動、台數與卡片庫存。地址定位尚未逐點核對。
ファミリーらんどDORA古河,日本 茨城県古河市雷電町１−１８,茨城県,關東,080-3915-7713,https://www.google.com/maps/search/?api=1&query=%E3%83%95%E3%82%A1%E3%83%9F%E3%83%AA%E3%83%BC%E3%82%89%E3%82%93%E3%81%A9DORA%E5%8F%A4%E6%B2%B3%20%E8%8C%A8%E5%9F%8E%E7%9C%8C%E5%8F%A4%E6%B2%B3%E5%B8%82%E9%9B%B7%E9%9B%BB%E7%94%BA%EF%BC%91%E2%88%92%EF%BC%91%EF%BC%98,2026-10-08,https://dcd.aikatsu.com/encore/pdf/shoplist.pdf,官方列出的設置店；未逐店確認現場稼動、台數與卡片庫存。地址定位尚未逐點核對。
GiGO MEGAドン･キホーテ勝田,日本 茨城県ひたちなか市石川町1-1 MEGAドン･キホーテ勝田店2F,茨城県,關東,080-4831-9155,https://www.google.com/maps/search/?api=1&query=GiGO%20MEGA%E3%83%89%E3%83%B3%EF%BD%A5%E3%82%AD%E3%83%9B%E3%83%BC%E3%83%86%E5%8B%9D%E7%94%B0%20%E8%8C%A8%E5%9F%8E%E7%9C%8C%E3%81%B2%E3%81%9F%E3%81%A1%E3%81%AA%E3%81%8B%E5%B8%82%E7%9F%B3%E5%B7%9D%E7%94%BA1-1%20MEGA%E3%83%89%E3%83%B3%EF%BD%A5%E3%82%AD%E3%83%9B%E3%83%BC%E3%83%86%E5%8B%9D%E7%94%B0%E5%BA%972F,2026-10-08,https://dcd.aikatsu.com/encore/pdf/shoplist.pdf,官方列出的設置店；未逐店確認現場稼動、台數與卡片庫存。地址定位尚未逐點核對。
GiGOショッピングセンターチェリオ鹿嶋,日本 茨城県鹿嶋市宮中290-1 ショッピンセンターチェリオ1階,茨城県,關東,080-4831-9114,https://www.google.com/maps/search/?api=1&query=GiGO%E3%82%B7%E3%83%A7%E3%83%83%E3%83%94%E3%83%B3%E3%82%B0%E3%82%BB%E3%83%B3%E3%82%BF%E3%83%BC%E3%83%81%E3%82%A7%E3%83%AA%E3%82%AA%E9%B9%BF%E5%B6%8B%20%E8%8C%A8%E5%9F%8E%E7%9C%8C%E9%B9%BF%E5%B6%8B%E5%B8%82%E5%AE%AE%E4%B8%AD290-1%20%E3%82%B7%E3%83%A7%E3%83%83%E3%83%94%E3%83%B3%E3%82%BB%E3%83%B3%E3%82%BF%E3%83%BC%E3%83%81%E3%82%A7%E3%83%AA%E3%82%AA1%E9%9A%8E,2026-10-08,https://dcd.aikatsu.com/encore/pdf/shoplist.pdf,官方列出的設置店；未逐店確認現場稼動、台數與卡片庫存。地址定位尚未逐點核對。
GiGO水戸南,日本 茨城県水戸市千波町2017-1 1F,茨城県,關東,070-1458-6102,https://www.google.com/maps/search/?api=1&query=GiGO%E6%B0%B4%E6%88%B8%E5%8D%97%20%E8%8C%A8%E5%9F%8E%E7%9C%8C%E6%B0%B4%E6%88%B8%E5%B8%82%E5%8D%83%E6%B3%A2%E7%94%BA2017-1%201F,2026-10-08,https://dcd.aikatsu.com/encore/pdf/shoplist.pdf,官方列出的設置店；未逐店確認現場稼動、台數與卡片庫存。地址定位尚未逐點核對。
GiGO石岡,日本 茨城県石岡市東大橋中峯1976-1,茨城県,關東,070-1458-8149,https://www.google.com/maps/search/?api=1&query=GiGO%E7%9F%B3%E5%B2%A1%20%E8%8C%A8%E5%9F%8E%E7%9C%8C%E7%9F%B3%E5%B2%A1%E5%B8%82%E6%9D%B1%E5%A4%A7%E6%A9%8B%E4%B8%AD%E5%B3%AF1976-1,2026-10-08,https://dcd.aikatsu.com/encore/pdf/shoplist.pdf,官方列出的設置店；未逐店確認現場稼動、台數與卡片庫存。地址定位尚未逐點核對。
GiGOヒタチエ,日本 茨城県日立市幸町1丁目16番1号 ヒタチエ5階,茨城県,關東,0294-23-2046,https://www.google.com/maps/search/?api=1&query=GiGO%E3%83%92%E3%82%BF%E3%83%81%E3%82%A8%20%E8%8C%A8%E5%9F%8E%E7%9C%8C%E6%97%A5%E7%AB%8B%E5%B8%82%E5%B9%B8%E7%94%BA1%E4%B8%81%E7%9B%AE16%E7%95%AA1%E5%8F%B7%20%E3%83%92%E3%82%BF%E3%83%81%E3%82%A85%E9%9A%8E,2026-10-08,https://dcd.aikatsu.com/encore/pdf/shoplist.pdf,官方列出的設置店；未逐店確認現場稼動、台數與卡片庫存。地址定位尚未逐點核對。
GiGOデイズタウンつくば,日本 茨城県つくば市竹園1-9-2デイズタウンB1F,茨城県,關東,070-1459-0875,https://www.google.com/maps/search/?api=1&query=GiGO%E3%83%87%E3%82%A4%E3%82%BA%E3%82%BF%E3%82%A6%E3%83%B3%E3%81%A4%E3%81%8F%E3%81%B0%20%E8%8C%A8%E5%9F%8E%E7%9C%8C%E3%81%A4%E3%81%8F%E3%81%B0%E5%B8%82%E7%AB%B9%E5%9C%921-9-2%E3%83%87%E3%82%A4%E3%82%BA%E3%82%BF%E3%82%A6%E3%83%B3B1F,2026-10-08,https://dcd.aikatsu.com/encore/pdf/shoplist.pdf,官方列出的設置店；未逐店確認現場稼動、台數與卡片庫存。地址定位尚未逐點核對。
GiGOトナリエクレオつくば,日本 茨城県つくば市吾妻1丁目7-1 トナリエクレオ 3F,茨城県,關東,070-5373-8271,https://www.google.com/maps/search/?api=1&query=GiGO%E3%83%88%E3%83%8A%E3%83%AA%E3%82%A8%E3%82%AF%E3%83%AC%E3%82%AA%E3%81%A4%E3%81%8F%E3%81%B0%20%E8%8C%A8%E5%9F%8E%E7%9C%8C%E3%81%A4%E3%81%8F%E3%81%B0%E5%B8%82%E5%90%BE%E5%A6%BB1%E4%B8%81%E7%9B%AE7-1%20%E3%83%88%E3%83%8A%E3%83%AA%E3%82%A8%E3%82%AF%E3%83%AC%E3%82%AA%203F,2026-10-08,https://dcd.aikatsu.com/encore/pdf/shoplist.pdf,官方列出的設置店；未逐店確認現場稼動、台數與卡片庫存。地址定位尚未逐點核對。
GiGO水戸,日本 茨城県水戸市宮町1-7-44 コムボックス310 3F,茨城県,關東,070-1458-0665,https://www.google.com/maps/search/?api=1&query=GiGO%E6%B0%B4%E6%88%B8%20%E8%8C%A8%E5%9F%8E%E7%9C%8C%E6%B0%B4%E6%88%B8%E5%B8%82%E5%AE%AE%E7%94%BA1-7-44%20%E3%82%B3%E3%83%A0%E3%83%9C%E3%83%83%E3%82%AF%E3%82%B9310%203F,2026-10-08,https://dcd.aikatsu.com/encore/pdf/shoplist.pdf,官方列出的設置店；未逐店確認現場稼動、台數與卡片庫存。地址定位尚未逐點核對。
ゲームメガ水戸けやき台店,日本 茨城県水戸市酒門町3276-1ゲームメガ水戸けやき台店,茨城県,關東,029-247-1983,https://www.google.com/maps/search/?api=1&query=%E3%82%B2%E3%83%BC%E3%83%A0%E3%83%A1%E3%82%AC%E6%B0%B4%E6%88%B8%E3%81%91%E3%82%84%E3%81%8D%E5%8F%B0%E5%BA%97%20%E8%8C%A8%E5%9F%8E%E7%9C%8C%E6%B0%B4%E6%88%B8%E5%B8%82%E9%85%92%E9%96%80%E7%94%BA3276-1%E3%82%B2%E3%83%BC%E3%83%A0%E3%83%A1%E3%82%AC%E6%B0%B4%E6%88%B8%E3%81%91%E3%82%84%E3%81%8D%E5%8F%B0%E5%BA%97,2026-10-08,https://dcd.aikatsu.com/encore/pdf/shoplist.pdf,官方列出的設置店；未逐店確認現場稼動、台數與卡片庫存。地址定位尚未逐點核對。
ゲームメガ日立店,日本 茨城県日立市東多賀町5-10-10,茨城県,關東,0294-32-1983,https://www.google.com/maps/search/?api=1&query=%E3%82%B2%E3%83%BC%E3%83%A0%E3%83%A1%E3%82%AC%E6%97%A5%E7%AB%8B%E5%BA%97%20%E8%8C%A8%E5%9F%8E%E7%9C%8C%E6%97%A5%E7%AB%8B%E5%B8%82%E6%9D%B1%E5%A4%9A%E8%B3%80%E7%94%BA5-10-10,2026-10-08,https://dcd.aikatsu.com/encore/pdf/shoplist.pdf,官方列出的設置店；未逐店確認現場稼動、台數與卡片庫存。地址定位尚未逐點核對。
ソユートイズニューヨーク守谷,日本 茨城県守谷市百合ケ丘３―２４９―１イオンタウン守谷２階,茨城県,關東,0297-47-1685,https://www.google.com/maps/search/?api=1&query=%E3%82%BD%E3%83%A6%E3%83%BC%E3%83%88%E3%82%A4%E3%82%BA%E3%83%8B%E3%83%A5%E3%83%BC%E3%83%A8%E3%83%BC%E3%82%AF%E5%AE%88%E8%B0%B7%20%E8%8C%A8%E5%9F%8E%E7%9C%8C%E5%AE%88%E8%B0%B7%E5%B8%82%E7%99%BE%E5%90%88%E3%82%B1%E4%B8%98%EF%BC%93%E2%80%95%EF%BC%92%EF%BC%94%EF%BC%99%E2%80%95%EF%BC%91%E3%82%A4%E3%82%AA%E3%83%B3%E3%82%BF%E3%82%A6%E3%83%B3%E5%AE%88%E8%B0%B7%EF%BC%92%E9%9A%8E,2026-10-08,https://dcd.aikatsu.com/encore/pdf/shoplist.pdf,官方列出的設置店；未逐店確認現場稼動、台數與卡片庫存。地址定位尚未逐點核對。
タイトーステーション佐原東店,日本 茨城県稲敷市西代１４９５パルナ２Ｆ,茨城県,關東,0299-80-5832,https://www.google.com/maps/search/?api=1&query=%E3%82%BF%E3%82%A4%E3%83%88%E3%83%BC%E3%82%B9%E3%83%86%E3%83%BC%E3%82%B7%E3%83%A7%E3%83%B3%E4%BD%90%E5%8E%9F%E6%9D%B1%E5%BA%97%20%E8%8C%A8%E5%9F%8E%E7%9C%8C%E7%A8%B2%E6%95%B7%E5%B8%82%E8%A5%BF%E4%BB%A3%EF%BC%91%EF%BC%94%EF%BC%99%EF%BC%95%E3%83%91%E3%83%AB%E3%83%8A%EF%BC%92%EF%BC%A6,2026-10-08,https://dcd.aikatsu.com/encore/pdf/shoplist.pdf,官方列出的設置店；未逐店確認現場稼動、台數與卡片庫存。地址定位尚未逐點核對。
タイトーステーションイオンタウン水戸南店,日本 茨城県東茨城郡茨城町長岡3480-101イオンタウン水戸南,茨城県,關東,029-219-0755,https://www.google.com/maps/search/?api=1&query=%E3%82%BF%E3%82%A4%E3%83%88%E3%83%BC%E3%82%B9%E3%83%86%E3%83%BC%E3%82%B7%E3%83%A7%E3%83%B3%E3%82%A4%E3%82%AA%E3%83%B3%E3%82%BF%E3%82%A6%E3%83%B3%E6%B0%B4%E6%88%B8%E5%8D%97%E5%BA%97%20%E8%8C%A8%E5%9F%8E%E7%9C%8C%E6%9D%B1%E8%8C%A8%E5%9F%8E%E9%83%A1%E8%8C%A8%E5%9F%8E%E7%94%BA%E9%95%B7%E5%B2%A13480-101%E3%82%A4%E3%82%AA%E3%83%B3%E3%82%BF%E3%82%A6%E3%83%B3%E6%B0%B4%E6%88%B8%E5%8D%97,2026-10-08,https://dcd.aikatsu.com/encore/pdf/shoplist.pdf,官方列出的設置店；未逐店確認現場稼動、台數與卡片庫存。地址定位尚未逐點核對。
ｎａｍｃｏイオンモールつくば店,日本 茨城県つくば市稲岡６６－１ イオンモールつくば店３Ｆ,茨城県,關東,029-839-2340,https://www.google.com/maps/search/?api=1&query=%EF%BD%8E%EF%BD%81%EF%BD%8D%EF%BD%83%EF%BD%8F%E3%82%A4%E3%82%AA%E3%83%B3%E3%83%A2%E3%83%BC%E3%83%AB%E3%81%A4%E3%81%8F%E3%81%B0%E5%BA%97%20%E8%8C%A8%E5%9F%8E%E7%9C%8C%E3%81%A4%E3%81%8F%E3%81%B0%E5%B8%82%E7%A8%B2%E5%B2%A1%EF%BC%96%EF%BC%96%EF%BC%8D%EF%BC%91%20%E3%82%A4%E3%82%AA%E3%83%B3%E3%83%A2%E3%83%BC%E3%83%AB%E3%81%A4%E3%81%8F%E3%81%B0%E5%BA%97%EF%BC%93%EF%BC%A6,2026-10-08,https://dcd.aikatsu.com/encore/pdf/shoplist.pdf,官方列出的設置店；未逐店確認現場稼動、台數與卡片庫存。地址定位尚未逐點核對。
ジョイフル本田ニューポートひたちなかアミューズパーク,日本 茨城県ひたちなか市新光町３４－１ ジョイフル本田ニューポートひたちなか１Ｆ,茨城県,關東,029-212-4118,https://www.google.com/maps/search/?api=1&query=%E3%82%B8%E3%83%A7%E3%82%A4%E3%83%95%E3%83%AB%E6%9C%AC%E7%94%B0%E3%83%8B%E3%83%A5%E3%83%BC%E3%83%9D%E3%83%BC%E3%83%88%E3%81%B2%E3%81%9F%E3%81%A1%E3%81%AA%E3%81%8B%E3%82%A2%E3%83%9F%E3%83%A5%E3%83%BC%E3%82%BA%E3%83%91%E3%83%BC%E3%82%AF%20%E8%8C%A8%E5%9F%8E%E7%9C%8C%E3%81%B2%E3%81%9F%E3%81%A1%E3%81%AA%E3%81%8B%E5%B8%82%E6%96%B0%E5%85%89%E7%94%BA%EF%BC%93%EF%BC%94%EF%BC%8D%EF%BC%91%20%E3%82%B8%E3%83%A7%E3%82%A4%E3%83%95%E3%83%AB%E6%9C%AC%E7%94%B0%E3%83%8B%E3%83%A5%E3%83%BC%E3%83%9D%E3%83%BC%E3%83%88%E3%81%B2%E3%81%9F%E3%81%A1%E3%81%AA%E3%81%8B%EF%BC%91%EF%BC%A6,2026-10-08,https://dcd.aikatsu.com/encore/pdf/shoplist.pdf,官方列出的設置店；未逐店確認現場稼動、台數與卡片庫存。地址定位尚未逐點核對。
ｎａｍｃｏ ｉｉａｓつくば店,日本 茨城県つくば市研究学園５丁目１９番地 ｉｉａｓつくば店２Ｆ２１９０,茨城県,關東,0570-087660,https://www.google.com/maps/search/?api=1&query=%EF%BD%8E%EF%BD%81%EF%BD%8D%EF%BD%83%EF%BD%8F%20%EF%BD%89%EF%BD%89%EF%BD%81%EF%BD%93%E3%81%A4%E3%81%8F%E3%81%B0%E5%BA%97%20%E8%8C%A8%E5%9F%8E%E7%9C%8C%E3%81%A4%E3%81%8F%E3%81%B0%E5%B8%82%E7%A0%94%E7%A9%B6%E5%AD%A6%E5%9C%92%EF%BC%95%E4%B8%81%E7%9B%AE%EF%BC%91%EF%BC%99%E7%95%AA%E5%9C%B0%20%EF%BD%89%EF%BD%89%EF%BD%81%EF%BD%93%E3%81%A4%E3%81%8F%E3%81%B0%E5%BA%97%EF%BC%92%EF%BC%A6%EF%BC%92%EF%BC%91%EF%BC%99%EF%BC%90,2026-10-08,https://dcd.aikatsu.com/encore/pdf/shoplist.pdf,官方列出的設置店；未逐店確認現場稼動、台數與卡片庫存。地址定位尚未逐點核對。
楽市楽座イオン土浦店,日本 茨城県土浦市上高津4丁目13－367イオン土浦3階,茨城県,關東,029-826-8907,https://www.google.com/maps/search/?api=1&query=%E6%A5%BD%E5%B8%82%E6%A5%BD%E5%BA%A7%E3%82%A4%E3%82%AA%E3%83%B3%E5%9C%9F%E6%B5%A6%E5%BA%97%20%E8%8C%A8%E5%9F%8E%E7%9C%8C%E5%9C%9F%E6%B5%A6%E5%B8%82%E4%B8%8A%E9%AB%98%E6%B4%A54%E4%B8%81%E7%9B%AE13%EF%BC%8D367%E3%82%A4%E3%82%AA%E3%83%B3%E5%9C%9F%E6%B5%A63%E9%9A%8E,2026-10-08,https://dcd.aikatsu.com/encore/pdf/shoplist.pdf,官方列出的設置店；未逐店確認現場稼動、台數與卡片庫存。地址定位尚未逐點核對。
アピナ下館店,日本 茨城県筑西市玉戸１０１２－３アピナ下館,茨城県,關東,0296-28-0033,https://www.google.com/maps/search/?api=1&query=%E3%82%A2%E3%83%94%E3%83%8A%E4%B8%8B%E9%A4%A8%E5%BA%97%20%E8%8C%A8%E5%9F%8E%E7%9C%8C%E7%AD%91%E8%A5%BF%E5%B8%82%E7%8E%89%E6%88%B8%EF%BC%91%EF%BC%90%EF%BC%91%EF%BC%92%EF%BC%8D%EF%BC%93%E3%82%A2%E3%83%94%E3%83%8A%E4%B8%8B%E9%A4%A8,2026-10-08,https://dcd.aikatsu.com/encore/pdf/shoplist.pdf,官方列出的設置店；未逐店確認現場稼動、台數與卡片庫存。地址定位尚未逐點核對。
ゲームパドック・プラスワン古河店,日本 茨城県古河市小堤１９１６－１ゲームパドック・プラスワン古河,茨城県,關東,0280-98-5161,https://www.google.com/maps/search/?api=1&query=%E3%82%B2%E3%83%BC%E3%83%A0%E3%83%91%E3%83%89%E3%83%83%E3%82%AF%E3%83%BB%E3%83%97%E3%83%A9%E3%82%B9%E3%83%AF%E3%83%B3%E5%8F%A4%E6%B2%B3%E5%BA%97%20%E8%8C%A8%E5%9F%8E%E7%9C%8C%E5%8F%A4%E6%B2%B3%E5%B8%82%E5%B0%8F%E5%A0%A4%EF%BC%91%EF%BC%99%EF%BC%91%EF%BC%96%EF%BC%8D%EF%BC%91%E3%82%B2%E3%83%BC%E3%83%A0%E3%83%91%E3%83%89%E3%83%83%E3%82%AF%E3%83%BB%E3%83%97%E3%83%A9%E3%82%B9%E3%83%AF%E3%83%B3%E5%8F%A4%E6%B2%B3,2026-10-08,https://dcd.aikatsu.com/encore/pdf/shoplist.pdf,官方列出的設置店；未逐店確認現場稼動、台數與卡片庫存。地址定位尚未逐點核對。
ファンタジープラザ上水戸店,日本 茨城県水戸市上水戸2-9-10 MEGAドン・キホーテ上水戸店2階,茨城県,關東,029-251-4385,https://www.google.com/maps/search/?api=1&query=%E3%83%95%E3%82%A1%E3%83%B3%E3%82%BF%E3%82%B8%E3%83%BC%E3%83%97%E3%83%A9%E3%82%B6%E4%B8%8A%E6%B0%B4%E6%88%B8%E5%BA%97%20%E8%8C%A8%E5%9F%8E%E7%9C%8C%E6%B0%B4%E6%88%B8%E5%B8%82%E4%B8%8A%E6%B0%B4%E6%88%B82-9-10%20MEGA%E3%83%89%E3%83%B3%E3%83%BB%E3%82%AD%E3%83%9B%E3%83%BC%E3%83%86%E4%B8%8A%E6%B0%B4%E6%88%B8%E5%BA%972%E9%9A%8E,2026-10-08,https://dcd.aikatsu.com/encore/pdf/shoplist.pdf,官方列出的設置店；未逐店確認現場稼動、台數與卡片庫存。地址定位尚未逐點核對。
モーリーファンタジー小山店,日本 栃木県小山市中久喜1467-1 イオン小山店2階,栃木県,關東,070-3100-4950,https://www.google.com/maps/search/?api=1&query=%E3%83%A2%E3%83%BC%E3%83%AA%E3%83%BC%E3%83%95%E3%82%A1%E3%83%B3%E3%82%BF%E3%82%B8%E3%83%BC%E5%B0%8F%E5%B1%B1%E5%BA%97%20%E6%A0%83%E6%9C%A8%E7%9C%8C%E5%B0%8F%E5%B1%B1%E5%B8%82%E4%B8%AD%E4%B9%85%E5%96%9C1467-1%20%E3%82%A4%E3%82%AA%E3%83%B3%E5%B0%8F%E5%B1%B1%E5%BA%972%E9%9A%8E,2026-10-08,https://dcd.aikatsu.com/encore/pdf/shoplist.pdf,官方列出的設置店；未逐店確認現場稼動、台數與卡片庫存。地址定位尚未逐點核對。
モーリーファンタジー今市店,日本 栃木県日光市豊田字若林79-1 イオン今市店2階,栃木県,關東,070-3100-4021,https://www.google.com/maps/search/?api=1&query=%E3%83%A2%E3%83%BC%E3%83%AA%E3%83%BC%E3%83%95%E3%82%A1%E3%83%B3%E3%82%BF%E3%82%B8%E3%83%BC%E4%BB%8A%E5%B8%82%E5%BA%97%20%E6%A0%83%E6%9C%A8%E7%9C%8C%E6%97%A5%E5%85%89%E5%B8%82%E8%B1%8A%E7%94%B0%E5%AD%97%E8%8B%A5%E6%9E%9779-1%20%E3%82%A4%E3%82%AA%E3%83%B3%E4%BB%8A%E5%B8%82%E5%BA%972%E9%9A%8E,2026-10-08,https://dcd.aikatsu.com/encore/pdf/shoplist.pdf,官方列出的設置店；未逐店確認現場稼動、台數與卡片庫存。地址定位尚未逐點核對。
モーリーファンタジー佐野新都市店,日本 栃木県佐野市高萩町1324-1 イオン佐野新都市店2階,栃木県,關東,070-3100-5271,https://www.google.com/maps/search/?api=1&query=%E3%83%A2%E3%83%BC%E3%83%AA%E3%83%BC%E3%83%95%E3%82%A1%E3%83%B3%E3%82%BF%E3%82%B8%E3%83%BC%E4%BD%90%E9%87%8E%E6%96%B0%E9%83%BD%E5%B8%82%E5%BA%97%20%E6%A0%83%E6%9C%A8%E7%9C%8C%E4%BD%90%E9%87%8E%E5%B8%82%E9%AB%98%E8%90%A9%E7%94%BA1324-1%20%E3%82%A4%E3%82%AA%E3%83%B3%E4%BD%90%E9%87%8E%E6%96%B0%E9%83%BD%E5%B8%82%E5%BA%972%E9%9A%8E,2026-10-08,https://dcd.aikatsu.com/encore/pdf/shoplist.pdf,官方列出的設置店；未逐店確認現場稼動、台數與卡片庫存。地址定位尚未逐點核對。
モーリーファンタジー真岡店,日本 栃木県真岡市台町2668 ザ・ビッグ真岡店1階,栃木県,關東,070-3100-7301,https://www.google.com/maps/search/?api=1&query=%E3%83%A2%E3%83%BC%E3%83%AA%E3%83%BC%E3%83%95%E3%82%A1%E3%83%B3%E3%82%BF%E3%82%B8%E3%83%BC%E7%9C%9F%E5%B2%A1%E5%BA%97%20%E6%A0%83%E6%9C%A8%E7%9C%8C%E7%9C%9F%E5%B2%A1%E5%B8%82%E5%8F%B0%E7%94%BA2668%20%E3%82%B6%E3%83%BB%E3%83%93%E3%83%83%E3%82%B0%E7%9C%9F%E5%B2%A1%E5%BA%971%E9%9A%8E,2026-10-08,https://dcd.aikatsu.com/encore/pdf/shoplist.pdf,官方列出的設置店；未逐店確認現場稼動、台數與卡片庫存。地址定位尚未逐點核對。
モーリーファンタジーさくら店,日本 栃木県さくら市桜野1551 ザ・ビッグさくら店1階,栃木県,關東,070-3100-7390,https://www.google.com/maps/search/?api=1&query=%E3%83%A2%E3%83%BC%E3%83%AA%E3%83%BC%E3%83%95%E3%82%A1%E3%83%B3%E3%82%BF%E3%82%B8%E3%83%BC%E3%81%95%E3%81%8F%E3%82%89%E5%BA%97%20%E6%A0%83%E6%9C%A8%E7%9C%8C%E3%81%95%E3%81%8F%E3%82%89%E5%B8%82%E6%A1%9C%E9%87%8E1551%20%E3%82%B6%E3%83%BB%E3%83%93%E3%83%83%E3%82%B0%E3%81%95%E3%81%8F%E3%82%89%E5%BA%971%E9%9A%8E,2026-10-08,https://dcd.aikatsu.com/encore/pdf/shoplist.pdf,官方列出的設置店；未逐店確認現場稼動、台數與卡片庫存。地址定位尚未逐點核對。
モーリーファンタジー那須塩原店,日本 栃木県那須塩原市島方455 イオンタウン那須塩原店1階,栃木県,關東,070-3100-4506,https://www.google.com/maps/search/?api=1&query=%E3%83%A2%E3%83%BC%E3%83%AA%E3%83%BC%E3%83%95%E3%82%A1%E3%83%B3%E3%82%BF%E3%82%B8%E3%83%BC%E9%82%A3%E9%A0%88%E5%A1%A9%E5%8E%9F%E5%BA%97%20%E6%A0%83%E6%9C%A8%E7%9C%8C%E9%82%A3%E9%A0%88%E5%A1%A9%E5%8E%9F%E5%B8%82%E5%B3%B6%E6%96%B9455%20%E3%82%A4%E3%82%AA%E3%83%B3%E3%82%BF%E3%82%A6%E3%83%B3%E9%82%A3%E9%A0%88%E5%A1%A9%E5%8E%9F%E5%BA%971%E9%9A%8E,2026-10-08,https://dcd.aikatsu.com/encore/pdf/shoplist.pdf,官方列出的設置店；未逐店確認現場稼動、台數與卡片庫存。地址定位尚未逐點核對。
PALO足利店,日本 栃木県足利市朝倉2-21-16 ヨークタウン足利店1階,栃木県,關東,070-3100-5558,https://www.google.com/maps/search/?api=1&query=PALO%E8%B6%B3%E5%88%A9%E5%BA%97%20%E6%A0%83%E6%9C%A8%E7%9C%8C%E8%B6%B3%E5%88%A9%E5%B8%82%E6%9C%9D%E5%80%892-21-16%20%E3%83%A8%E3%83%BC%E3%82%AF%E3%82%BF%E3%82%A6%E3%83%B3%E8%B6%B3%E5%88%A9%E5%BA%971%E9%9A%8E,2026-10-08,https://dcd.aikatsu.com/encore/pdf/shoplist.pdf,官方列出的設置店；未逐店確認現場稼動、台數與卡片庫存。地址定位尚未逐點核對。
ヨドバシカメラ マルチメディア宇都宮,日本 栃木県宇都宮市駅前通り１－４－６ 宇都宮西口ビル８Ｆ,栃木県,關東,028-616-1010,https://www.google.com/maps/search/?api=1&query=%E3%83%A8%E3%83%89%E3%83%90%E3%82%B7%E3%82%AB%E3%83%A1%E3%83%A9%20%E3%83%9E%E3%83%AB%E3%83%81%E3%83%A1%E3%83%87%E3%82%A3%E3%82%A2%E5%AE%87%E9%83%BD%E5%AE%AE%20%E6%A0%83%E6%9C%A8%E7%9C%8C%E5%AE%87%E9%83%BD%E5%AE%AE%E5%B8%82%E9%A7%85%E5%89%8D%E9%80%9A%E3%82%8A%EF%BC%91%EF%BC%8D%EF%BC%94%EF%BC%8D%EF%BC%96%20%E5%AE%87%E9%83%BD%E5%AE%AE%E8%A5%BF%E5%8F%A3%E3%83%93%E3%83%AB%EF%BC%98%EF%BC%A6,2026-10-08,https://dcd.aikatsu.com/encore/pdf/shoplist.pdf,官方列出的設置店；未逐店確認現場稼動、台數與卡片庫存。地址定位尚未逐點核對。
ＭＥＧＡドン･キホーテ黒磯,日本 栃木県那須塩原市材木町３－５,栃木県,關東,0287-62-3810,https://www.google.com/maps/search/?api=1&query=%EF%BC%AD%EF%BC%A5%EF%BC%A7%EF%BC%A1%E3%83%89%E3%83%B3%EF%BD%A5%E3%82%AD%E3%83%9B%E3%83%BC%E3%83%86%E9%BB%92%E7%A3%AF%20%E6%A0%83%E6%9C%A8%E7%9C%8C%E9%82%A3%E9%A0%88%E5%A1%A9%E5%8E%9F%E5%B8%82%E6%9D%90%E6%9C%A8%E7%94%BA%EF%BC%93%EF%BC%8D%EF%BC%95,2026-10-08,https://dcd.aikatsu.com/encore/pdf/shoplist.pdf,官方列出的設置店；未逐店確認現場稼動、台數與卡片庫存。地址定位尚未逐點核對。
タイトーFステーション小山,日本 栃木県小山市喜沢１４７５おやまゆうえんハーヴェストウォーク,栃木県,關東,0285-25-8661,https://www.google.com/maps/search/?api=1&query=%E3%82%BF%E3%82%A4%E3%83%88%E3%83%BCF%E3%82%B9%E3%83%86%E3%83%BC%E3%82%B7%E3%83%A7%E3%83%B3%E5%B0%8F%E5%B1%B1%20%E6%A0%83%E6%9C%A8%E7%9C%8C%E5%B0%8F%E5%B1%B1%E5%B8%82%E5%96%9C%E6%B2%A2%EF%BC%91%EF%BC%94%EF%BC%97%EF%BC%95%E3%81%8A%E3%82%84%E3%81%BE%E3%82%86%E3%81%86%E3%81%88%E3%82%93%E3%83%8F%E3%83%BC%E3%83%B4%E3%82%A7%E3%82%B9%E3%83%88%E3%82%A6%E3%82%A9%E3%83%BC%E3%82%AF,2026-10-08,https://dcd.aikatsu.com/encore/pdf/shoplist.pdf,官方列出的設置店；未逐店確認現場稼動、台數與卡片庫存。地址定位尚未逐點核對。
GiGO足利朝倉,日本 栃木県足利市朝倉町244-1,栃木県,關東,080-7458-5350,https://www.google.com/maps/search/?api=1&query=GiGO%E8%B6%B3%E5%88%A9%E6%9C%9D%E5%80%89%20%E6%A0%83%E6%9C%A8%E7%9C%8C%E8%B6%B3%E5%88%A9%E5%B8%82%E6%9C%9D%E5%80%89%E7%94%BA244-1,2026-10-08,https://dcd.aikatsu.com/encore/pdf/shoplist.pdf,官方列出的設置店；未逐店確認現場稼動、台數與卡片庫存。地址定位尚未逐點核對。
GiGOヨークベニマル御幸ヶ原,日本 栃木県宇都宮市御幸ヶ原町５０－１ ヨークベニマル御幸ヶ原店内,栃木県,關東,080-7717-3328,https://www.google.com/maps/search/?api=1&query=GiGO%E3%83%A8%E3%83%BC%E3%82%AF%E3%83%99%E3%83%8B%E3%83%9E%E3%83%AB%E5%BE%A1%E5%B9%B8%E3%83%B6%E5%8E%9F%20%E6%A0%83%E6%9C%A8%E7%9C%8C%E5%AE%87%E9%83%BD%E5%AE%AE%E5%B8%82%E5%BE%A1%E5%B9%B8%E3%83%B6%E5%8E%9F%E7%94%BA%EF%BC%95%EF%BC%90%EF%BC%8D%EF%BC%91%20%E3%83%A8%E3%83%BC%E3%82%AF%E3%83%99%E3%83%8B%E3%83%9E%E3%83%AB%E5%BE%A1%E5%B9%B8%E3%83%B6%E5%8E%9F%E5%BA%97%E5%86%85,2026-10-08,https://dcd.aikatsu.com/encore/pdf/shoplist.pdf,官方列出的設置店；未逐店確認現場稼動、台數與卡片庫存。地址定位尚未逐點核對。
テクモピアパルテロン宇都宮店,日本 栃木県宇都宮市今泉町２３７番地福田屋ショッピングプラザ宇都宮２階,栃木県,關東,028-623-4430,https://www.google.com/maps/search/?api=1&query=%E3%83%86%E3%82%AF%E3%83%A2%E3%83%94%E3%82%A2%E3%83%91%E3%83%AB%E3%83%86%E3%83%AD%E3%83%B3%E5%AE%87%E9%83%BD%E5%AE%AE%E5%BA%97%20%E6%A0%83%E6%9C%A8%E7%9C%8C%E5%AE%87%E9%83%BD%E5%AE%AE%E5%B8%82%E4%BB%8A%E6%B3%89%E7%94%BA%EF%BC%92%EF%BC%93%EF%BC%97%E7%95%AA%E5%9C%B0%E7%A6%8F%E7%94%B0%E5%B1%8B%E3%82%B7%E3%83%A7%E3%83%83%E3%83%94%E3%83%B3%E3%82%B0%E3%83%97%E3%83%A9%E3%82%B6%E5%AE%87%E9%83%BD%E5%AE%AE%EF%BC%92%E9%9A%8E,2026-10-08,https://dcd.aikatsu.com/encore/pdf/shoplist.pdf,官方列出的設置店；未逐店確認現場稼動、台數與卡片庫存。地址定位尚未逐點核對。
テクモピアインターパーク店,日本 栃木県宇都宮市インターパーク6-1-1FKDショッピングモールインターパーク宇都宮店2階,栃木県,關東,028-657-0230,https://www.google.com/maps/search/?api=1&query=%E3%83%86%E3%82%AF%E3%83%A2%E3%83%94%E3%82%A2%E3%82%A4%E3%83%B3%E3%82%BF%E3%83%BC%E3%83%91%E3%83%BC%E3%82%AF%E5%BA%97%20%E6%A0%83%E6%9C%A8%E7%9C%8C%E5%AE%87%E9%83%BD%E5%AE%AE%E5%B8%82%E3%82%A4%E3%83%B3%E3%82%BF%E3%83%BC%E3%83%91%E3%83%BC%E3%82%AF6-1-1FKD%E3%82%B7%E3%83%A7%E3%83%83%E3%83%94%E3%83%B3%E3%82%B0%E3%83%A2%E3%83%BC%E3%83%AB%E3%82%A4%E3%83%B3%E3%82%BF%E3%83%BC%E3%83%91%E3%83%BC%E3%82%AF%E5%AE%87%E9%83%BD%E5%AE%AE%E5%BA%972%E9%9A%8E,2026-10-08,https://dcd.aikatsu.com/encore/pdf/shoplist.pdf,官方列出的設置店；未逐店確認現場稼動、台數與卡片庫存。地址定位尚未逐點核對。
タイトーFステーション足利コムファースト店,日本 栃木県足利市朝倉町245-5,栃木県,關東,0284-22-8155,https://www.google.com/maps/search/?api=1&query=%E3%82%BF%E3%82%A4%E3%83%88%E3%83%BCF%E3%82%B9%E3%83%86%E3%83%BC%E3%82%B7%E3%83%A7%E3%83%B3%E8%B6%B3%E5%88%A9%E3%82%B3%E3%83%A0%E3%83%95%E3%82%A1%E3%83%BC%E3%82%B9%E3%83%88%E5%BA%97%20%E6%A0%83%E6%9C%A8%E7%9C%8C%E8%B6%B3%E5%88%A9%E5%B8%82%E6%9C%9D%E5%80%89%E7%94%BA245-5,2026-10-08,https://dcd.aikatsu.com/encore/pdf/shoplist.pdf,官方列出的設置店；未逐店確認現場稼動、台數與卡片庫存。地址定位尚未逐點核對。
タイトーステーション宇都宮ベルモール店,日本 栃木県宇都宮市陽東６丁目２－１ベルモール２Ｆ,栃木県,關東,028-613-1358,https://www.google.com/maps/search/?api=1&query=%E3%82%BF%E3%82%A4%E3%83%88%E3%83%BC%E3%82%B9%E3%83%86%E3%83%BC%E3%82%B7%E3%83%A7%E3%83%B3%E5%AE%87%E9%83%BD%E5%AE%AE%E3%83%99%E3%83%AB%E3%83%A2%E3%83%BC%E3%83%AB%E5%BA%97%20%E6%A0%83%E6%9C%A8%E7%9C%8C%E5%AE%87%E9%83%BD%E5%AE%AE%E5%B8%82%E9%99%BD%E6%9D%B1%EF%BC%96%E4%B8%81%E7%9B%AE%EF%BC%92%EF%BC%8D%EF%BC%91%E3%83%99%E3%83%AB%E3%83%A2%E3%83%BC%E3%83%AB%EF%BC%92%EF%BC%A6,2026-10-08,https://dcd.aikatsu.com/encore/pdf/shoplist.pdf,官方列出的設置店；未逐店確認現場稼動、台數與卡片庫存。地址定位尚未逐點核對。
ｎａｍｃｏイオン栃木店,日本 栃木県栃木市箱森町３７－９ イオン栃木店２Ｆ,栃木県,關東,0282-21-8646,https://www.google.com/maps/search/?api=1&query=%EF%BD%8E%EF%BD%81%EF%BD%8D%EF%BD%83%EF%BD%8F%E3%82%A4%E3%82%AA%E3%83%B3%E6%A0%83%E6%9C%A8%E5%BA%97%20%E6%A0%83%E6%9C%A8%E7%9C%8C%E6%A0%83%E6%9C%A8%E5%B8%82%E7%AE%B1%E6%A3%AE%E7%94%BA%EF%BC%93%EF%BC%97%EF%BC%8D%EF%BC%99%20%E3%82%A4%E3%82%AA%E3%83%B3%E6%A0%83%E6%9C%A8%E5%BA%97%EF%BC%92%EF%BC%A6,2026-10-08,https://dcd.aikatsu.com/encore/pdf/shoplist.pdf,官方列出的設置店；未逐店確認現場稼動、台數與卡片庫存。地址定位尚未逐點核對。
ｎａｍｃｏフェドラＰ＆Ｄ佐野店,日本 栃木県佐野市高萩町１３４０,栃木県,關東,0283-85-9518,https://www.google.com/maps/search/?api=1&query=%EF%BD%8E%EF%BD%81%EF%BD%8D%EF%BD%83%EF%BD%8F%E3%83%95%E3%82%A7%E3%83%89%E3%83%A9%EF%BC%B0%EF%BC%86%EF%BC%A4%E4%BD%90%E9%87%8E%E5%BA%97%20%E6%A0%83%E6%9C%A8%E7%9C%8C%E4%BD%90%E9%87%8E%E5%B8%82%E9%AB%98%E8%90%A9%E7%94%BA%EF%BC%91%EF%BC%93%EF%BC%94%EF%BC%90,2026-10-08,https://dcd.aikatsu.com/encore/pdf/shoplist.pdf,官方列出的設置店；未逐店確認現場稼動、台數與卡片庫存。地址定位尚未逐點核對。
ｎａｍｃｏ宇都宮店,日本 栃木県宇都宮市簗瀬町１６０６番地１ Ｐ＆Ｄビル,栃木県,關東,028-638-5011,https://www.google.com/maps/search/?api=1&query=%EF%BD%8E%EF%BD%81%EF%BD%8D%EF%BD%83%EF%BD%8F%E5%AE%87%E9%83%BD%E5%AE%AE%E5%BA%97%20%E6%A0%83%E6%9C%A8%E7%9C%8C%E5%AE%87%E9%83%BD%E5%AE%AE%E5%B8%82%E7%B0%97%E7%80%AC%E7%94%BA%EF%BC%91%EF%BC%96%EF%BC%90%EF%BC%96%E7%95%AA%E5%9C%B0%EF%BC%91%20%EF%BC%B0%EF%BC%86%EF%BC%A4%E3%83%93%E3%83%AB,2026-10-08,https://dcd.aikatsu.com/encore/pdf/shoplist.pdf,官方列出的設置店；未逐店確認現場稼動、台數與卡片庫存。地址定位尚未逐點核對。
ｎａｍｃｏロブレ小山店,日本 栃木県小山市中央町３－７－１ ロブレ小山店４階,栃木県,關東,0285-38-6103,https://www.google.com/maps/search/?api=1&query=%EF%BD%8E%EF%BD%81%EF%BD%8D%EF%BD%83%EF%BD%8F%E3%83%AD%E3%83%96%E3%83%AC%E5%B0%8F%E5%B1%B1%E5%BA%97%20%E6%A0%83%E6%9C%A8%E7%9C%8C%E5%B0%8F%E5%B1%B1%E5%B8%82%E4%B8%AD%E5%A4%AE%E7%94%BA%EF%BC%93%EF%BC%8D%EF%BC%97%EF%BC%8D%EF%BC%91%20%E3%83%AD%E3%83%96%E3%83%AC%E5%B0%8F%E5%B1%B1%E5%BA%97%EF%BC%94%E9%9A%8E,2026-10-08,https://dcd.aikatsu.com/encore/pdf/shoplist.pdf,官方列出的設置店；未逐店確認現場稼動、台數與卡片庫存。地址定位尚未逐點核對。
アピナ宇都宮,日本 栃木県河内郡上三川町磯岡421-1 ジョイフル本田宇都宮店2F,栃木県,關東,0285-38-6337,https://www.google.com/maps/search/?api=1&query=%E3%82%A2%E3%83%94%E3%83%8A%E5%AE%87%E9%83%BD%E5%AE%AE%20%E6%A0%83%E6%9C%A8%E7%9C%8C%E6%B2%B3%E5%86%85%E9%83%A1%E4%B8%8A%E4%B8%89%E5%B7%9D%E7%94%BA%E7%A3%AF%E5%B2%A1421-1%20%E3%82%B8%E3%83%A7%E3%82%A4%E3%83%95%E3%83%AB%E6%9C%AC%E7%94%B0%E5%AE%87%E9%83%BD%E5%AE%AE%E5%BA%972F,2026-10-08,https://dcd.aikatsu.com/encore/pdf/shoplist.pdf,官方列出的設置店；未逐店確認現場稼動、台數與卡片庫存。地址定位尚未逐點核對。
アピナ小山店,日本 栃木県小山市駅南町４－２７－１８アピナ小山,栃木県,關東,0285-31-0050,https://www.google.com/maps/search/?api=1&query=%E3%82%A2%E3%83%94%E3%83%8A%E5%B0%8F%E5%B1%B1%E5%BA%97%20%E6%A0%83%E6%9C%A8%E7%9C%8C%E5%B0%8F%E5%B1%B1%E5%B8%82%E9%A7%85%E5%8D%97%E7%94%BA%EF%BC%94%EF%BC%8D%EF%BC%92%EF%BC%97%EF%BC%8D%EF%BC%91%EF%BC%98%E3%82%A2%E3%83%94%E3%83%8A%E5%B0%8F%E5%B1%B1,2026-10-08,https://dcd.aikatsu.com/encore/pdf/shoplist.pdf,官方列出的設置店；未逐店確認現場稼動、台數與卡片庫存。地址定位尚未逐點核對。
インターパークプラスワン宇都宮店,日本 栃木県宇都宮市インターパーク６丁目５－１インターパーク宇都宮南,栃木県,關東,028-657-6789,https://www.google.com/maps/search/?api=1&query=%E3%82%A4%E3%83%B3%E3%82%BF%E3%83%BC%E3%83%91%E3%83%BC%E3%82%AF%E3%83%97%E3%83%A9%E3%82%B9%E3%83%AF%E3%83%B3%E5%AE%87%E9%83%BD%E5%AE%AE%E5%BA%97%20%E6%A0%83%E6%9C%A8%E7%9C%8C%E5%AE%87%E9%83%BD%E5%AE%AE%E5%B8%82%E3%82%A4%E3%83%B3%E3%82%BF%E3%83%BC%E3%83%91%E3%83%BC%E3%82%AF%EF%BC%96%E4%B8%81%E7%9B%AE%EF%BC%95%EF%BC%8D%EF%BC%91%E3%82%A4%E3%83%B3%E3%82%BF%E3%83%BC%E3%83%91%E3%83%BC%E3%82%AF%E5%AE%87%E9%83%BD%E5%AE%AE%E5%8D%97,2026-10-08,https://dcd.aikatsu.com/encore/pdf/shoplist.pdf,官方列出的設置店；未逐店確認現場稼動、台數與卡片庫存。地址定位尚未逐點核對。
モーリーファンタジー太田店,日本 群馬県太田市石原町81番地 イオン太田店2階,群馬県,關東,070-3100-4965,https://www.google.com/maps/search/?api=1&query=%E3%83%A2%E3%83%BC%E3%83%AA%E3%83%BC%E3%83%95%E3%82%A1%E3%83%B3%E3%82%BF%E3%82%B8%E3%83%BC%E5%A4%AA%E7%94%B0%E5%BA%97%20%E7%BE%A4%E9%A6%AC%E7%9C%8C%E5%A4%AA%E7%94%B0%E5%B8%82%E7%9F%B3%E5%8E%9F%E7%94%BA81%E7%95%AA%E5%9C%B0%20%E3%82%A4%E3%82%AA%E3%83%B3%E5%A4%AA%E7%94%B0%E5%BA%972%E9%9A%8E,2026-10-08,https://dcd.aikatsu.com/encore/pdf/shoplist.pdf,官方列出的設置店；未逐店確認現場稼動、台數與卡片庫存。地址定位尚未逐點核對。
モーリーファンタジーミスターマックス伊勢崎店,日本 群馬県伊勢崎市宮子町3556番地1 ミスターマックス伊勢崎店1階,群馬県,關東,070-3100-4967,https://www.google.com/maps/search/?api=1&query=%E3%83%A2%E3%83%BC%E3%83%AA%E3%83%BC%E3%83%95%E3%82%A1%E3%83%B3%E3%82%BF%E3%82%B8%E3%83%BC%E3%83%9F%E3%82%B9%E3%82%BF%E3%83%BC%E3%83%9E%E3%83%83%E3%82%AF%E3%82%B9%E4%BC%8A%E5%8B%A2%E5%B4%8E%E5%BA%97%20%E7%BE%A4%E9%A6%AC%E7%9C%8C%E4%BC%8A%E5%8B%A2%E5%B4%8E%E5%B8%82%E5%AE%AE%E5%AD%90%E7%94%BA3556%E7%95%AA%E5%9C%B01%20%E3%83%9F%E3%82%B9%E3%82%BF%E3%83%BC%E3%83%9E%E3%83%83%E3%82%AF%E3%82%B9%E4%BC%8A%E5%8B%A2%E5%B4%8E%E5%BA%971%E9%9A%8E,2026-10-08,https://dcd.aikatsu.com/encore/pdf/shoplist.pdf,官方列出的設置店；未逐店確認現場稼動、台數與卡片庫存。地址定位尚未逐點核對。
モーリーファンタジー高崎店,日本 群馬県高崎市棟高町1400番地 イオン高崎3階,群馬県,關東,070-3100-4607,https://www.google.com/maps/search/?api=1&query=%E3%83%A2%E3%83%BC%E3%83%AA%E3%83%BC%E3%83%95%E3%82%A1%E3%83%B3%E3%82%BF%E3%82%B8%E3%83%BC%E9%AB%98%E5%B4%8E%E5%BA%97%20%E7%BE%A4%E9%A6%AC%E7%9C%8C%E9%AB%98%E5%B4%8E%E5%B8%82%E6%A3%9F%E9%AB%98%E7%94%BA1400%E7%95%AA%E5%9C%B0%20%E3%82%A4%E3%82%AA%E3%83%B3%E9%AB%98%E5%B4%8E3%E9%9A%8E,2026-10-08,https://dcd.aikatsu.com/encore/pdf/shoplist.pdf,官方列出的設置店；未逐店確認現場稼動、台數與卡片庫存。地址定位尚未逐點核對。
モーリーファンタジー倉賀野店,日本 群馬県高崎市倉賀野町4691-1 ミスターマックス倉賀野店1階,群馬県,關東,070-3100-5527,https://www.google.com/maps/search/?api=1&query=%E3%83%A2%E3%83%BC%E3%83%AA%E3%83%BC%E3%83%95%E3%82%A1%E3%83%B3%E3%82%BF%E3%82%B8%E3%83%BC%E5%80%89%E8%B3%80%E9%87%8E%E5%BA%97%20%E7%BE%A4%E9%A6%AC%E7%9C%8C%E9%AB%98%E5%B4%8E%E5%B8%82%E5%80%89%E8%B3%80%E9%87%8E%E7%94%BA4691-1%20%E3%83%9F%E3%82%B9%E3%82%BF%E3%83%BC%E3%83%9E%E3%83%83%E3%82%AF%E3%82%B9%E5%80%89%E8%B3%80%E9%87%8E%E5%BA%971%E9%9A%8E,2026-10-08,https://dcd.aikatsu.com/encore/pdf/shoplist.pdf,官方列出的設置店；未逐店確認現場稼動、台數與卡片庫存。地址定位尚未逐點核對。
モーリーファンタジーガーデン前橋店,日本 群馬県前橋市小屋原町472-1 ガーデン前橋1階,群馬県,關東,070-3100-5544,https://www.google.com/maps/search/?api=1&query=%E3%83%A2%E3%83%BC%E3%83%AA%E3%83%BC%E3%83%95%E3%82%A1%E3%83%B3%E3%82%BF%E3%82%B8%E3%83%BC%E3%82%AC%E3%83%BC%E3%83%87%E3%83%B3%E5%89%8D%E6%A9%8B%E5%BA%97%20%E7%BE%A4%E9%A6%AC%E7%9C%8C%E5%89%8D%E6%A9%8B%E5%B8%82%E5%B0%8F%E5%B1%8B%E5%8E%9F%E7%94%BA472-1%20%E3%82%AC%E3%83%BC%E3%83%87%E3%83%B3%E5%89%8D%E6%A9%8B1%E9%9A%8E,2026-10-08,https://dcd.aikatsu.com/encore/pdf/shoplist.pdf,官方列出的設置店；未逐店確認現場稼動、台數與卡片庫存。地址定位尚未逐點核對。
ＬＡＢＩ１高崎,日本 群馬県高崎市栄町１－１,群馬県,關東,027-345-8811,https://www.google.com/maps/search/?api=1&query=%EF%BC%AC%EF%BC%A1%EF%BC%A2%EF%BC%A9%EF%BC%91%E9%AB%98%E5%B4%8E%20%E7%BE%A4%E9%A6%AC%E7%9C%8C%E9%AB%98%E5%B4%8E%E5%B8%82%E6%A0%84%E7%94%BA%EF%BC%91%EF%BC%8D%EF%BC%91,2026-10-08,https://dcd.aikatsu.com/encore/pdf/shoplist.pdf,官方列出的設置店；未逐店確認現場稼動、台數與卡片庫存。地址定位尚未逐點核對。
アピタ高崎,日本 群馬県高崎市矢中町６６８－１,群馬県,關東,027-346-1001,https://www.google.com/maps/search/?api=1&query=%E3%82%A2%E3%83%94%E3%82%BF%E9%AB%98%E5%B4%8E%20%E7%BE%A4%E9%A6%AC%E7%9C%8C%E9%AB%98%E5%B4%8E%E5%B8%82%E7%9F%A2%E4%B8%AD%E7%94%BA%EF%BC%96%EF%BC%96%EF%BC%98%EF%BC%8D%EF%BC%91,2026-10-08,https://dcd.aikatsu.com/encore/pdf/shoplist.pdf,官方列出的設置店；未逐店確認現場稼動、台數與卡片庫存。地址定位尚未逐點核對。
ＭＥＧＡドン・キホーテ桐生,日本 群馬県桐生市永楽町５－１０,群馬県,關東,0277-47-3810,https://www.google.com/maps/search/?api=1&query=%EF%BC%AD%EF%BC%A5%EF%BC%A7%EF%BC%A1%E3%83%89%E3%83%B3%E3%83%BB%E3%82%AD%E3%83%9B%E3%83%BC%E3%83%86%E6%A1%90%E7%94%9F%20%E7%BE%A4%E9%A6%AC%E7%9C%8C%E6%A1%90%E7%94%9F%E5%B8%82%E6%B0%B8%E6%A5%BD%E7%94%BA%EF%BC%95%EF%BC%8D%EF%BC%91%EF%BC%90,2026-10-08,https://dcd.aikatsu.com/encore/pdf/shoplist.pdf,官方列出的設置店；未逐店確認現場稼動、台數與卡片庫存。地址定位尚未逐點核對。
ユーズランド高崎店,日本 群馬県高崎市棟高町1400イオンモール高崎店2階,群馬県,關東,027-310-9113,https://www.google.com/maps/search/?api=1&query=%E3%83%A6%E3%83%BC%E3%82%BA%E3%83%A9%E3%83%B3%E3%83%89%E9%AB%98%E5%B4%8E%E5%BA%97%20%E7%BE%A4%E9%A6%AC%E7%9C%8C%E9%AB%98%E5%B4%8E%E5%B8%82%E6%A3%9F%E9%AB%98%E7%94%BA1400%E3%82%A4%E3%82%AA%E3%83%B3%E3%83%A2%E3%83%BC%E3%83%AB%E9%AB%98%E5%B4%8E%E5%BA%972%E9%9A%8E,2026-10-08,https://dcd.aikatsu.com/encore/pdf/shoplist.pdf,官方列出的設置店；未逐店確認現場稼動、台數與卡片庫存。地址定位尚未逐點核對。
ユーズランド太田店,日本 群馬県太田市石原町８１番地イオンモール太田２階,群馬県,關東,0276-47-8722,https://www.google.com/maps/search/?api=1&query=%E3%83%A6%E3%83%BC%E3%82%BA%E3%83%A9%E3%83%B3%E3%83%89%E5%A4%AA%E7%94%B0%E5%BA%97%20%E7%BE%A4%E9%A6%AC%E7%9C%8C%E5%A4%AA%E7%94%B0%E5%B8%82%E7%9F%B3%E5%8E%9F%E7%94%BA%EF%BC%98%EF%BC%91%E7%95%AA%E5%9C%B0%E3%82%A4%E3%82%AA%E3%83%B3%E3%83%A2%E3%83%BC%E3%83%AB%E5%A4%AA%E7%94%B0%EF%BC%92%E9%9A%8E,2026-10-08,https://dcd.aikatsu.com/encore/pdf/shoplist.pdf,官方列出的設置店；未逐店確認現場稼動、台數與卡片庫存。地址定位尚未逐點核對。
GiGOスマーク伊勢崎,日本 群馬県伊勢崎市西小保方町368 スマーク伊勢崎3F 302区画,群馬県,關東,070-1458-2998,https://www.google.com/maps/search/?api=1&query=GiGO%E3%82%B9%E3%83%9E%E3%83%BC%E3%82%AF%E4%BC%8A%E5%8B%A2%E5%B4%8E%20%E7%BE%A4%E9%A6%AC%E7%9C%8C%E4%BC%8A%E5%8B%A2%E5%B4%8E%E5%B8%82%E8%A5%BF%E5%B0%8F%E4%BF%9D%E6%96%B9%E7%94%BA368%20%E3%82%B9%E3%83%9E%E3%83%BC%E3%82%AF%E4%BC%8A%E5%8B%A2%E5%B4%8E3F%20302%E5%8C%BA%E7%94%BB,2026-10-08,https://dcd.aikatsu.com/encore/pdf/shoplist.pdf,官方列出的設置店；未逐店確認現場稼動、台數與卡片庫存。地址定位尚未逐點核對。
タイトーFステーション前橋リリカ,日本 群馬県前橋市国領町2-14-1前橋リリカ2F,群馬県,關東,027-289-4850,https://www.google.com/maps/search/?api=1&query=%E3%82%BF%E3%82%A4%E3%83%88%E3%83%BCF%E3%82%B9%E3%83%86%E3%83%BC%E3%82%B7%E3%83%A7%E3%83%B3%E5%89%8D%E6%A9%8B%E3%83%AA%E3%83%AA%E3%82%AB%20%E7%BE%A4%E9%A6%AC%E7%9C%8C%E5%89%8D%E6%A9%8B%E5%B8%82%E5%9B%BD%E9%A0%98%E7%94%BA2-14-1%E5%89%8D%E6%A9%8B%E3%83%AA%E3%83%AA%E3%82%AB2F,2026-10-08,https://dcd.aikatsu.com/encore/pdf/shoplist.pdf,官方列出的設置店；未逐店確認現場稼動、台數與卡片庫存。地址定位尚未逐點核對。
ｎａｍｃｏけやきウォーク前橋店,日本 群馬県前橋市文京町２－１－１ けやきウォーク前橋２Ｆ,群馬県,關東,0570-087635,https://www.google.com/maps/search/?api=1&query=%EF%BD%8E%EF%BD%81%EF%BD%8D%EF%BD%83%EF%BD%8F%E3%81%91%E3%82%84%E3%81%8D%E3%82%A6%E3%82%A9%E3%83%BC%E3%82%AF%E5%89%8D%E6%A9%8B%E5%BA%97%20%E7%BE%A4%E9%A6%AC%E7%9C%8C%E5%89%8D%E6%A9%8B%E5%B8%82%E6%96%87%E4%BA%AC%E7%94%BA%EF%BC%92%EF%BC%8D%EF%BC%91%EF%BC%8D%EF%BC%91%20%E3%81%91%E3%82%84%E3%81%8D%E3%82%A6%E3%82%A9%E3%83%BC%E3%82%AF%E5%89%8D%E6%A9%8B%EF%BC%92%EF%BC%A6,2026-10-08,https://dcd.aikatsu.com/encore/pdf/shoplist.pdf,官方列出的設置店；未逐店確認現場稼動、台數與卡片庫存。地址定位尚未逐點核對。
ファンタジーランドガルー館林店,日本 群馬県館林市楠町３６４８－１アピタ館林２階,群馬県,關東,0276-75-5813,https://www.google.com/maps/search/?api=1&query=%E3%83%95%E3%82%A1%E3%83%B3%E3%82%BF%E3%82%B8%E3%83%BC%E3%83%A9%E3%83%B3%E3%83%89%E3%82%AC%E3%83%AB%E3%83%BC%E9%A4%A8%E6%9E%97%E5%BA%97%20%E7%BE%A4%E9%A6%AC%E7%9C%8C%E9%A4%A8%E6%9E%97%E5%B8%82%E6%A5%A0%E7%94%BA%EF%BC%93%EF%BC%96%EF%BC%94%EF%BC%98%EF%BC%8D%EF%BC%91%E3%82%A2%E3%83%94%E3%82%BF%E9%A4%A8%E6%9E%97%EF%BC%92%E9%9A%8E,2026-10-08,https://dcd.aikatsu.com/encore/pdf/shoplist.pdf,官方列出的設置店；未逐店確認現場稼動、台數與卡片庫存。地址定位尚未逐點核對。
アピナ吉岡店,日本 群馬県北群馬郡吉岡町大久保364-1 ジョイホンパーク吉岡2F,群馬県,關東,0279-25-7375,https://www.google.com/maps/search/?api=1&query=%E3%82%A2%E3%83%94%E3%83%8A%E5%90%89%E5%B2%A1%E5%BA%97%20%E7%BE%A4%E9%A6%AC%E7%9C%8C%E5%8C%97%E7%BE%A4%E9%A6%AC%E9%83%A1%E5%90%89%E5%B2%A1%E7%94%BA%E5%A4%A7%E4%B9%85%E4%BF%9D364-1%20%E3%82%B8%E3%83%A7%E3%82%A4%E3%83%9B%E3%83%B3%E3%83%91%E3%83%BC%E3%82%AF%E5%90%89%E5%B2%A12F,2026-10-08,https://dcd.aikatsu.com/encore/pdf/shoplist.pdf,官方列出的設置店；未逐店確認現場稼動、台數與卡片庫存。地址定位尚未逐點核對。
アピナ太田店,日本 群馬県太田市内ケ島町９０７－１アピナ太田,群馬県,關東,0276-48-1489,https://www.google.com/maps/search/?api=1&query=%E3%82%A2%E3%83%94%E3%83%8A%E5%A4%AA%E7%94%B0%E5%BA%97%20%E7%BE%A4%E9%A6%AC%E7%9C%8C%E5%A4%AA%E7%94%B0%E5%B8%82%E5%86%85%E3%82%B1%E5%B3%B6%E7%94%BA%EF%BC%99%EF%BC%90%EF%BC%97%EF%BC%8D%EF%BC%91%E3%82%A2%E3%83%94%E3%83%8A%E5%A4%AA%E7%94%B0,2026-10-08,https://dcd.aikatsu.com/encore/pdf/shoplist.pdf,官方列出的設置店；未逐店確認現場稼動、台數與卡片庫存。地址定位尚未逐點核對。
群馬レジャーランド高崎駅東口店,日本 群馬県高崎市江木町333-1高崎EXビル,群馬県,關東,027-330-3002,https://www.google.com/maps/search/?api=1&query=%E7%BE%A4%E9%A6%AC%E3%83%AC%E3%82%B8%E3%83%A3%E3%83%BC%E3%83%A9%E3%83%B3%E3%83%89%E9%AB%98%E5%B4%8E%E9%A7%85%E6%9D%B1%E5%8F%A3%E5%BA%97%20%E7%BE%A4%E9%A6%AC%E7%9C%8C%E9%AB%98%E5%B4%8E%E5%B8%82%E6%B1%9F%E6%9C%A8%E7%94%BA333-1%E9%AB%98%E5%B4%8EEX%E3%83%93%E3%83%AB,2026-10-08,https://dcd.aikatsu.com/encore/pdf/shoplist.pdf,官方列出的設置店；未逐店確認現場稼動、台數與卡片庫存。地址定位尚未逐點核對。
群馬レジャーランド前橋店,日本 群馬県前橋市日吉町4－37－1,群馬県,關東,027-212-4758,https://www.google.com/maps/search/?api=1&query=%E7%BE%A4%E9%A6%AC%E3%83%AC%E3%82%B8%E3%83%A3%E3%83%BC%E3%83%A9%E3%83%B3%E3%83%89%E5%89%8D%E6%A9%8B%E5%BA%97%20%E7%BE%A4%E9%A6%AC%E7%9C%8C%E5%89%8D%E6%A9%8B%E5%B8%82%E6%97%A5%E5%90%89%E7%94%BA4%EF%BC%8D37%EF%BC%8D1,2026-10-08,https://dcd.aikatsu.com/encore/pdf/shoplist.pdf,官方列出的設置店；未逐店確認現場稼動、台數與卡片庫存。地址定位尚未逐點核對。
群馬レジャーランド伊勢崎店,日本 群馬県伊勢崎市連取町3066-1,群馬県,關東,0270-40-5330,https://www.google.com/maps/search/?api=1&query=%E7%BE%A4%E9%A6%AC%E3%83%AC%E3%82%B8%E3%83%A3%E3%83%BC%E3%83%A9%E3%83%B3%E3%83%89%E4%BC%8A%E5%8B%A2%E5%B4%8E%E5%BA%97%20%E7%BE%A4%E9%A6%AC%E7%9C%8C%E4%BC%8A%E5%8B%A2%E5%B4%8E%E5%B8%82%E9%80%A3%E5%8F%96%E7%94%BA3066-1,2026-10-08,https://dcd.aikatsu.com/encore/pdf/shoplist.pdf,官方列出的設置店；未逐店確認現場稼動、台數與卡片庫存。地址定位尚未逐點核對。
群馬レジャーランド太田店,日本 群馬県太田市西矢島町162ー2,群馬県,關東,0276-47-8030,https://www.google.com/maps/search/?api=1&query=%E7%BE%A4%E9%A6%AC%E3%83%AC%E3%82%B8%E3%83%A3%E3%83%BC%E3%83%A9%E3%83%B3%E3%83%89%E5%A4%AA%E7%94%B0%E5%BA%97%20%E7%BE%A4%E9%A6%AC%E7%9C%8C%E5%A4%AA%E7%94%B0%E5%B8%82%E8%A5%BF%E7%9F%A2%E5%B3%B6%E7%94%BA162%E3%83%BC2,2026-10-08,https://dcd.aikatsu.com/encore/pdf/shoplist.pdf,官方列出的設置店；未逐店確認現場稼動、台數與卡片庫存。地址定位尚未逐點核對。
群馬レジャーランド藤岡店,日本 群馬県藤岡市中2002-1,群馬県,關東,0274-40-2371,https://www.google.com/maps/search/?api=1&query=%E7%BE%A4%E9%A6%AC%E3%83%AC%E3%82%B8%E3%83%A3%E3%83%BC%E3%83%A9%E3%83%B3%E3%83%89%E8%97%A4%E5%B2%A1%E5%BA%97%20%E7%BE%A4%E9%A6%AC%E7%9C%8C%E8%97%A4%E5%B2%A1%E5%B8%82%E4%B8%AD2002-1,2026-10-08,https://dcd.aikatsu.com/encore/pdf/shoplist.pdf,官方列出的設置店；未逐店確認現場稼動、台數與卡片庫存。地址定位尚未逐點核對。
群馬レジャーランド渋川店,日本 群馬県渋川市八木原1364,群馬県,關東,0279-25-0718,https://www.google.com/maps/search/?api=1&query=%E7%BE%A4%E9%A6%AC%E3%83%AC%E3%82%B8%E3%83%A3%E3%83%BC%E3%83%A9%E3%83%B3%E3%83%89%E6%B8%8B%E5%B7%9D%E5%BA%97%20%E7%BE%A4%E9%A6%AC%E7%9C%8C%E6%B8%8B%E5%B7%9D%E5%B8%82%E5%85%AB%E6%9C%A8%E5%8E%9F1364,2026-10-08,https://dcd.aikatsu.com/encore/pdf/shoplist.pdf,官方列出的設置店；未逐店確認現場稼動、台數與卡片庫存。地址定位尚未逐點核對。
モーリーファンタジー川口前川店,日本 埼玉県川口市前川1丁目1番11号 イオン川口前川店3階,埼玉県,關東,070-3100-4055,https://www.google.com/maps/search/?api=1&query=%E3%83%A2%E3%83%BC%E3%83%AA%E3%83%BC%E3%83%95%E3%82%A1%E3%83%B3%E3%82%BF%E3%82%B8%E3%83%BC%E5%B7%9D%E5%8F%A3%E5%89%8D%E5%B7%9D%E5%BA%97%20%E5%9F%BC%E7%8E%89%E7%9C%8C%E5%B7%9D%E5%8F%A3%E5%B8%82%E5%89%8D%E5%B7%9D1%E4%B8%81%E7%9B%AE1%E7%95%AA11%E5%8F%B7%20%E3%82%A4%E3%82%AA%E3%83%B3%E5%B7%9D%E5%8F%A3%E5%89%8D%E5%B7%9D%E5%BA%973%E9%9A%8E,2026-10-08,https://dcd.aikatsu.com/encore/pdf/shoplist.pdf,官方列出的設置店；未逐店確認現場稼動、台數與卡片庫存。地址定位尚未逐點核對。
モーリーファンタジー入間店,日本 埼玉県入間市上藤沢462-1 イオン入間店2階,埼玉県,關東,070-3100-5281,https://www.google.com/maps/search/?api=1&query=%E3%83%A2%E3%83%BC%E3%83%AA%E3%83%BC%E3%83%95%E3%82%A1%E3%83%B3%E3%82%BF%E3%82%B8%E3%83%BC%E5%85%A5%E9%96%93%E5%BA%97%20%E5%9F%BC%E7%8E%89%E7%9C%8C%E5%85%A5%E9%96%93%E5%B8%82%E4%B8%8A%E8%97%A4%E6%B2%A2462-1%20%E3%82%A4%E3%82%AA%E3%83%B3%E5%85%A5%E9%96%93%E5%BA%972%E9%9A%8E,2026-10-08,https://dcd.aikatsu.com/encore/pdf/shoplist.pdf,官方列出的設置店；未逐店確認現場稼動、台數與卡片庫存。地址定位尚未逐點核對。
モーリーファンタジー北戸田店,日本 埼玉県戸田市美女木東1-3-1 イオン北戸田店2階,埼玉県,關東,070-3100-4968,https://www.google.com/maps/search/?api=1&query=%E3%83%A2%E3%83%BC%E3%83%AA%E3%83%BC%E3%83%95%E3%82%A1%E3%83%B3%E3%82%BF%E3%82%B8%E3%83%BC%E5%8C%97%E6%88%B8%E7%94%B0%E5%BA%97%20%E5%9F%BC%E7%8E%89%E7%9C%8C%E6%88%B8%E7%94%B0%E5%B8%82%E7%BE%8E%E5%A5%B3%E6%9C%A8%E6%9D%B11-3-1%20%E3%82%A4%E3%82%AA%E3%83%B3%E5%8C%97%E6%88%B8%E7%94%B0%E5%BA%972%E9%9A%8E,2026-10-08,https://dcd.aikatsu.com/encore/pdf/shoplist.pdf,官方列出的設置店；未逐店確認現場稼動、台數與卡片庫存。地址定位尚未逐點核對。
モーリーファンタジー与野店,日本 埼玉県さいたま市中央区本町西5丁目2-9 イオン与野店3階,埼玉県,關東,070-1596-6640,https://www.google.com/maps/search/?api=1&query=%E3%83%A2%E3%83%BC%E3%83%AA%E3%83%BC%E3%83%95%E3%82%A1%E3%83%B3%E3%82%BF%E3%82%B8%E3%83%BC%E4%B8%8E%E9%87%8E%E5%BA%97%20%E5%9F%BC%E7%8E%89%E7%9C%8C%E3%81%95%E3%81%84%E3%81%9F%E3%81%BE%E5%B8%82%E4%B8%AD%E5%A4%AE%E5%8C%BA%E6%9C%AC%E7%94%BA%E8%A5%BF5%E4%B8%81%E7%9B%AE2-9%20%E3%82%A4%E3%82%AA%E3%83%B3%E4%B8%8E%E9%87%8E%E5%BA%973%E9%9A%8E,2026-10-08,https://dcd.aikatsu.com/encore/pdf/shoplist.pdf,官方列出的設置店；未逐店確認現場稼動、台數與卡片庫存。地址定位尚未逐點核對。
モーリーファンタジー浦和美園店,日本 埼玉県さいたま市緑区美園5-50-1 イオン浦和美園店3階,埼玉県,關東,070-1596-6637,https://www.google.com/maps/search/?api=1&query=%E3%83%A2%E3%83%BC%E3%83%AA%E3%83%BC%E3%83%95%E3%82%A1%E3%83%B3%E3%82%BF%E3%82%B8%E3%83%BC%E6%B5%A6%E5%92%8C%E7%BE%8E%E5%9C%92%E5%BA%97%20%E5%9F%BC%E7%8E%89%E7%9C%8C%E3%81%95%E3%81%84%E3%81%9F%E3%81%BE%E5%B8%82%E7%B7%91%E5%8C%BA%E7%BE%8E%E5%9C%925-50-1%20%E3%82%A4%E3%82%AA%E3%83%B3%E6%B5%A6%E5%92%8C%E7%BE%8E%E5%9C%92%E5%BA%973%E9%9A%8E,2026-10-08,https://dcd.aikatsu.com/encore/pdf/shoplist.pdf,官方列出的設置店；未逐店確認現場稼動、台數與卡片庫存。地址定位尚未逐點核對。
モーリーファンタジー狭山店,日本 埼玉県狭山市上奥富1126-1 イオン狭山店2階,埼玉県,關東,070-3100-4537,https://www.google.com/maps/search/?api=1&query=%E3%83%A2%E3%83%BC%E3%83%AA%E3%83%BC%E3%83%95%E3%82%A1%E3%83%B3%E3%82%BF%E3%82%B8%E3%83%BC%E7%8B%AD%E5%B1%B1%E5%BA%97%20%E5%9F%BC%E7%8E%89%E7%9C%8C%E7%8B%AD%E5%B1%B1%E5%B8%82%E4%B8%8A%E5%A5%A5%E5%AF%8C1126-1%20%E3%82%A4%E3%82%AA%E3%83%B3%E7%8B%AD%E5%B1%B1%E5%BA%972%E9%9A%8E,2026-10-08,https://dcd.aikatsu.com/encore/pdf/shoplist.pdf,官方列出的設置店；未逐店確認現場稼動、台數與卡片庫存。地址定位尚未逐點核對。
モーリーファンタジーレイクタウン店,日本 埼玉県越谷市レイクタウン3丁目1番地 イオンレイクタウンｍｏｒｉ3階,埼玉県,關東,070-3100-4565,https://www.google.com/maps/search/?api=1&query=%E3%83%A2%E3%83%BC%E3%83%AA%E3%83%BC%E3%83%95%E3%82%A1%E3%83%B3%E3%82%BF%E3%82%B8%E3%83%BC%E3%83%AC%E3%82%A4%E3%82%AF%E3%82%BF%E3%82%A6%E3%83%B3%E5%BA%97%20%E5%9F%BC%E7%8E%89%E7%9C%8C%E8%B6%8A%E8%B0%B7%E5%B8%82%E3%83%AC%E3%82%A4%E3%82%AF%E3%82%BF%E3%82%A6%E3%83%B33%E4%B8%81%E7%9B%AE1%E7%95%AA%E5%9C%B0%20%E3%82%A4%E3%82%AA%E3%83%B3%E3%83%AC%E3%82%A4%E3%82%AF%E3%82%BF%E3%82%A6%E3%83%B3%EF%BD%8D%EF%BD%8F%EF%BD%92%EF%BD%893%E9%9A%8E,2026-10-08,https://dcd.aikatsu.com/encore/pdf/shoplist.pdf,官方列出的設置店；未逐店確認現場稼動、台數與卡片庫存。地址定位尚未逐點核對。
モーリーファンタジー羽生店,日本 埼玉県羽生市川崎2丁目281番地3 イオン羽生店3階,埼玉県,關東,070-3100-4604,https://www.google.com/maps/search/?api=1&query=%E3%83%A2%E3%83%BC%E3%83%AA%E3%83%BC%E3%83%95%E3%82%A1%E3%83%B3%E3%82%BF%E3%82%B8%E3%83%BC%E7%BE%BD%E7%94%9F%E5%BA%97%20%E5%9F%BC%E7%8E%89%E7%9C%8C%E7%BE%BD%E7%94%9F%E5%B8%82%E5%B7%9D%E5%B4%8E2%E4%B8%81%E7%9B%AE281%E7%95%AA%E5%9C%B03%20%E3%82%A4%E3%82%AA%E3%83%B3%E7%BE%BD%E7%94%9F%E5%BA%973%E9%9A%8E,2026-10-08,https://dcd.aikatsu.com/encore/pdf/shoplist.pdf,官方列出的設置店；未逐店確認現場稼動、台數與卡片庫存。地址定位尚未逐點核對。
モーリーファンタジー春日部店,日本 埼玉県春日部市下柳420-1 イオン春日部店3階,埼玉県,關東,070-3100-4258,https://www.google.com/maps/search/?api=1&query=%E3%83%A2%E3%83%BC%E3%83%AA%E3%83%BC%E3%83%95%E3%82%A1%E3%83%B3%E3%82%BF%E3%82%B8%E3%83%BC%E6%98%A5%E6%97%A5%E9%83%A8%E5%BA%97%20%E5%9F%BC%E7%8E%89%E7%9C%8C%E6%98%A5%E6%97%A5%E9%83%A8%E5%B8%82%E4%B8%8B%E6%9F%B3420-1%20%E3%82%A4%E3%82%AA%E3%83%B3%E6%98%A5%E6%97%A5%E9%83%A8%E5%BA%973%E9%9A%8E,2026-10-08,https://dcd.aikatsu.com/encore/pdf/shoplist.pdf,官方列出的設置店；未逐店確認現場稼動、台數與卡片庫存。地址定位尚未逐點核對。
モーリーファンタジービバモール東松山店,日本 埼玉県東松山市神明町2-11-6 ビバモール東松山店2階,埼玉県,關東,070-3100-3386,https://www.google.com/maps/search/?api=1&query=%E3%83%A2%E3%83%BC%E3%83%AA%E3%83%BC%E3%83%95%E3%82%A1%E3%83%B3%E3%82%BF%E3%82%B8%E3%83%BC%E3%83%93%E3%83%90%E3%83%A2%E3%83%BC%E3%83%AB%E6%9D%B1%E6%9D%BE%E5%B1%B1%E5%BA%97%20%E5%9F%BC%E7%8E%89%E7%9C%8C%E6%9D%B1%E6%9D%BE%E5%B1%B1%E5%B8%82%E7%A5%9E%E6%98%8E%E7%94%BA2-11-6%20%E3%83%93%E3%83%90%E3%83%A2%E3%83%BC%E3%83%AB%E6%9D%B1%E6%9D%BE%E5%B1%B1%E5%BA%972%E9%9A%8E,2026-10-08,https://dcd.aikatsu.com/encore/pdf/shoplist.pdf,官方列出的設置店；未逐店確認現場稼動、台數與卡片庫存。地址定位尚未逐點核對。
モーリーファンタジー上尾店,日本 埼玉県上尾市愛宕3-8-1 イオンモール上尾2階,埼玉県,關東,070-3100-5578,https://www.google.com/maps/search/?api=1&query=%E3%83%A2%E3%83%BC%E3%83%AA%E3%83%BC%E3%83%95%E3%82%A1%E3%83%B3%E3%82%BF%E3%82%B8%E3%83%BC%E4%B8%8A%E5%B0%BE%E5%BA%97%20%E5%9F%BC%E7%8E%89%E7%9C%8C%E4%B8%8A%E5%B0%BE%E5%B8%82%E6%84%9B%E5%AE%953-8-1%20%E3%82%A4%E3%82%AA%E3%83%B3%E3%83%A2%E3%83%BC%E3%83%AB%E4%B8%8A%E5%B0%BE2%E9%9A%8E,2026-10-08,https://dcd.aikatsu.com/encore/pdf/shoplist.pdf,官方列出的設置店；未逐店確認現場稼動、台數與卡片庫存。地址定位尚未逐點核對。
モーリーファンタジーふじみ野店,日本 埼玉県ふじみ野市福岡2-1-6 イオンタウンふじみ野3階,埼玉県,關東,070-3100-3479,https://www.google.com/maps/search/?api=1&query=%E3%83%A2%E3%83%BC%E3%83%AA%E3%83%BC%E3%83%95%E3%82%A1%E3%83%B3%E3%82%BF%E3%82%B8%E3%83%BC%E3%81%B5%E3%81%98%E3%81%BF%E9%87%8E%E5%BA%97%20%E5%9F%BC%E7%8E%89%E7%9C%8C%E3%81%B5%E3%81%98%E3%81%BF%E9%87%8E%E5%B8%82%E7%A6%8F%E5%B2%A12-1-6%20%E3%82%A4%E3%82%AA%E3%83%B3%E3%82%BF%E3%82%A6%E3%83%B3%E3%81%B5%E3%81%98%E3%81%BF%E9%87%8E3%E9%9A%8E,2026-10-08,https://dcd.aikatsu.com/encore/pdf/shoplist.pdf,官方列出的設置店；未逐店確認現場稼動、台數與卡片庫存。地址定位尚未逐點核對。
モーリーファンタジー川口店,日本 埼玉県川口市安行領根岸3180 イオンモール川口3階,埼玉県,關東,070-3100-5004,https://www.google.com/maps/search/?api=1&query=%E3%83%A2%E3%83%BC%E3%83%AA%E3%83%BC%E3%83%95%E3%82%A1%E3%83%B3%E3%82%BF%E3%82%B8%E3%83%BC%E5%B7%9D%E5%8F%A3%E5%BA%97%20%E5%9F%BC%E7%8E%89%E7%9C%8C%E5%B7%9D%E5%8F%A3%E5%B8%82%E5%AE%89%E8%A1%8C%E9%A0%98%E6%A0%B9%E5%B2%B83180%20%E3%82%A4%E3%82%AA%E3%83%B3%E3%83%A2%E3%83%BC%E3%83%AB%E5%B7%9D%E5%8F%A33%E9%9A%8E,2026-10-08,https://dcd.aikatsu.com/encore/pdf/shoplist.pdf,官方列出的設置店；未逐店確認現場稼動、台數與卡片庫存。地址定位尚未逐點核對。
モーリーファンタジー草加マルイ店,日本 埼玉県草加市高砂2-9-1 草加マルイ,埼玉県,關東,070-3100-7496,https://www.google.com/maps/search/?api=1&query=%E3%83%A2%E3%83%BC%E3%83%AA%E3%83%BC%E3%83%95%E3%82%A1%E3%83%B3%E3%82%BF%E3%82%B8%E3%83%BC%E8%8D%89%E5%8A%A0%E3%83%9E%E3%83%AB%E3%82%A4%E5%BA%97%20%E5%9F%BC%E7%8E%89%E7%9C%8C%E8%8D%89%E5%8A%A0%E5%B8%82%E9%AB%98%E7%A0%822-9-1%20%E8%8D%89%E5%8A%A0%E3%83%9E%E3%83%AB%E3%82%A4,2026-10-08,https://dcd.aikatsu.com/encore/pdf/shoplist.pdf,官方列出的設置店；未逐店確認現場稼動、台數與卡片庫存。地址定位尚未逐點核對。
PALO熊谷店,日本 埼玉県熊谷市本石2-135 イオン熊谷店3階,埼玉県,關東,070-3100-4102,https://www.google.com/maps/search/?api=1&query=PALO%E7%86%8A%E8%B0%B7%E5%BA%97%20%E5%9F%BC%E7%8E%89%E7%9C%8C%E7%86%8A%E8%B0%B7%E5%B8%82%E6%9C%AC%E7%9F%B32-135%20%E3%82%A4%E3%82%AA%E3%83%B3%E7%86%8A%E8%B0%B7%E5%BA%973%E9%9A%8E,2026-10-08,https://dcd.aikatsu.com/encore/pdf/shoplist.pdf,官方列出的設置店；未逐店確認現場稼動、台數與卡片庫存。地址定位尚未逐點核對。
モーリーファンタジー大井店,日本 埼玉県ふじみ野市ふじみ野1-2-1 イオン大井店3階,埼玉県,關東,070-3100-4117,https://www.google.com/maps/search/?api=1&query=%E3%83%A2%E3%83%BC%E3%83%AA%E3%83%BC%E3%83%95%E3%82%A1%E3%83%B3%E3%82%BF%E3%82%B8%E3%83%BC%E5%A4%A7%E4%BA%95%E5%BA%97%20%E5%9F%BC%E7%8E%89%E7%9C%8C%E3%81%B5%E3%81%98%E3%81%BF%E9%87%8E%E5%B8%82%E3%81%B5%E3%81%98%E3%81%BF%E9%87%8E1-2-1%20%E3%82%A4%E3%82%AA%E3%83%B3%E5%A4%A7%E4%BA%95%E5%BA%973%E9%9A%8E,2026-10-08,https://dcd.aikatsu.com/encore/pdf/shoplist.pdf,官方列出的設置店；未逐店確認現場稼動、台數與卡片庫存。地址定位尚未逐點核對。
モーリーファンタジー大宮店,日本 埼玉県さいたま市北区櫛引町2-574-1 イオン大宮店3階,埼玉県,關東,070-3100-4289,https://www.google.com/maps/search/?api=1&query=%E3%83%A2%E3%83%BC%E3%83%AA%E3%83%BC%E3%83%95%E3%82%A1%E3%83%B3%E3%82%BF%E3%82%B8%E3%83%BC%E5%A4%A7%E5%AE%AE%E5%BA%97%20%E5%9F%BC%E7%8E%89%E7%9C%8C%E3%81%95%E3%81%84%E3%81%9F%E3%81%BE%E5%B8%82%E5%8C%97%E5%8C%BA%E6%AB%9B%E5%BC%95%E7%94%BA2-574-1%20%E3%82%A4%E3%82%AA%E3%83%B3%E5%A4%A7%E5%AE%AE%E5%BA%973%E9%9A%8E,2026-10-08,https://dcd.aikatsu.com/encore/pdf/shoplist.pdf,官方列出的設置店；未逐店確認現場稼動、台數與卡片庫存。地址定位尚未逐點核對。
モーリーファンタジー上里店,日本 埼玉県児玉郡上里町大字金久保字蓮山359番1 イオンタウン上里2階,埼玉県,關東,070-3100-4505,https://www.google.com/maps/search/?api=1&query=%E3%83%A2%E3%83%BC%E3%83%AA%E3%83%BC%E3%83%95%E3%82%A1%E3%83%B3%E3%82%BF%E3%82%B8%E3%83%BC%E4%B8%8A%E9%87%8C%E5%BA%97%20%E5%9F%BC%E7%8E%89%E7%9C%8C%E5%85%90%E7%8E%89%E9%83%A1%E4%B8%8A%E9%87%8C%E7%94%BA%E5%A4%A7%E5%AD%97%E9%87%91%E4%B9%85%E4%BF%9D%E5%AD%97%E8%93%AE%E5%B1%B1359%E7%95%AA1%20%E3%82%A4%E3%82%AA%E3%83%B3%E3%82%BF%E3%82%A6%E3%83%B3%E4%B8%8A%E9%87%8C2%E9%9A%8E,2026-10-08,https://dcd.aikatsu.com/encore/pdf/shoplist.pdf,官方列出的設置店；未逐店確認現場稼動、台數與卡片庫存。地址定位尚未逐點核對。
イトーヨーカドー和光店,日本 埼玉県和光市丸山台１－９－３,埼玉県,關東,048-468-7111,https://www.google.com/maps/search/?api=1&query=%E3%82%A4%E3%83%88%E3%83%BC%E3%83%A8%E3%83%BC%E3%82%AB%E3%83%89%E3%83%BC%E5%92%8C%E5%85%89%E5%BA%97%20%E5%9F%BC%E7%8E%89%E7%9C%8C%E5%92%8C%E5%85%89%E5%B8%82%E4%B8%B8%E5%B1%B1%E5%8F%B0%EF%BC%91%EF%BC%8D%EF%BC%99%EF%BC%8D%EF%BC%93,2026-10-08,https://dcd.aikatsu.com/encore/pdf/shoplist.pdf,官方列出的設置店；未逐店確認現場稼動、台數與卡片庫存。地址定位尚未逐點核對。
ファイヤーボールレイクタウン,日本 埼玉県越谷市東町２－８ レイクタウンＭＯＲＩ３階,埼玉県,關東,048-971-5258,https://www.google.com/maps/search/?api=1&query=%E3%83%95%E3%82%A1%E3%82%A4%E3%83%A4%E3%83%BC%E3%83%9C%E3%83%BC%E3%83%AB%E3%83%AC%E3%82%A4%E3%82%AF%E3%82%BF%E3%82%A6%E3%83%B3%20%E5%9F%BC%E7%8E%89%E7%9C%8C%E8%B6%8A%E8%B0%B7%E5%B8%82%E6%9D%B1%E7%94%BA%EF%BC%92%EF%BC%8D%EF%BC%98%20%E3%83%AC%E3%82%A4%E3%82%AF%E3%82%BF%E3%82%A6%E3%83%B3%EF%BC%AD%EF%BC%AF%EF%BC%B2%EF%BC%A9%EF%BC%93%E9%9A%8E,2026-10-08,https://dcd.aikatsu.com/encore/pdf/shoplist.pdf,官方列出的設置店；未逐店確認現場稼動、台數與卡片庫存。地址定位尚未逐點核對。
ヨドバシカメラ マルチメディアさいたま新都心,日本 埼玉県さいたま市大宮区吉敷町４－２６３－６,埼玉県,關東,048-645-1010,https://www.google.com/maps/search/?api=1&query=%E3%83%A8%E3%83%89%E3%83%90%E3%82%B7%E3%82%AB%E3%83%A1%E3%83%A9%20%E3%83%9E%E3%83%AB%E3%83%81%E3%83%A1%E3%83%87%E3%82%A3%E3%82%A2%E3%81%95%E3%81%84%E3%81%9F%E3%81%BE%E6%96%B0%E9%83%BD%E5%BF%83%20%E5%9F%BC%E7%8E%89%E7%9C%8C%E3%81%95%E3%81%84%E3%81%9F%E3%81%BE%E5%B8%82%E5%A4%A7%E5%AE%AE%E5%8C%BA%E5%90%89%E6%95%B7%E7%94%BA%EF%BC%94%EF%BC%8D%EF%BC%92%EF%BC%96%EF%BC%93%EF%BC%8D%EF%BC%96,2026-10-08,https://dcd.aikatsu.com/encore/pdf/shoplist.pdf,官方列出的設置店；未逐店確認現場稼動、台數與卡片庫存。地址定位尚未逐點核對。
ビックカメラ大宮西口そごう店,日本 埼玉県さいたま市大宮区桜木町１－８－４ そごうパーキング館,埼玉県,關東,048-647-1111,https://www.google.com/maps/search/?api=1&query=%E3%83%93%E3%83%83%E3%82%AF%E3%82%AB%E3%83%A1%E3%83%A9%E5%A4%A7%E5%AE%AE%E8%A5%BF%E5%8F%A3%E3%81%9D%E3%81%94%E3%81%86%E5%BA%97%20%E5%9F%BC%E7%8E%89%E7%9C%8C%E3%81%95%E3%81%84%E3%81%9F%E3%81%BE%E5%B8%82%E5%A4%A7%E5%AE%AE%E5%8C%BA%E6%A1%9C%E6%9C%A8%E7%94%BA%EF%BC%91%EF%BC%8D%EF%BC%98%EF%BC%8D%EF%BC%94%20%E3%81%9D%E3%81%94%E3%81%86%E3%83%91%E3%83%BC%E3%82%AD%E3%83%B3%E3%82%B0%E9%A4%A8,2026-10-08,https://dcd.aikatsu.com/encore/pdf/shoplist.pdf,官方列出的設置店；未逐店確認現場稼動、台數與卡片庫存。地址定位尚未逐點核對。
イトーヨーカドー大宮宮原店,日本 埼玉県さいたま市北区宮原町１－８５４－１,埼玉県,關東,048-654-3111,https://www.google.com/maps/search/?api=1&query=%E3%82%A4%E3%83%88%E3%83%BC%E3%83%A8%E3%83%BC%E3%82%AB%E3%83%89%E3%83%BC%E5%A4%A7%E5%AE%AE%E5%AE%AE%E5%8E%9F%E5%BA%97%20%E5%9F%BC%E7%8E%89%E7%9C%8C%E3%81%95%E3%81%84%E3%81%9F%E3%81%BE%E5%B8%82%E5%8C%97%E5%8C%BA%E5%AE%AE%E5%8E%9F%E7%94%BA%EF%BC%91%EF%BC%8D%EF%BC%98%EF%BC%95%EF%BC%94%EF%BC%8D%EF%BC%91,2026-10-08,https://dcd.aikatsu.com/encore/pdf/shoplist.pdf,官方列出的設置店；未逐店確認現場稼動、台數與卡片庫存。地址定位尚未逐點核對。
イオン南越谷店,日本 埼玉県越谷市南越谷１－２８７６－１,埼玉県,關東,0489-85-6461,https://www.google.com/maps/search/?api=1&query=%E3%82%A4%E3%82%AA%E3%83%B3%E5%8D%97%E8%B6%8A%E8%B0%B7%E5%BA%97%20%E5%9F%BC%E7%8E%89%E7%9C%8C%E8%B6%8A%E8%B0%B7%E5%B8%82%E5%8D%97%E8%B6%8A%E8%B0%B7%EF%BC%91%EF%BC%8D%EF%BC%92%EF%BC%98%EF%BC%97%EF%BC%96%EF%BC%8D%EF%BC%91,2026-10-08,https://dcd.aikatsu.com/encore/pdf/shoplist.pdf,官方列出的設置店；未逐店確認現場稼動、台數與卡片庫存。地址定位尚未逐點核對。
イトーヨーカドーアリオ川口店,日本 埼玉県川口市並木元町１－７９,埼玉県,關東,048-257-0111,https://www.google.com/maps/search/?api=1&query=%E3%82%A4%E3%83%88%E3%83%BC%E3%83%A8%E3%83%BC%E3%82%AB%E3%83%89%E3%83%BC%E3%82%A2%E3%83%AA%E3%82%AA%E5%B7%9D%E5%8F%A3%E5%BA%97%20%E5%9F%BC%E7%8E%89%E7%9C%8C%E5%B7%9D%E5%8F%A3%E5%B8%82%E4%B8%A6%E6%9C%A8%E5%85%83%E7%94%BA%EF%BC%91%EF%BC%8D%EF%BC%97%EF%BC%99,2026-10-08,https://dcd.aikatsu.com/encore/pdf/shoplist.pdf,官方列出的設置店；未逐店確認現場稼動、台數與卡片庫存。地址定位尚未逐點核對。
ＭＥＧＡドン・キホーテ蓮田,日本 埼玉県蓮田市東４－５－１３,埼玉県,關東,048-765-3810,https://www.google.com/maps/search/?api=1&query=%EF%BC%AD%EF%BC%A5%EF%BC%A7%EF%BC%A1%E3%83%89%E3%83%B3%E3%83%BB%E3%82%AD%E3%83%9B%E3%83%BC%E3%83%86%E8%93%AE%E7%94%B0%20%E5%9F%BC%E7%8E%89%E7%9C%8C%E8%93%AE%E7%94%B0%E5%B8%82%E6%9D%B1%EF%BC%94%EF%BC%8D%EF%BC%95%EF%BC%8D%EF%BC%91%EF%BC%93,2026-10-08,https://dcd.aikatsu.com/encore/pdf/shoplist.pdf,官方列出的設置店；未逐店確認現場稼動、台數與卡片庫存。地址定位尚未逐點核對。
トイザらス熊谷,日本 埼玉県熊谷市代１０６７,埼玉県,關東,048-524-4690,https://www.google.com/maps/search/?api=1&query=%E3%83%88%E3%82%A4%E3%82%B6%E3%82%89%E3%82%B9%E7%86%8A%E8%B0%B7%20%E5%9F%BC%E7%8E%89%E7%9C%8C%E7%86%8A%E8%B0%B7%E5%B8%82%E4%BB%A3%EF%BC%91%EF%BC%90%EF%BC%96%EF%BC%97,2026-10-08,https://dcd.aikatsu.com/encore/pdf/shoplist.pdf,官方列出的設置店；未逐店確認現場稼動、台數與卡片庫存。地址定位尚未逐點核對。
タイトーFステーションイオンスタイル大宮西口駅前,日本 埼玉県さいたま市大宮区桜木町2‐3イオンスタイル大宮西口駅前店内7階,埼玉県,關東,048-657-8728,https://www.google.com/maps/search/?api=1&query=%E3%82%BF%E3%82%A4%E3%83%88%E3%83%BCF%E3%82%B9%E3%83%86%E3%83%BC%E3%82%B7%E3%83%A7%E3%83%B3%E3%82%A4%E3%82%AA%E3%83%B3%E3%82%B9%E3%82%BF%E3%82%A4%E3%83%AB%E5%A4%A7%E5%AE%AE%E8%A5%BF%E5%8F%A3%E9%A7%85%E5%89%8D%20%E5%9F%BC%E7%8E%89%E7%9C%8C%E3%81%95%E3%81%84%E3%81%9F%E3%81%BE%E5%B8%82%E5%A4%A7%E5%AE%AE%E5%8C%BA%E6%A1%9C%E6%9C%A8%E7%94%BA2%E2%80%903%E3%82%A4%E3%82%AA%E3%83%B3%E3%82%B9%E3%82%BF%E3%82%A4%E3%83%AB%E5%A4%A7%E5%AE%AE%E8%A5%BF%E5%8F%A3%E9%A7%85%E5%89%8D%E5%BA%97%E5%86%857%E9%9A%8E,2026-10-08,https://dcd.aikatsu.com/encore/pdf/shoplist.pdf,官方列出的設置店；未逐店確認現場稼動、台數與卡片庫存。地址定位尚未逐點核對。
ユーズランド春日部店,日本 埼玉県春日部市下柳４２０－１イオンモール春日部２Ｆ,埼玉県,關東,048-745-2501,https://www.google.com/maps/search/?api=1&query=%E3%83%A6%E3%83%BC%E3%82%BA%E3%83%A9%E3%83%B3%E3%83%89%E6%98%A5%E6%97%A5%E9%83%A8%E5%BA%97%20%E5%9F%BC%E7%8E%89%E7%9C%8C%E6%98%A5%E6%97%A5%E9%83%A8%E5%B8%82%E4%B8%8B%E6%9F%B3%EF%BC%94%EF%BC%92%EF%BC%90%EF%BC%8D%EF%BC%91%E3%82%A4%E3%82%AA%E3%83%B3%E3%83%A2%E3%83%BC%E3%83%AB%E6%98%A5%E6%97%A5%E9%83%A8%EF%BC%92%EF%BC%A6,2026-10-08,https://dcd.aikatsu.com/encore/pdf/shoplist.pdf,官方列出的設置店；未逐店確認現場稼動、台數與卡片庫存。地址定位尚未逐點核對。
GiGOフジモール吹上,日本 埼玉県鴻巣市袋90-1 フジモール吹上 2階,埼玉県,關東,070-1458-5638,https://www.google.com/maps/search/?api=1&query=GiGO%E3%83%95%E3%82%B8%E3%83%A2%E3%83%BC%E3%83%AB%E5%90%B9%E4%B8%8A%20%E5%9F%BC%E7%8E%89%E7%9C%8C%E9%B4%BB%E5%B7%A3%E5%B8%82%E8%A2%8B90-1%20%E3%83%95%E3%82%B8%E3%83%A2%E3%83%BC%E3%83%AB%E5%90%B9%E4%B8%8A%202%E9%9A%8E,2026-10-08,https://dcd.aikatsu.com/encore/pdf/shoplist.pdf,官方列出的設置店；未逐店確認現場稼動、台數與卡片庫存。地址定位尚未逐點核對。
GiGOららテラス川口,日本 埼玉県川口市栄町３丁目５−１ ららテラス川口 8F,埼玉県,關東,080-4202-0245,https://www.google.com/maps/search/?api=1&query=GiGO%E3%82%89%E3%82%89%E3%83%86%E3%83%A9%E3%82%B9%E5%B7%9D%E5%8F%A3%20%E5%9F%BC%E7%8E%89%E7%9C%8C%E5%B7%9D%E5%8F%A3%E5%B8%82%E6%A0%84%E7%94%BA%EF%BC%93%E4%B8%81%E7%9B%AE%EF%BC%95%E2%88%92%EF%BC%91%20%E3%82%89%E3%82%89%E3%83%86%E3%83%A9%E3%82%B9%E5%B7%9D%E5%8F%A3%208F,2026-10-08,https://dcd.aikatsu.com/encore/pdf/shoplist.pdf,官方列出的設置店；未逐店確認現場稼動、台數與卡片庫存。地址定位尚未逐點核對。
GiGO花園,日本 埼玉県深谷市荒川359,埼玉県,關東,070-1458-7304,https://www.google.com/maps/search/?api=1&query=GiGO%E8%8A%B1%E5%9C%92%20%E5%9F%BC%E7%8E%89%E7%9C%8C%E6%B7%B1%E8%B0%B7%E5%B8%82%E8%8D%92%E5%B7%9D359,2026-10-08,https://dcd.aikatsu.com/encore/pdf/shoplist.pdf,官方列出的設置店；未逐店確認現場稼動、台數與卡片庫存。地址定位尚未逐點核對。
GiGOイオンモール浦和美園,日本 埼玉県さいたま市緑区美園5-50-1 イオンモール浦和美園 2階,埼玉県,關東,080-4831-9105,https://www.google.com/maps/search/?api=1&query=GiGO%E3%82%A4%E3%82%AA%E3%83%B3%E3%83%A2%E3%83%BC%E3%83%AB%E6%B5%A6%E5%92%8C%E7%BE%8E%E5%9C%92%20%E5%9F%BC%E7%8E%89%E7%9C%8C%E3%81%95%E3%81%84%E3%81%9F%E3%81%BE%E5%B8%82%E7%B7%91%E5%8C%BA%E7%BE%8E%E5%9C%925-50-1%20%E3%82%A4%E3%82%AA%E3%83%B3%E3%83%A2%E3%83%BC%E3%83%AB%E6%B5%A6%E5%92%8C%E7%BE%8E%E5%9C%92%202%E9%9A%8E,2026-10-08,https://dcd.aikatsu.com/encore/pdf/shoplist.pdf,官方列出的設置店；未逐店確認現場稼動、台數與卡片庫存。地址定位尚未逐點核對。
GiGOアリオ上尾,日本 埼玉県上尾市壱丁目北29番地14 アリオ上尾店 2階,埼玉県,關東,048-729-6125,https://www.google.com/maps/search/?api=1&query=GiGO%E3%82%A2%E3%83%AA%E3%82%AA%E4%B8%8A%E5%B0%BE%20%E5%9F%BC%E7%8E%89%E7%9C%8C%E4%B8%8A%E5%B0%BE%E5%B8%82%E5%A3%B1%E4%B8%81%E7%9B%AE%E5%8C%9729%E7%95%AA%E5%9C%B014%20%E3%82%A2%E3%83%AA%E3%82%AA%E4%B8%8A%E5%B0%BE%E5%BA%97%202%E9%9A%8E,2026-10-08,https://dcd.aikatsu.com/encore/pdf/shoplist.pdf,官方列出的設置店；未逐店確認現場稼動、台數與卡片庫存。地址定位尚未逐點核對。
GiGOワカバウォーク,日本 埼玉県鶴ヶ島市富士見1-2-1 ﾜｶﾊﾞｳｫｰｸ 2F,埼玉県,關東,070-3354-0985,https://www.google.com/maps/search/?api=1&query=GiGO%E3%83%AF%E3%82%AB%E3%83%90%E3%82%A6%E3%82%A9%E3%83%BC%E3%82%AF%20%E5%9F%BC%E7%8E%89%E7%9C%8C%E9%B6%B4%E3%83%B6%E5%B3%B6%E5%B8%82%E5%AF%8C%E5%A3%AB%E8%A6%8B1-2-1%20%EF%BE%9C%EF%BD%B6%EF%BE%8A%EF%BE%9E%EF%BD%B3%EF%BD%AB%EF%BD%B0%EF%BD%B8%202F,2026-10-08,https://dcd.aikatsu.com/encore/pdf/shoplist.pdf,官方列出的設置店；未逐店確認現場稼動、台數與卡片庫存。地址定位尚未逐點核對。
GiGO南越谷ラクーン,日本 埼玉県越谷市南越谷1-15-1 ラクーン南越谷2F,埼玉県,關東,080-7468-9101,https://www.google.com/maps/search/?api=1&query=GiGO%E5%8D%97%E8%B6%8A%E8%B0%B7%E3%83%A9%E3%82%AF%E3%83%BC%E3%83%B3%20%E5%9F%BC%E7%8E%89%E7%9C%8C%E8%B6%8A%E8%B0%B7%E5%B8%82%E5%8D%97%E8%B6%8A%E8%B0%B71-15-1%20%E3%83%A9%E3%82%AF%E3%83%BC%E3%83%B3%E5%8D%97%E8%B6%8A%E8%B0%B72F,2026-10-08,https://dcd.aikatsu.com/encore/pdf/shoplist.pdf,官方列出的設置店；未逐店確認現場稼動、台數與卡片庫存。地址定位尚未逐點核對。
GiGOイオンモール与野,日本 埼玉県さいたま市中央区本町西5-2-9 イオンモール与野3F,埼玉県,關東,070-1458-6896,https://www.google.com/maps/search/?api=1&query=GiGO%E3%82%A4%E3%82%AA%E3%83%B3%E3%83%A2%E3%83%BC%E3%83%AB%E4%B8%8E%E9%87%8E%20%E5%9F%BC%E7%8E%89%E7%9C%8C%E3%81%95%E3%81%84%E3%81%9F%E3%81%BE%E5%B8%82%E4%B8%AD%E5%A4%AE%E5%8C%BA%E6%9C%AC%E7%94%BA%E8%A5%BF5-2-9%20%E3%82%A4%E3%82%AA%E3%83%B3%E3%83%A2%E3%83%BC%E3%83%AB%E4%B8%8E%E9%87%8E3F,2026-10-08,https://dcd.aikatsu.com/encore/pdf/shoplist.pdf,官方列出的設置店；未逐店確認現場稼動、台數與卡片庫存。地址定位尚未逐點核對。
GiGOららぽーと富士見,日本 埼玉県富士見市山室1-1313 ららぽーと富士見3F 3520区画,埼玉県,關東,070-1458-3085,https://www.google.com/maps/search/?api=1&query=GiGO%E3%82%89%E3%82%89%E3%81%BD%E3%83%BC%E3%81%A8%E5%AF%8C%E5%A3%AB%E8%A6%8B%20%E5%9F%BC%E7%8E%89%E7%9C%8C%E5%AF%8C%E5%A3%AB%E8%A6%8B%E5%B8%82%E5%B1%B1%E5%AE%A41-1313%20%E3%82%89%E3%82%89%E3%81%BD%E3%83%BC%E3%81%A8%E5%AF%8C%E5%A3%AB%E8%A6%8B3F%203520%E5%8C%BA%E7%94%BB,2026-10-08,https://dcd.aikatsu.com/encore/pdf/shoplist.pdf,官方列出的設置店；未逐店確認現場稼動、台數與卡片庫存。地址定位尚未逐點核對。
GiGOビバモール蕨錦町,日本 埼玉県蕨市錦町1丁目12-1 2階 212区画,埼玉県,關東,070-6973-5081,https://www.google.com/maps/search/?api=1&query=GiGO%E3%83%93%E3%83%90%E3%83%A2%E3%83%BC%E3%83%AB%E8%95%A8%E9%8C%A6%E7%94%BA%20%E5%9F%BC%E7%8E%89%E7%9C%8C%E8%95%A8%E5%B8%82%E9%8C%A6%E7%94%BA1%E4%B8%81%E7%9B%AE12-1%202%E9%9A%8E%20212%E5%8C%BA%E7%94%BB,2026-10-08,https://dcd.aikatsu.com/encore/pdf/shoplist.pdf,官方列出的設置店；未逐店確認現場稼動、台數與卡片庫存。地址定位尚未逐點核對。
GiGO入間,日本 埼玉県入間市東藤沢 2-18,埼玉県,關東,070-1458-7167,https://www.google.com/maps/search/?api=1&query=GiGO%E5%85%A5%E9%96%93%20%E5%9F%BC%E7%8E%89%E7%9C%8C%E5%85%A5%E9%96%93%E5%B8%82%E6%9D%B1%E8%97%A4%E6%B2%A2%202-18,2026-10-08,https://dcd.aikatsu.com/encore/pdf/shoplist.pdf,官方列出的設置店；未逐店確認現場稼動、台數與卡片庫存。地址定位尚未逐點核對。
GiGOアトレ川越,日本 埼玉県川越市脇田町105番地アトレ川越1F,埼玉県,關東,070-1449-2976,https://www.google.com/maps/search/?api=1&query=GiGO%E3%82%A2%E3%83%88%E3%83%AC%E5%B7%9D%E8%B6%8A%20%E5%9F%BC%E7%8E%89%E7%9C%8C%E5%B7%9D%E8%B6%8A%E5%B8%82%E8%84%87%E7%94%B0%E7%94%BA105%E7%95%AA%E5%9C%B0%E3%82%A2%E3%83%88%E3%83%AC%E5%B7%9D%E8%B6%8A1F,2026-10-08,https://dcd.aikatsu.com/encore/pdf/shoplist.pdf,官方列出的設置店；未逐店確認現場稼動、台數與卡片庫存。地址定位尚未逐點核對。
GiGOイオンモール川口,日本 埼玉県川口市大字安行領根岸3180番地 イオンモール川口2F・3F,埼玉県,關東,070-1459-7556,https://www.google.com/maps/search/?api=1&query=GiGO%E3%82%A4%E3%82%AA%E3%83%B3%E3%83%A2%E3%83%BC%E3%83%AB%E5%B7%9D%E5%8F%A3%20%E5%9F%BC%E7%8E%89%E7%9C%8C%E5%B7%9D%E5%8F%A3%E5%B8%82%E5%A4%A7%E5%AD%97%E5%AE%89%E8%A1%8C%E9%A0%98%E6%A0%B9%E5%B2%B83180%E7%95%AA%E5%9C%B0%20%E3%82%A4%E3%82%AA%E3%83%B3%E3%83%A2%E3%83%BC%E3%83%AB%E5%B7%9D%E5%8F%A32F%E3%83%BB3F,2026-10-08,https://dcd.aikatsu.com/encore/pdf/shoplist.pdf,官方列出的設置店；未逐店確認現場稼動、台數與卡片庫存。地址定位尚未逐點核對。
アミュージアム川口店,日本 埼玉県川口市本町2-7-25ミエルかわぐち3F,埼玉県,關東,048-226-2110,https://www.google.com/maps/search/?api=1&query=%E3%82%A2%E3%83%9F%E3%83%A5%E3%83%BC%E3%82%B8%E3%82%A2%E3%83%A0%E5%B7%9D%E5%8F%A3%E5%BA%97%20%E5%9F%BC%E7%8E%89%E7%9C%8C%E5%B7%9D%E5%8F%A3%E5%B8%82%E6%9C%AC%E7%94%BA2-7-25%E3%83%9F%E3%82%A8%E3%83%AB%E3%81%8B%E3%82%8F%E3%81%90%E3%81%A13F,2026-10-08,https://dcd.aikatsu.com/encore/pdf/shoplist.pdf,官方列出的設置店；未逐店確認現場稼動、台數與卡片庫存。地址定位尚未逐點核對。
アミュージアム所沢店,日本 埼玉県所沢市小手指台23-1,埼玉県,關東,04-2926-1330,https://www.google.com/maps/search/?api=1&query=%E3%82%A2%E3%83%9F%E3%83%A5%E3%83%BC%E3%82%B8%E3%82%A2%E3%83%A0%E6%89%80%E6%B2%A2%E5%BA%97%20%E5%9F%BC%E7%8E%89%E7%9C%8C%E6%89%80%E6%B2%A2%E5%B8%82%E5%B0%8F%E6%89%8B%E6%8C%87%E5%8F%B023-1,2026-10-08,https://dcd.aikatsu.com/encore/pdf/shoplist.pdf,官方列出的設置店；未逐店確認現場稼動、台數與卡片庫存。地址定位尚未逐點核對。
NICOPA幸手店,日本 埼玉県幸手市上高野764エムズタウン幸手西館1F,埼玉県,關東,0480-40-3285,https://www.google.com/maps/search/?api=1&query=NICOPA%E5%B9%B8%E6%89%8B%E5%BA%97%20%E5%9F%BC%E7%8E%89%E7%9C%8C%E5%B9%B8%E6%89%8B%E5%B8%82%E4%B8%8A%E9%AB%98%E9%87%8E764%E3%82%A8%E3%83%A0%E3%82%BA%E3%82%BF%E3%82%A6%E3%83%B3%E5%B9%B8%E6%89%8B%E8%A5%BF%E9%A4%A81F,2026-10-08,https://dcd.aikatsu.com/encore/pdf/shoplist.pdf,官方列出的設置店；未逐店確認現場稼動、台數與卡片庫存。地址定位尚未逐點核對。
あそびライブラリー川口店,日本 埼玉県川口市宮町18-9ララガーデン川口 2F,埼玉県,關東,048-240-2010,https://www.google.com/maps/search/?api=1&query=%E3%81%82%E3%81%9D%E3%81%B3%E3%83%A9%E3%82%A4%E3%83%96%E3%83%A9%E3%83%AA%E3%83%BC%E5%B7%9D%E5%8F%A3%E5%BA%97%20%E5%9F%BC%E7%8E%89%E7%9C%8C%E5%B7%9D%E5%8F%A3%E5%B8%82%E5%AE%AE%E7%94%BA18-9%E3%83%A9%E3%83%A9%E3%82%AC%E3%83%BC%E3%83%87%E3%83%B3%E5%B7%9D%E5%8F%A3%202F,2026-10-08,https://dcd.aikatsu.com/encore/pdf/shoplist.pdf,官方列出的設置店；未逐店確認現場稼動、台數與卡片庫存。地址定位尚未逐點核對。
プラサカプコン羽生店,日本 埼玉県羽生市川崎２－２８１－３イオンモール羽生２階,埼玉県,關東,048-560-0700,https://www.google.com/maps/search/?api=1&query=%E3%83%97%E3%83%A9%E3%82%B5%E3%82%AB%E3%83%97%E3%82%B3%E3%83%B3%E7%BE%BD%E7%94%9F%E5%BA%97%20%E5%9F%BC%E7%8E%89%E7%9C%8C%E7%BE%BD%E7%94%9F%E5%B8%82%E5%B7%9D%E5%B4%8E%EF%BC%92%EF%BC%8D%EF%BC%92%EF%BC%98%EF%BC%91%EF%BC%8D%EF%BC%93%E3%82%A4%E3%82%AA%E3%83%B3%E3%83%A2%E3%83%BC%E3%83%AB%E7%BE%BD%E7%94%9F%EF%BC%92%E9%9A%8E,2026-10-08,https://dcd.aikatsu.com/encore/pdf/shoplist.pdf,官方列出的設置店；未逐店確認現場稼動、台數與卡片庫存。地址定位尚未逐點核對。
ゲオ草加花栗店,日本 埼玉県草加市花栗４－２６－２１ゲオ草加花栗,埼玉県,關東,048-946-1408,https://www.google.com/maps/search/?api=1&query=%E3%82%B2%E3%82%AA%E8%8D%89%E5%8A%A0%E8%8A%B1%E6%A0%97%E5%BA%97%20%E5%9F%BC%E7%8E%89%E7%9C%8C%E8%8D%89%E5%8A%A0%E5%B8%82%E8%8A%B1%E6%A0%97%EF%BC%94%EF%BC%8D%EF%BC%92%EF%BC%96%EF%BC%8D%EF%BC%92%EF%BC%91%E3%82%B2%E3%82%AA%E8%8D%89%E5%8A%A0%E8%8A%B1%E6%A0%97,2026-10-08,https://dcd.aikatsu.com/encore/pdf/shoplist.pdf,官方列出的設置店；未逐店確認現場稼動、台數與卡片庫存。地址定位尚未逐點核對。
ウェアハウス草加店,日本 埼玉県八潮市南後谷507,埼玉県,關東,0489-30-5261,https://www.google.com/maps/search/?api=1&query=%E3%82%A6%E3%82%A7%E3%82%A2%E3%83%8F%E3%82%A6%E3%82%B9%E8%8D%89%E5%8A%A0%E5%BA%97%20%E5%9F%BC%E7%8E%89%E7%9C%8C%E5%85%AB%E6%BD%AE%E5%B8%82%E5%8D%97%E5%BE%8C%E8%B0%B7507,2026-10-08,https://dcd.aikatsu.com/encore/pdf/shoplist.pdf,官方列出的設置店；未逐店確認現場稼動、台數與卡片庫存。地址定位尚未逐點核對。
サープラ八潮あそびタウン,日本 埼玉県八潮市大瀬1-1-3 フレスポ八潮3F,埼玉県,關東,048-994-5377,https://www.google.com/maps/search/?api=1&query=%E3%82%B5%E3%83%BC%E3%83%97%E3%83%A9%E5%85%AB%E6%BD%AE%E3%81%82%E3%81%9D%E3%81%B3%E3%82%BF%E3%82%A6%E3%83%B3%20%E5%9F%BC%E7%8E%89%E7%9C%8C%E5%85%AB%E6%BD%AE%E5%B8%82%E5%A4%A7%E7%80%AC1-1-3%20%E3%83%95%E3%83%AC%E3%82%B9%E3%83%9D%E5%85%AB%E6%BD%AE3F,2026-10-08,https://dcd.aikatsu.com/encore/pdf/shoplist.pdf,官方列出的設置店；未逐店確認現場稼動、台數與卡片庫存。地址定位尚未逐點核對。
シルクハット川口,日本 埼玉県川口市栄町3-1-16イート川口ビル4階,埼玉県,關東,044-589-4523,https://www.google.com/maps/search/?api=1&query=%E3%82%B7%E3%83%AB%E3%82%AF%E3%83%8F%E3%83%83%E3%83%88%E5%B7%9D%E5%8F%A3%20%E5%9F%BC%E7%8E%89%E7%9C%8C%E5%B7%9D%E5%8F%A3%E5%B8%82%E6%A0%84%E7%94%BA3-1-16%E3%82%A4%E3%83%BC%E3%83%88%E5%B7%9D%E5%8F%A3%E3%83%93%E3%83%AB4%E9%9A%8E,2026-10-08,https://dcd.aikatsu.com/encore/pdf/shoplist.pdf,官方列出的設置店；未逐店確認現場稼動、台數與卡片庫存。地址定位尚未逐點核對。
SOYU Game Field熊谷店,日本 埼玉県熊谷市銀座2-245ショッピングセンターニットーモール4階,埼玉県,關東,048-523-3080,https://www.google.com/maps/search/?api=1&query=SOYU%20Game%20Field%E7%86%8A%E8%B0%B7%E5%BA%97%20%E5%9F%BC%E7%8E%89%E7%9C%8C%E7%86%8A%E8%B0%B7%E5%B8%82%E9%8A%80%E5%BA%A72-245%E3%82%B7%E3%83%A7%E3%83%83%E3%83%94%E3%83%B3%E3%82%B0%E3%82%BB%E3%83%B3%E3%82%BF%E3%83%BC%E3%83%8B%E3%83%83%E3%83%88%E3%83%BC%E3%83%A2%E3%83%BC%E3%83%AB4%E9%9A%8E,2026-10-08,https://dcd.aikatsu.com/encore/pdf/shoplist.pdf,官方列出的設置店；未逐店確認現場稼動、台數與卡片庫存。地址定位尚未逐點核對。
ソユーゲームフィールド菖蒲,日本 埼玉県久喜市菖蒲町菖蒲6005番地1号モラージュ菖蒲3F,埼玉県,關東,0480-87-1955,https://www.google.com/maps/search/?api=1&query=%E3%82%BD%E3%83%A6%E3%83%BC%E3%82%B2%E3%83%BC%E3%83%A0%E3%83%95%E3%82%A3%E3%83%BC%E3%83%AB%E3%83%89%E8%8F%96%E8%92%B2%20%E5%9F%BC%E7%8E%89%E7%9C%8C%E4%B9%85%E5%96%9C%E5%B8%82%E8%8F%96%E8%92%B2%E7%94%BA%E8%8F%96%E8%92%B26005%E7%95%AA%E5%9C%B01%E5%8F%B7%E3%83%A2%E3%83%A9%E3%83%BC%E3%82%B8%E3%83%A5%E8%8F%96%E8%92%B23F,2026-10-08,https://dcd.aikatsu.com/encore/pdf/shoplist.pdf,官方列出的設置店；未逐店確認現場稼動、台數與卡片庫存。地址定位尚未逐點核對。
タイトーステーション大宮店,日本 埼玉県さいたま市大宮区大門町一丁目１番地タイトーステーション大宮,埼玉県,關東,048-782-5461,https://www.google.com/maps/search/?api=1&query=%E3%82%BF%E3%82%A4%E3%83%88%E3%83%BC%E3%82%B9%E3%83%86%E3%83%BC%E3%82%B7%E3%83%A7%E3%83%B3%E5%A4%A7%E5%AE%AE%E5%BA%97%20%E5%9F%BC%E7%8E%89%E7%9C%8C%E3%81%95%E3%81%84%E3%81%9F%E3%81%BE%E5%B8%82%E5%A4%A7%E5%AE%AE%E5%8C%BA%E5%A4%A7%E9%96%80%E7%94%BA%E4%B8%80%E4%B8%81%E7%9B%AE%EF%BC%91%E7%95%AA%E5%9C%B0%E3%82%BF%E3%82%A4%E3%83%88%E3%83%BC%E3%82%B9%E3%83%86%E3%83%BC%E3%82%B7%E3%83%A7%E3%83%B3%E5%A4%A7%E5%AE%AE,2026-10-08,https://dcd.aikatsu.com/encore/pdf/shoplist.pdf,官方列出的設置店；未逐店確認現場稼動、台數與卡片庫存。地址定位尚未逐點核對。
タイトーステーション所沢店,日本 埼玉県所沢市日吉町３番７号スカイビュウビル１、２Ｆ,埼玉県,關東,04-2925-9071,https://www.google.com/maps/search/?api=1&query=%E3%82%BF%E3%82%A4%E3%83%88%E3%83%BC%E3%82%B9%E3%83%86%E3%83%BC%E3%82%B7%E3%83%A7%E3%83%B3%E6%89%80%E6%B2%A2%E5%BA%97%20%E5%9F%BC%E7%8E%89%E7%9C%8C%E6%89%80%E6%B2%A2%E5%B8%82%E6%97%A5%E5%90%89%E7%94%BA%EF%BC%93%E7%95%AA%EF%BC%97%E5%8F%B7%E3%82%B9%E3%82%AB%E3%82%A4%E3%83%93%E3%83%A5%E3%82%A6%E3%83%93%E3%83%AB%EF%BC%91%E3%80%81%EF%BC%92%EF%BC%A6,2026-10-08,https://dcd.aikatsu.com/encore/pdf/shoplist.pdf,官方列出的設置店；未逐店確認現場稼動、台數與卡片庫存。地址定位尚未逐點核對。
ｎａｍｃｏステラタウン店,日本 埼玉県さいたま市北区宮原町一丁目８５４－１ ステラモール３Ｆ,埼玉県,關東,048-662-4601,https://www.google.com/maps/search/?api=1&query=%EF%BD%8E%EF%BD%81%EF%BD%8D%EF%BD%83%EF%BD%8F%E3%82%B9%E3%83%86%E3%83%A9%E3%82%BF%E3%82%A6%E3%83%B3%E5%BA%97%20%E5%9F%BC%E7%8E%89%E7%9C%8C%E3%81%95%E3%81%84%E3%81%9F%E3%81%BE%E5%B8%82%E5%8C%97%E5%8C%BA%E5%AE%AE%E5%8E%9F%E7%94%BA%E4%B8%80%E4%B8%81%E7%9B%AE%EF%BC%98%EF%BC%95%EF%BC%94%EF%BC%8D%EF%BC%91%20%E3%82%B9%E3%83%86%E3%83%A9%E3%83%A2%E3%83%BC%E3%83%AB%EF%BC%93%EF%BC%A6,2026-10-08,https://dcd.aikatsu.com/encore/pdf/shoplist.pdf,官方列出的設置店；未逐店確認現場稼動、台數與卡片庫存。地址定位尚未逐點核對。
ｎａｍｃｏイオンタウンふじみ野店,日本 埼玉県ふじみ野市福岡２－１－６ イオンタウンふじみ野３Ｆ,埼玉県,關東,049-293-4867,https://www.google.com/maps/search/?api=1&query=%EF%BD%8E%EF%BD%81%EF%BD%8D%EF%BD%83%EF%BD%8F%E3%82%A4%E3%82%AA%E3%83%B3%E3%82%BF%E3%82%A6%E3%83%B3%E3%81%B5%E3%81%98%E3%81%BF%E9%87%8E%E5%BA%97%20%E5%9F%BC%E7%8E%89%E7%9C%8C%E3%81%B5%E3%81%98%E3%81%BF%E9%87%8E%E5%B8%82%E7%A6%8F%E5%B2%A1%EF%BC%92%EF%BC%8D%EF%BC%91%EF%BC%8D%EF%BC%96%20%E3%82%A4%E3%82%AA%E3%83%B3%E3%82%BF%E3%82%A6%E3%83%B3%E3%81%B5%E3%81%98%E3%81%BF%E9%87%8E%EF%BC%93%EF%BC%A6,2026-10-08,https://dcd.aikatsu.com/encore/pdf/shoplist.pdf,官方列出的設置店；未逐店確認現場稼動、台數與卡片庫存。地址定位尚未逐點核對。
ｎａｍｃｏエミテラス所沢店,日本 埼玉県所沢市東住吉１０ エミテラス所沢４階,埼玉県,關東,04-2997-9490,https://www.google.com/maps/search/?api=1&query=%EF%BD%8E%EF%BD%81%EF%BD%8D%EF%BD%83%EF%BD%8F%E3%82%A8%E3%83%9F%E3%83%86%E3%83%A9%E3%82%B9%E6%89%80%E6%B2%A2%E5%BA%97%20%E5%9F%BC%E7%8E%89%E7%9C%8C%E6%89%80%E6%B2%A2%E5%B8%82%E6%9D%B1%E4%BD%8F%E5%90%89%EF%BC%91%EF%BC%90%20%E3%82%A8%E3%83%9F%E3%83%86%E3%83%A9%E3%82%B9%E6%89%80%E6%B2%A2%EF%BC%94%E9%9A%8E,2026-10-08,https://dcd.aikatsu.com/encore/pdf/shoplist.pdf,官方列出的設置店；未逐店確認現場稼動、台數與卡片庫存。地址定位尚未逐點核對。
ｎａｍｃｏイオンモール北戸田店,日本 埼玉県戸田市美女木東１－３－１ イオンモール北戸田,埼玉県,關東,048-449-5177,https://www.google.com/maps/search/?api=1&query=%EF%BD%8E%EF%BD%81%EF%BD%8D%EF%BD%83%EF%BD%8F%E3%82%A4%E3%82%AA%E3%83%B3%E3%83%A2%E3%83%BC%E3%83%AB%E5%8C%97%E6%88%B8%E7%94%B0%E5%BA%97%20%E5%9F%BC%E7%8E%89%E7%9C%8C%E6%88%B8%E7%94%B0%E5%B8%82%E7%BE%8E%E5%A5%B3%E6%9C%A8%E6%9D%B1%EF%BC%91%EF%BC%8D%EF%BC%93%EF%BC%8D%EF%BC%91%20%E3%82%A4%E3%82%AA%E3%83%B3%E3%83%A2%E3%83%BC%E3%83%AB%E5%8C%97%E6%88%B8%E7%94%B0,2026-10-08,https://dcd.aikatsu.com/encore/pdf/shoplist.pdf,官方列出的設置店；未逐店確認現場稼動、台數與卡片庫存。地址定位尚未逐點核對。
ｎａｍｃｏ熊谷店,日本 埼玉県熊谷市銀座２丁目９７番地,埼玉県,關東,0570-087675,https://www.google.com/maps/search/?api=1&query=%EF%BD%8E%EF%BD%81%EF%BD%8D%EF%BD%83%EF%BD%8F%E7%86%8A%E8%B0%B7%E5%BA%97%20%E5%9F%BC%E7%8E%89%E7%9C%8C%E7%86%8A%E8%B0%B7%E5%B8%82%E9%8A%80%E5%BA%A7%EF%BC%92%E4%B8%81%E7%9B%AE%EF%BC%99%EF%BC%97%E7%95%AA%E5%9C%B0,2026-10-08,https://dcd.aikatsu.com/encore/pdf/shoplist.pdf,官方列出的設置店；未逐店確認現場稼動、台數與卡片庫存。地址定位尚未逐點核對。
ゲーセンクレヨンしんちゃん嵐を呼ぶブリブリシネマスタジオ,日本 埼玉県春日部市南１－１－１ ララガーデン春日部３Ｆ,埼玉県,關東,0570-087611,https://www.google.com/maps/search/?api=1&query=%E3%82%B2%E3%83%BC%E3%82%BB%E3%83%B3%E3%82%AF%E3%83%AC%E3%83%A8%E3%83%B3%E3%81%97%E3%82%93%E3%81%A1%E3%82%83%E3%82%93%E5%B5%90%E3%82%92%E5%91%BC%E3%81%B6%E3%83%96%E3%83%AA%E3%83%96%E3%83%AA%E3%82%B7%E3%83%8D%E3%83%9E%E3%82%B9%E3%82%BF%E3%82%B8%E3%82%AA%20%E5%9F%BC%E7%8E%89%E7%9C%8C%E6%98%A5%E6%97%A5%E9%83%A8%E5%B8%82%E5%8D%97%EF%BC%91%EF%BC%8D%EF%BC%91%EF%BC%8D%EF%BC%91%20%E3%83%A9%E3%83%A9%E3%82%AC%E3%83%BC%E3%83%87%E3%83%B3%E6%98%A5%E6%97%A5%E9%83%A8%EF%BC%93%EF%BC%A6,2026-10-08,https://dcd.aikatsu.com/encore/pdf/shoplist.pdf,官方列出的設置店；未逐店確認現場稼動、台數與卡片庫存。地址定位尚未逐點核對。
バンダイナムコＣｒｏｓｓ Ｓｔｏｒｅ越谷レイクタウン,日本 埼玉県越谷市レイクタウン３丁目１番地１ イオンレイクタウンｍｏｒｉ３Ｆ,埼玉県,關東,0570-076505,https://www.google.com/maps/search/?api=1&query=%E3%83%90%E3%83%B3%E3%83%80%E3%82%A4%E3%83%8A%E3%83%A0%E3%82%B3%EF%BC%A3%EF%BD%92%EF%BD%8F%EF%BD%93%EF%BD%93%20%EF%BC%B3%EF%BD%94%EF%BD%8F%EF%BD%92%EF%BD%85%E8%B6%8A%E8%B0%B7%E3%83%AC%E3%82%A4%E3%82%AF%E3%82%BF%E3%82%A6%E3%83%B3%20%E5%9F%BC%E7%8E%89%E7%9C%8C%E8%B6%8A%E8%B0%B7%E5%B8%82%E3%83%AC%E3%82%A4%E3%82%AF%E3%82%BF%E3%82%A6%E3%83%B3%EF%BC%93%E4%B8%81%E7%9B%AE%EF%BC%91%E7%95%AA%E5%9C%B0%EF%BC%91%20%E3%82%A4%E3%82%AA%E3%83%B3%E3%83%AC%E3%82%A4%E3%82%AF%E3%82%BF%E3%82%A6%E3%83%B3%EF%BD%8D%EF%BD%8F%EF%BD%92%EF%BD%89%EF%BC%93%EF%BC%A6,2026-10-08,https://dcd.aikatsu.com/encore/pdf/shoplist.pdf,官方列出的設置店；未逐店確認現場稼動、台數與卡片庫存。地址定位尚未逐點核對。
ラウンドワンスタジアム朝霞,日本 埼玉県朝霞市膝折町2-16-10,埼玉県,關東,048-450-1822,https://www.google.com/maps/search/?api=1&query=%E3%83%A9%E3%82%A6%E3%83%B3%E3%83%89%E3%83%AF%E3%83%B3%E3%82%B9%E3%82%BF%E3%82%B8%E3%82%A2%E3%83%A0%E6%9C%9D%E9%9C%9E%20%E5%9F%BC%E7%8E%89%E7%9C%8C%E6%9C%9D%E9%9C%9E%E5%B8%82%E8%86%9D%E6%8A%98%E7%94%BA2-16-10,2026-10-08,https://dcd.aikatsu.com/encore/pdf/shoplist.pdf,官方列出的設置店；未逐店確認現場稼動、台數與卡片庫存。地址定位尚未逐點核對。
ラウンドワンさいたま・上里,日本 埼玉県児玉郡上里町金久保394-1 イオンタウン上里内,埼玉県,關東,0495-35-2201,https://www.google.com/maps/search/?api=1&query=%E3%83%A9%E3%82%A6%E3%83%B3%E3%83%89%E3%83%AF%E3%83%B3%E3%81%95%E3%81%84%E3%81%9F%E3%81%BE%E3%83%BB%E4%B8%8A%E9%87%8C%20%E5%9F%BC%E7%8E%89%E7%9C%8C%E5%85%90%E7%8E%89%E9%83%A1%E4%B8%8A%E9%87%8C%E7%94%BA%E9%87%91%E4%B9%85%E4%BF%9D394-1%20%E3%82%A4%E3%82%AA%E3%83%B3%E3%82%BF%E3%82%A6%E3%83%B3%E4%B8%8A%E9%87%8C%E5%86%85,2026-10-08,https://dcd.aikatsu.com/encore/pdf/shoplist.pdf,官方列出的設置店；未逐店確認現場稼動、台數與卡片庫存。地址定位尚未逐點核對。
ラウンドワンスタジアムららぽーと新三郷,日本 埼玉県三郷市新三郷ららシティ3-1-1 ららぽーと新三郷2F 20000番,埼玉県,關東,048-950-7501,https://www.google.com/maps/search/?api=1&query=%E3%83%A9%E3%82%A6%E3%83%B3%E3%83%89%E3%83%AF%E3%83%B3%E3%82%B9%E3%82%BF%E3%82%B8%E3%82%A2%E3%83%A0%E3%82%89%E3%82%89%E3%81%BD%E3%83%BC%E3%81%A8%E6%96%B0%E4%B8%89%E9%83%B7%20%E5%9F%BC%E7%8E%89%E7%9C%8C%E4%B8%89%E9%83%B7%E5%B8%82%E6%96%B0%E4%B8%89%E9%83%B7%E3%82%89%E3%82%89%E3%82%B7%E3%83%86%E3%82%A33-1-1%20%E3%82%89%E3%82%89%E3%81%BD%E3%83%BC%E3%81%A8%E6%96%B0%E4%B8%89%E9%83%B72F%2020000%E7%95%AA,2026-10-08,https://dcd.aikatsu.com/encore/pdf/shoplist.pdf,官方列出的設置店；未逐店確認現場稼動、台數與卡片庫存。地址定位尚未逐點核對。
ラウンドワンスタジアム所沢,日本 埼玉県所沢市東町5-22 TOCOTOCOSQUARE所沢6F･7F,埼玉県,關東,04-2940-8631,https://www.google.com/maps/search/?api=1&query=%E3%83%A9%E3%82%A6%E3%83%B3%E3%83%89%E3%83%AF%E3%83%B3%E3%82%B9%E3%82%BF%E3%82%B8%E3%82%A2%E3%83%A0%E6%89%80%E6%B2%A2%20%E5%9F%BC%E7%8E%89%E7%9C%8C%E6%89%80%E6%B2%A2%E5%B8%82%E6%9D%B1%E7%94%BA5-22%20TOCOTOCOSQUARE%E6%89%80%E6%B2%A26F%EF%BD%A57F,2026-10-08,https://dcd.aikatsu.com/encore/pdf/shoplist.pdf,官方列出的設置店；未逐店確認現場稼動、台數與卡片庫存。地址定位尚未逐點核對。
楽市楽座イオンモール川口前川店,日本 埼玉県川口市前川１－１－１１イオンモール川口前川３階,埼玉県,關東,048-262-1493,https://www.google.com/maps/search/?api=1&query=%E6%A5%BD%E5%B8%82%E6%A5%BD%E5%BA%A7%E3%82%A4%E3%82%AA%E3%83%B3%E3%83%A2%E3%83%BC%E3%83%AB%E5%B7%9D%E5%8F%A3%E5%89%8D%E5%B7%9D%E5%BA%97%20%E5%9F%BC%E7%8E%89%E7%9C%8C%E5%B7%9D%E5%8F%A3%E5%B8%82%E5%89%8D%E5%B7%9D%EF%BC%91%EF%BC%8D%EF%BC%91%EF%BC%8D%EF%BC%91%EF%BC%91%E3%82%A4%E3%82%AA%E3%83%B3%E3%83%A2%E3%83%BC%E3%83%AB%E5%B7%9D%E5%8F%A3%E5%89%8D%E5%B7%9D%EF%BC%93%E9%9A%8E,2026-10-08,https://dcd.aikatsu.com/encore/pdf/shoplist.pdf,官方列出的設置店；未逐店確認現場稼動、台數與卡片庫存。地址定位尚未逐點核對。
ゲームシティ川口店,日本 埼玉県川口市栄町1-10-5,埼玉県,關東,048-250-3855,https://www.google.com/maps/search/?api=1&query=%E3%82%B2%E3%83%BC%E3%83%A0%E3%82%B7%E3%83%86%E3%82%A3%E5%B7%9D%E5%8F%A3%E5%BA%97%20%E5%9F%BC%E7%8E%89%E7%9C%8C%E5%B7%9D%E5%8F%A3%E5%B8%82%E6%A0%84%E7%94%BA1-10-5,2026-10-08,https://dcd.aikatsu.com/encore/pdf/shoplist.pdf,官方列出的設置店；未逐店確認現場稼動、台數與卡片庫存。地址定位尚未逐點核對。
ゲームスクエア三芳,日本 埼玉県入間郡三芳町藤久保字北新埜855-403 アクロスプラザ三芳内,埼玉県,關東,049-274-2233,https://www.google.com/maps/search/?api=1&query=%E3%82%B2%E3%83%BC%E3%83%A0%E3%82%B9%E3%82%AF%E3%82%A8%E3%82%A2%E4%B8%89%E8%8A%B3%20%E5%9F%BC%E7%8E%89%E7%9C%8C%E5%85%A5%E9%96%93%E9%83%A1%E4%B8%89%E8%8A%B3%E7%94%BA%E8%97%A4%E4%B9%85%E4%BF%9D%E5%AD%97%E5%8C%97%E6%96%B0%E5%9F%9C855-403%20%E3%82%A2%E3%82%AF%E3%83%AD%E3%82%B9%E3%83%97%E3%83%A9%E3%82%B6%E4%B8%89%E8%8A%B3%E5%86%85,2026-10-08,https://dcd.aikatsu.com/encore/pdf/shoplist.pdf,官方列出的設置店；未逐店確認現場稼動、台數與卡片庫存。地址定位尚未逐點核對。
アピナ吉川美南店,日本 埼玉県吉川市美南3丁目25番地1イオンタウン吉川美南内2階,埼玉県,關東,048-983-0077,https://www.google.com/maps/search/?api=1&query=%E3%82%A2%E3%83%94%E3%83%8A%E5%90%89%E5%B7%9D%E7%BE%8E%E5%8D%97%E5%BA%97%20%E5%9F%BC%E7%8E%89%E7%9C%8C%E5%90%89%E5%B7%9D%E5%B8%82%E7%BE%8E%E5%8D%973%E4%B8%81%E7%9B%AE25%E7%95%AA%E5%9C%B01%E3%82%A4%E3%82%AA%E3%83%B3%E3%82%BF%E3%82%A6%E3%83%B3%E5%90%89%E5%B7%9D%E7%BE%8E%E5%8D%97%E5%86%852%E9%9A%8E,2026-10-08,https://dcd.aikatsu.com/encore/pdf/shoplist.pdf,官方列出的設置店；未逐店確認現場稼動、台數與卡片庫存。地址定位尚未逐點核對。
アピナ川越店,日本 埼玉県川越市泉町1-1ウニクス南古谷シネマ棟1階,埼玉県,關東,049-230-1068,https://www.google.com/maps/search/?api=1&query=%E3%82%A2%E3%83%94%E3%83%8A%E5%B7%9D%E8%B6%8A%E5%BA%97%20%E5%9F%BC%E7%8E%89%E7%9C%8C%E5%B7%9D%E8%B6%8A%E5%B8%82%E6%B3%89%E7%94%BA1-1%E3%82%A6%E3%83%8B%E3%82%AF%E3%82%B9%E5%8D%97%E5%8F%A4%E8%B0%B7%E3%82%B7%E3%83%8D%E3%83%9E%E6%A3%9F1%E9%9A%8E,2026-10-08,https://dcd.aikatsu.com/encore/pdf/shoplist.pdf,官方列出的設置店；未逐店確認現場稼動、台數與卡片庫存。地址定位尚未逐點核對。
アピナ上尾店,日本 埼玉県上尾市緑丘３丁目３番１１－２号ＰＡＰＡ上尾プリンセス棟１階・２階,埼玉県,關東,048-783-4747,https://www.google.com/maps/search/?api=1&query=%E3%82%A2%E3%83%94%E3%83%8A%E4%B8%8A%E5%B0%BE%E5%BA%97%20%E5%9F%BC%E7%8E%89%E7%9C%8C%E4%B8%8A%E5%B0%BE%E5%B8%82%E7%B7%91%E4%B8%98%EF%BC%93%E4%B8%81%E7%9B%AE%EF%BC%93%E7%95%AA%EF%BC%91%EF%BC%91%EF%BC%8D%EF%BC%92%E5%8F%B7%EF%BC%B0%EF%BC%A1%EF%BC%B0%EF%BC%A1%E4%B8%8A%E5%B0%BE%E3%83%97%E3%83%AA%E3%83%B3%E3%82%BB%E3%82%B9%E6%A3%9F%EF%BC%91%E9%9A%8E%E3%83%BB%EF%BC%92%E9%9A%8E,2026-10-08,https://dcd.aikatsu.com/encore/pdf/shoplist.pdf,官方列出的設置店；未逐店確認現場稼動、台數與卡片庫存。地址定位尚未逐點核對。
アピナ上里,日本 埼玉県児玉郡上里町七本木2272-1ウニクス上里店2階,埼玉県,關東,0495-71-8551,https://www.google.com/maps/search/?api=1&query=%E3%82%A2%E3%83%94%E3%83%8A%E4%B8%8A%E9%87%8C%20%E5%9F%BC%E7%8E%89%E7%9C%8C%E5%85%90%E7%8E%89%E9%83%A1%E4%B8%8A%E9%87%8C%E7%94%BA%E4%B8%83%E6%9C%AC%E6%9C%A82272-1%E3%82%A6%E3%83%8B%E3%82%AF%E3%82%B9%E4%B8%8A%E9%87%8C%E5%BA%972%E9%9A%8E,2026-10-08,https://dcd.aikatsu.com/encore/pdf/shoplist.pdf,官方列出的設置店；未逐店確認現場稼動、台數與卡片庫存。地址定位尚未逐點核對。
埼玉レジャーランド春日部店,日本 埼玉県春日部市増富 字谷際163-1埼玉レジャーランド春日部店,埼玉県,關東,048-763-4061,https://www.google.com/maps/search/?api=1&query=%E5%9F%BC%E7%8E%89%E3%83%AC%E3%82%B8%E3%83%A3%E3%83%BC%E3%83%A9%E3%83%B3%E3%83%89%E6%98%A5%E6%97%A5%E9%83%A8%E5%BA%97%20%E5%9F%BC%E7%8E%89%E7%9C%8C%E6%98%A5%E6%97%A5%E9%83%A8%E5%B8%82%E5%A2%97%E5%AF%8C%20%E5%AD%97%E8%B0%B7%E9%9A%9B163-1%E5%9F%BC%E7%8E%89%E3%83%AC%E3%82%B8%E3%83%A3%E3%83%BC%E3%83%A9%E3%83%B3%E3%83%89%E6%98%A5%E6%97%A5%E9%83%A8%E5%BA%97,2026-10-08,https://dcd.aikatsu.com/encore/pdf/shoplist.pdf,官方列出的設置店；未逐店確認現場稼動、台數與卡片庫存。地址定位尚未逐點核對。
アミューズランドモナコ川越店,日本 埼玉県川越市新富町2-4-1 関口池田ビル1F,埼玉県,關東,049-224-2454,https://www.google.com/maps/search/?api=1&query=%E3%82%A2%E3%83%9F%E3%83%A5%E3%83%BC%E3%82%BA%E3%83%A9%E3%83%B3%E3%83%89%E3%83%A2%E3%83%8A%E3%82%B3%E5%B7%9D%E8%B6%8A%E5%BA%97%20%E5%9F%BC%E7%8E%89%E7%9C%8C%E5%B7%9D%E8%B6%8A%E5%B8%82%E6%96%B0%E5%AF%8C%E7%94%BA2-4-1%20%E9%96%A2%E5%8F%A3%E6%B1%A0%E7%94%B0%E3%83%93%E3%83%AB1F,2026-10-08,https://dcd.aikatsu.com/encore/pdf/shoplist.pdf,官方列出的設置店；未逐店確認現場稼動、台數與卡片庫存。地址定位尚未逐點核對。
モーリーファンタジーノア店,日本 千葉県野田市中根36-1 イオンノア店1階,千葉県,關東,070-3100-4913,https://www.google.com/maps/search/?api=1&query=%E3%83%A2%E3%83%BC%E3%83%AA%E3%83%BC%E3%83%95%E3%82%A1%E3%83%B3%E3%82%BF%E3%82%B8%E3%83%BC%E3%83%8E%E3%82%A2%E5%BA%97%20%E5%8D%83%E8%91%89%E7%9C%8C%E9%87%8E%E7%94%B0%E5%B8%82%E4%B8%AD%E6%A0%B936-1%20%E3%82%A4%E3%82%AA%E3%83%B3%E3%83%8E%E3%82%A2%E5%BA%971%E9%9A%8E,2026-10-08,https://dcd.aikatsu.com/encore/pdf/shoplist.pdf,官方列出的設置店；未逐店確認現場稼動、台數與卡片庫存。地址定位尚未逐點核對。
モーリーファンタジー鎌取店,日本 千葉県千葉市緑区おゆみ野3丁目16番地 イオンスタイル鎌取店3階,千葉県,關東,070-3100-4029,https://www.google.com/maps/search/?api=1&query=%E3%83%A2%E3%83%BC%E3%83%AA%E3%83%BC%E3%83%95%E3%82%A1%E3%83%B3%E3%82%BF%E3%82%B8%E3%83%BC%E9%8E%8C%E5%8F%96%E5%BA%97%20%E5%8D%83%E8%91%89%E7%9C%8C%E5%8D%83%E8%91%89%E5%B8%82%E7%B7%91%E5%8C%BA%E3%81%8A%E3%82%86%E3%81%BF%E9%87%8E3%E4%B8%81%E7%9B%AE16%E7%95%AA%E5%9C%B0%20%E3%82%A4%E3%82%AA%E3%83%B3%E3%82%B9%E3%82%BF%E3%82%A4%E3%83%AB%E9%8E%8C%E5%8F%96%E5%BA%973%E9%9A%8E,2026-10-08,https://dcd.aikatsu.com/encore/pdf/shoplist.pdf,官方列出的設置店；未逐店確認現場稼動、台數與卡片庫存。地址定位尚未逐點核對。
モーリーファンタジー八街店,日本 千葉県八街市文違301 イオン八街店1階,千葉県,關東,070-3100-4039,https://www.google.com/maps/search/?api=1&query=%E3%83%A2%E3%83%BC%E3%83%AA%E3%83%BC%E3%83%95%E3%82%A1%E3%83%B3%E3%82%BF%E3%82%B8%E3%83%BC%E5%85%AB%E8%A1%97%E5%BA%97%20%E5%8D%83%E8%91%89%E7%9C%8C%E5%85%AB%E8%A1%97%E5%B8%82%E6%96%87%E9%81%95301%20%E3%82%A4%E3%82%AA%E3%83%B3%E5%85%AB%E8%A1%97%E5%BA%971%E9%9A%8E,2026-10-08,https://dcd.aikatsu.com/encore/pdf/shoplist.pdf,官方列出的設置店；未逐店確認現場稼動、台數與卡片庫存。地址定位尚未逐點核對。
モーリーファンタジー成田店,日本 千葉県成田市ウイング土屋24番地 イオン成田店2階,千葉県,關東,070-3100-4025,https://www.google.com/maps/search/?api=1&query=%E3%83%A2%E3%83%BC%E3%83%AA%E3%83%BC%E3%83%95%E3%82%A1%E3%83%B3%E3%82%BF%E3%82%B8%E3%83%BC%E6%88%90%E7%94%B0%E5%BA%97%20%E5%8D%83%E8%91%89%E7%9C%8C%E6%88%90%E7%94%B0%E5%B8%82%E3%82%A6%E3%82%A4%E3%83%B3%E3%82%B0%E5%9C%9F%E5%B1%8B24%E7%95%AA%E5%9C%B0%20%E3%82%A4%E3%82%AA%E3%83%B3%E6%88%90%E7%94%B0%E5%BA%972%E9%9A%8E,2026-10-08,https://dcd.aikatsu.com/encore/pdf/shoplist.pdf,官方列出的設置店；未逐店確認現場稼動、台數與卡片庫存。地址定位尚未逐點核對。
モーリーファンタジー千葉ニュータウン店,日本 千葉県印西市中央北3丁目1番1 イオン千葉ニュータウン店3階,千葉県,關東,070-3100-4051,https://www.google.com/maps/search/?api=1&query=%E3%83%A2%E3%83%BC%E3%83%AA%E3%83%BC%E3%83%95%E3%82%A1%E3%83%B3%E3%82%BF%E3%82%B8%E3%83%BC%E5%8D%83%E8%91%89%E3%83%8B%E3%83%A5%E3%83%BC%E3%82%BF%E3%82%A6%E3%83%B3%E5%BA%97%20%E5%8D%83%E8%91%89%E7%9C%8C%E5%8D%B0%E8%A5%BF%E5%B8%82%E4%B8%AD%E5%A4%AE%E5%8C%973%E4%B8%81%E7%9B%AE1%E7%95%AA1%20%E3%82%A4%E3%82%AA%E3%83%B3%E5%8D%83%E8%91%89%E3%83%8B%E3%83%A5%E3%83%BC%E3%82%BF%E3%82%A6%E3%83%B3%E5%BA%973%E9%9A%8E,2026-10-08,https://dcd.aikatsu.com/encore/pdf/shoplist.pdf,官方列出的設置店；未逐店確認現場稼動、台數與卡片庫存。地址定位尚未逐點核對。
モーリーファンタジー津田沼店,日本 千葉県習志野市津田沼1丁目23番1号 イオン津田沼店3階,千葉県,關東,070-3100-4960,https://www.google.com/maps/search/?api=1&query=%E3%83%A2%E3%83%BC%E3%83%AA%E3%83%BC%E3%83%95%E3%82%A1%E3%83%B3%E3%82%BF%E3%82%B8%E3%83%BC%E6%B4%A5%E7%94%B0%E6%B2%BC%E5%BA%97%20%E5%8D%83%E8%91%89%E7%9C%8C%E7%BF%92%E5%BF%97%E9%87%8E%E5%B8%82%E6%B4%A5%E7%94%B0%E6%B2%BC1%E4%B8%81%E7%9B%AE23%E7%95%AA1%E5%8F%B7%20%E3%82%A4%E3%82%AA%E3%83%B3%E6%B4%A5%E7%94%B0%E6%B2%BC%E5%BA%973%E9%9A%8E,2026-10-08,https://dcd.aikatsu.com/encore/pdf/shoplist.pdf,官方列出的設置店；未逐店確認現場稼動、台數與卡片庫存。地址定位尚未逐點核對。
モーリーファンタジー鎌ヶ谷店,日本 千葉県鎌ヶ谷市新鎌ヶ谷2丁目7番1号 イオン鎌ヶ谷店2階,千葉県,關東,070-3100-4995,https://www.google.com/maps/search/?api=1&query=%E3%83%A2%E3%83%BC%E3%83%AA%E3%83%BC%E3%83%95%E3%82%A1%E3%83%B3%E3%82%BF%E3%82%B8%E3%83%BC%E9%8E%8C%E3%83%B6%E8%B0%B7%E5%BA%97%20%E5%8D%83%E8%91%89%E7%9C%8C%E9%8E%8C%E3%83%B6%E8%B0%B7%E5%B8%82%E6%96%B0%E9%8E%8C%E3%83%B6%E8%B0%B72%E4%B8%81%E7%9B%AE7%E7%95%AA1%E5%8F%B7%20%E3%82%A4%E3%82%AA%E3%83%B3%E9%8E%8C%E3%83%B6%E8%B0%B7%E5%BA%972%E9%9A%8E,2026-10-08,https://dcd.aikatsu.com/encore/pdf/shoplist.pdf,官方列出的設置店；未逐店確認現場稼動、台數與卡片庫存。地址定位尚未逐點核對。
モーリーファンタジー八千代緑が丘店,日本 千葉県八千代市緑が丘2丁目1-3 イオン八千代緑が丘店4階,千葉県,關東,070-1596-6646,https://www.google.com/maps/search/?api=1&query=%E3%83%A2%E3%83%BC%E3%83%AA%E3%83%BC%E3%83%95%E3%82%A1%E3%83%B3%E3%82%BF%E3%82%B8%E3%83%BC%E5%85%AB%E5%8D%83%E4%BB%A3%E7%B7%91%E3%81%8C%E4%B8%98%E5%BA%97%20%E5%8D%83%E8%91%89%E7%9C%8C%E5%85%AB%E5%8D%83%E4%BB%A3%E5%B8%82%E7%B7%91%E3%81%8C%E4%B8%982%E4%B8%81%E7%9B%AE1-3%20%E3%82%A4%E3%82%AA%E3%83%B3%E5%85%AB%E5%8D%83%E4%BB%A3%E7%B7%91%E3%81%8C%E4%B8%98%E5%BA%974%E9%9A%8E,2026-10-08,https://dcd.aikatsu.com/encore/pdf/shoplist.pdf,官方列出的設置店；未逐店確認現場稼動、台數與卡片庫存。地址定位尚未逐點核對。
モーリーファンタジー柏店,日本 千葉県柏市豊町2丁目5番25号 イオン柏店2階,千葉県,關東,070-3100-4533,https://www.google.com/maps/search/?api=1&query=%E3%83%A2%E3%83%BC%E3%83%AA%E3%83%BC%E3%83%95%E3%82%A1%E3%83%B3%E3%82%BF%E3%82%B8%E3%83%BC%E6%9F%8F%E5%BA%97%20%E5%8D%83%E8%91%89%E7%9C%8C%E6%9F%8F%E5%B8%82%E8%B1%8A%E7%94%BA2%E4%B8%81%E7%9B%AE5%E7%95%AA25%E5%8F%B7%20%E3%82%A4%E3%82%AA%E3%83%B3%E6%9F%8F%E5%BA%972%E9%9A%8E,2026-10-08,https://dcd.aikatsu.com/encore/pdf/shoplist.pdf,官方列出的設置店；未逐店確認現場稼動、台數與卡片庫存。地址定位尚未逐點核對。
モーリーファンタジー銚子店,日本 千葉県銚子市三崎町2丁目2660-1 イオン銚子店2階,千葉県,關東,070-3100-4259,https://www.google.com/maps/search/?api=1&query=%E3%83%A2%E3%83%BC%E3%83%AA%E3%83%BC%E3%83%95%E3%82%A1%E3%83%B3%E3%82%BF%E3%82%B8%E3%83%BC%E9%8A%9A%E5%AD%90%E5%BA%97%20%E5%8D%83%E8%91%89%E7%9C%8C%E9%8A%9A%E5%AD%90%E5%B8%82%E4%B8%89%E5%B4%8E%E7%94%BA2%E4%B8%81%E7%9B%AE2660-1%20%E3%82%A4%E3%82%AA%E3%83%B3%E9%8A%9A%E5%AD%90%E5%BA%972%E9%9A%8E,2026-10-08,https://dcd.aikatsu.com/encore/pdf/shoplist.pdf,官方列出的設置店；未逐店確認現場稼動、台數與卡片庫存。地址定位尚未逐點核對。
モーリーファンタジー船橋店,日本 千葉県船橋市山手1丁目1番地8号 イオン船橋店3階,千葉県,關東,070-3100-4275,https://www.google.com/maps/search/?api=1&query=%E3%83%A2%E3%83%BC%E3%83%AA%E3%83%BC%E3%83%95%E3%82%A1%E3%83%B3%E3%82%BF%E3%82%B8%E3%83%BC%E8%88%B9%E6%A9%8B%E5%BA%97%20%E5%8D%83%E8%91%89%E7%9C%8C%E8%88%B9%E6%A9%8B%E5%B8%82%E5%B1%B1%E6%89%8B1%E4%B8%81%E7%9B%AE1%E7%95%AA%E5%9C%B08%E5%8F%B7%20%E3%82%A4%E3%82%AA%E3%83%B3%E8%88%B9%E6%A9%8B%E5%BA%973%E9%9A%8E,2026-10-08,https://dcd.aikatsu.com/encore/pdf/shoplist.pdf,官方列出的設置店；未逐店確認現場稼動、台數與卡片庫存。地址定位尚未逐點核對。
モーリーファンタジー幕張新都心店,日本 千葉県千葉市美浜区豊砂1-5 イオンモール幕張新都心店ファミリーモール２階,千葉県,關東,070-3100-4250,https://www.google.com/maps/search/?api=1&query=%E3%83%A2%E3%83%BC%E3%83%AA%E3%83%BC%E3%83%95%E3%82%A1%E3%83%B3%E3%82%BF%E3%82%B8%E3%83%BC%E5%B9%95%E5%BC%B5%E6%96%B0%E9%83%BD%E5%BF%83%E5%BA%97%20%E5%8D%83%E8%91%89%E7%9C%8C%E5%8D%83%E8%91%89%E5%B8%82%E7%BE%8E%E6%B5%9C%E5%8C%BA%E8%B1%8A%E7%A0%821-5%20%E3%82%A4%E3%82%AA%E3%83%B3%E3%83%A2%E3%83%BC%E3%83%AB%E5%B9%95%E5%BC%B5%E6%96%B0%E9%83%BD%E5%BF%83%E5%BA%97%E3%83%95%E3%82%A1%E3%83%9F%E3%83%AA%E3%83%BC%E3%83%A2%E3%83%BC%E3%83%AB%EF%BC%92%E9%9A%8E,2026-10-08,https://dcd.aikatsu.com/encore/pdf/shoplist.pdf,官方列出的設置店；未逐店確認現場稼動、台數與卡片庫存。地址定位尚未逐點核對。
モーリーファンタジー木更津店,日本 千葉県木更津市築地1-4 イオン木更津店2階,千葉県,關東,070-3100-4232,https://www.google.com/maps/search/?api=1&query=%E3%83%A2%E3%83%BC%E3%83%AA%E3%83%BC%E3%83%95%E3%82%A1%E3%83%B3%E3%82%BF%E3%82%B8%E3%83%BC%E6%9C%A8%E6%9B%B4%E6%B4%A5%E5%BA%97%20%E5%8D%83%E8%91%89%E7%9C%8C%E6%9C%A8%E6%9B%B4%E6%B4%A5%E5%B8%82%E7%AF%89%E5%9C%B01-4%20%E3%82%A4%E3%82%AA%E3%83%B3%E6%9C%A8%E6%9B%B4%E6%B4%A5%E5%BA%972%E9%9A%8E,2026-10-08,https://dcd.aikatsu.com/encore/pdf/shoplist.pdf,官方列出的設置店；未逐店確認現場稼動、台數與卡片庫存。地址定位尚未逐點核對。
モーリーファンタジーユーカリが丘店,日本 千葉県佐倉市ユーカリが丘7-3-14 イオンスタイルユーカリが丘店3階,千葉県,關東,070-3100-3764,https://www.google.com/maps/search/?api=1&query=%E3%83%A2%E3%83%BC%E3%83%AA%E3%83%BC%E3%83%95%E3%82%A1%E3%83%B3%E3%82%BF%E3%82%B8%E3%83%BC%E3%83%A6%E3%83%BC%E3%82%AB%E3%83%AA%E3%81%8C%E4%B8%98%E5%BA%97%20%E5%8D%83%E8%91%89%E7%9C%8C%E4%BD%90%E5%80%89%E5%B8%82%E3%83%A6%E3%83%BC%E3%82%AB%E3%83%AA%E3%81%8C%E4%B8%987-3-14%20%E3%82%A4%E3%82%AA%E3%83%B3%E3%82%B9%E3%82%BF%E3%82%A4%E3%83%AB%E3%83%A6%E3%83%BC%E3%82%AB%E3%83%AA%E3%81%8C%E4%B8%98%E5%BA%973%E9%9A%8E,2026-10-08,https://dcd.aikatsu.com/encore/pdf/shoplist.pdf,官方列出的設置店；未逐店確認現場稼動、台數與卡片庫存。地址定位尚未逐點核對。
モーリーファンタジーソコラ南行徳店,日本 千葉県市川市南行徳2-20-25 ソコラ南行徳店内,千葉県,關東,070-3100-3776,https://www.google.com/maps/search/?api=1&query=%E3%83%A2%E3%83%BC%E3%83%AA%E3%83%BC%E3%83%95%E3%82%A1%E3%83%B3%E3%82%BF%E3%82%B8%E3%83%BC%E3%82%BD%E3%82%B3%E3%83%A9%E5%8D%97%E8%A1%8C%E5%BE%B3%E5%BA%97%20%E5%8D%83%E8%91%89%E7%9C%8C%E5%B8%82%E5%B7%9D%E5%B8%82%E5%8D%97%E8%A1%8C%E5%BE%B32-20-25%20%E3%82%BD%E3%82%B3%E3%83%A9%E5%8D%97%E8%A1%8C%E5%BE%B3%E5%BA%97%E5%86%85,2026-10-08,https://dcd.aikatsu.com/encore/pdf/shoplist.pdf,官方列出的設置店；未逐店確認現場稼動、台數與卡片庫存。地址定位尚未逐點核對。
モーリーファンタジー市川妙典店,日本 千葉県市川市妙典5-3-1 イオン市川妙典店3階,千葉県,關東,070-3100-3532,https://www.google.com/maps/search/?api=1&query=%E3%83%A2%E3%83%BC%E3%83%AA%E3%83%BC%E3%83%95%E3%82%A1%E3%83%B3%E3%82%BF%E3%82%B8%E3%83%BC%E5%B8%82%E5%B7%9D%E5%A6%99%E5%85%B8%E5%BA%97%20%E5%8D%83%E8%91%89%E7%9C%8C%E5%B8%82%E5%B7%9D%E5%B8%82%E5%A6%99%E5%85%B85-3-1%20%E3%82%A4%E3%82%AA%E3%83%B3%E5%B8%82%E5%B7%9D%E5%A6%99%E5%85%B8%E5%BA%973%E9%9A%8E,2026-10-08,https://dcd.aikatsu.com/encore/pdf/shoplist.pdf,官方列出的設置店；未逐店確認現場稼動、台數與卡片庫存。地址定位尚未逐點核對。
モーリーファンタジー館山店,日本 千葉県館山市八幡545-1 イオン館山店1階,千葉県,關東,070-3100-7404,https://www.google.com/maps/search/?api=1&query=%E3%83%A2%E3%83%BC%E3%83%AA%E3%83%BC%E3%83%95%E3%82%A1%E3%83%B3%E3%82%BF%E3%82%B8%E3%83%BC%E9%A4%A8%E5%B1%B1%E5%BA%97%20%E5%8D%83%E8%91%89%E7%9C%8C%E9%A4%A8%E5%B1%B1%E5%B8%82%E5%85%AB%E5%B9%A1545-1%20%E3%82%A4%E3%82%AA%E3%83%B3%E9%A4%A8%E5%B1%B1%E5%BA%971%E9%9A%8E,2026-10-08,https://dcd.aikatsu.com/encore/pdf/shoplist.pdf,官方列出的設置店；未逐店確認現場稼動、台數與卡片庫存。地址定位尚未逐點核對。
モーリーファンタジーおゆみ野店,日本 千葉県千葉市緑区おゆみ野南5丁目37-1 イオンタウンおゆみ野2階,千葉県,關東,070-3100-4508,https://www.google.com/maps/search/?api=1&query=%E3%83%A2%E3%83%BC%E3%83%AA%E3%83%BC%E3%83%95%E3%82%A1%E3%83%B3%E3%82%BF%E3%82%B8%E3%83%BC%E3%81%8A%E3%82%86%E3%81%BF%E9%87%8E%E5%BA%97%20%E5%8D%83%E8%91%89%E7%9C%8C%E5%8D%83%E8%91%89%E5%B8%82%E7%B7%91%E5%8C%BA%E3%81%8A%E3%82%86%E3%81%BF%E9%87%8E%E5%8D%975%E4%B8%81%E7%9B%AE37-1%20%E3%82%A4%E3%82%AA%E3%83%B3%E3%82%BF%E3%82%A6%E3%83%B3%E3%81%8A%E3%82%86%E3%81%BF%E9%87%8E2%E9%9A%8E,2026-10-08,https://dcd.aikatsu.com/encore/pdf/shoplist.pdf,官方列出的設置店；未逐店確認現場稼動、台數與卡片庫存。地址定位尚未逐點核對。
モーリーファンタジー長浦店,日本 千葉県袖ヶ浦市長浦駅前1-7 イオン長浦店２階,千葉県,關東,070-3100-3771,https://www.google.com/maps/search/?api=1&query=%E3%83%A2%E3%83%BC%E3%83%AA%E3%83%BC%E3%83%95%E3%82%A1%E3%83%B3%E3%82%BF%E3%82%B8%E3%83%BC%E9%95%B7%E6%B5%A6%E5%BA%97%20%E5%8D%83%E8%91%89%E7%9C%8C%E8%A2%96%E3%83%B6%E6%B5%A6%E5%B8%82%E9%95%B7%E6%B5%A6%E9%A7%85%E5%89%8D1-7%20%E3%82%A4%E3%82%AA%E3%83%B3%E9%95%B7%E6%B5%A6%E5%BA%97%EF%BC%92%E9%9A%8E,2026-10-08,https://dcd.aikatsu.com/encore/pdf/shoplist.pdf,官方列出的設置店；未逐店確認現場稼動、台數與卡片庫存。地址定位尚未逐點核對。
PALO市川店,日本 千葉県市川市鬼高1丁目1-1 ニッケコルトンプラザ2階,千葉県,關東,070-3100-3769,https://www.google.com/maps/search/?api=1&query=PALO%E5%B8%82%E5%B7%9D%E5%BA%97%20%E5%8D%83%E8%91%89%E7%9C%8C%E5%B8%82%E5%B7%9D%E5%B8%82%E9%AC%BC%E9%AB%981%E4%B8%81%E7%9B%AE1-1%20%E3%83%8B%E3%83%83%E3%82%B1%E3%82%B3%E3%83%AB%E3%83%88%E3%83%B3%E3%83%97%E3%83%A9%E3%82%B62%E9%9A%8E,2026-10-08,https://dcd.aikatsu.com/encore/pdf/shoplist.pdf,官方列出的設置店；未逐店確認現場稼動、台數與卡片庫存。地址定位尚未逐點核對。
イオン新浦安店,日本 千葉県浦安市入船１－４－１,千葉県,關東,0473-50-1147,https://www.google.com/maps/search/?api=1&query=%E3%82%A4%E3%82%AA%E3%83%B3%E6%96%B0%E6%B5%A6%E5%AE%89%E5%BA%97%20%E5%8D%83%E8%91%89%E7%9C%8C%E6%B5%A6%E5%AE%89%E5%B8%82%E5%85%A5%E8%88%B9%EF%BC%91%EF%BC%8D%EF%BC%94%EF%BC%8D%EF%BC%91,2026-10-08,https://dcd.aikatsu.com/encore/pdf/shoplist.pdf,官方列出的設置店；未逐店確認現場稼動、台數與卡片庫存。地址定位尚未逐點核對。
イトーヨーカドーアリオ柏店,日本 千葉県柏市大島田1丁目６－１,千葉県,關東,04-7190-0111,https://www.google.com/maps/search/?api=1&query=%E3%82%A4%E3%83%88%E3%83%BC%E3%83%A8%E3%83%BC%E3%82%AB%E3%83%89%E3%83%BC%E3%82%A2%E3%83%AA%E3%82%AA%E6%9F%8F%E5%BA%97%20%E5%8D%83%E8%91%89%E7%9C%8C%E6%9F%8F%E5%B8%82%E5%A4%A7%E5%B3%B6%E7%94%B01%E4%B8%81%E7%9B%AE%EF%BC%96%EF%BC%8D%EF%BC%91,2026-10-08,https://dcd.aikatsu.com/encore/pdf/shoplist.pdf,官方列出的設置店；未逐店確認現場稼動、台數與卡片庫存。地址定位尚未逐點核對。
ビックカメラ柏店,日本 千葉県柏市柏１－１－２０ スカイプラザ柏,千葉県,關東,04-7165-1111,https://www.google.com/maps/search/?api=1&query=%E3%83%93%E3%83%83%E3%82%AF%E3%82%AB%E3%83%A1%E3%83%A9%E6%9F%8F%E5%BA%97%20%E5%8D%83%E8%91%89%E7%9C%8C%E6%9F%8F%E5%B8%82%E6%9F%8F%EF%BC%91%EF%BC%8D%EF%BC%91%EF%BC%8D%EF%BC%92%EF%BC%90%20%E3%82%B9%E3%82%AB%E3%82%A4%E3%83%97%E3%83%A9%E3%82%B6%E6%9F%8F,2026-10-08,https://dcd.aikatsu.com/encore/pdf/shoplist.pdf,官方列出的設置店；未逐店確認現場稼動、台數與卡片庫存。地址定位尚未逐點核對。
ヨドバシカメラ マルチメディア千葉,日本 千葉県千葉県千葉市中央区新町１００１ ヨドバシHD千葉ビル,千葉県,關東,043-224-1010,https://www.google.com/maps/search/?api=1&query=%E3%83%A8%E3%83%89%E3%83%90%E3%82%B7%E3%82%AB%E3%83%A1%E3%83%A9%20%E3%83%9E%E3%83%AB%E3%83%81%E3%83%A1%E3%83%87%E3%82%A3%E3%82%A2%E5%8D%83%E8%91%89%20%E5%8D%83%E8%91%89%E7%9C%8C%E5%8D%83%E8%91%89%E7%9C%8C%E5%8D%83%E8%91%89%E5%B8%82%E4%B8%AD%E5%A4%AE%E5%8C%BA%E6%96%B0%E7%94%BA%EF%BC%91%EF%BC%90%EF%BC%90%EF%BC%91%20%E3%83%A8%E3%83%89%E3%83%90%E3%82%B7HD%E5%8D%83%E8%91%89%E3%83%93%E3%83%AB,2026-10-08,https://dcd.aikatsu.com/encore/pdf/shoplist.pdf,官方列出的設置店；未逐店確認現場稼動、台數與卡片庫存。地址定位尚未逐點核對。
イトーヨーカドーアリオ蘇我店,日本 千葉県千葉市中央区川崎町５２－７,千葉県,關東,043-268-7511,https://www.google.com/maps/search/?api=1&query=%E3%82%A4%E3%83%88%E3%83%BC%E3%83%A8%E3%83%BC%E3%82%AB%E3%83%89%E3%83%BC%E3%82%A2%E3%83%AA%E3%82%AA%E8%98%87%E6%88%91%E5%BA%97%20%E5%8D%83%E8%91%89%E7%9C%8C%E5%8D%83%E8%91%89%E5%B8%82%E4%B8%AD%E5%A4%AE%E5%8C%BA%E5%B7%9D%E5%B4%8E%E7%94%BA%EF%BC%95%EF%BC%92%EF%BC%8D%EF%BC%97,2026-10-08,https://dcd.aikatsu.com/encore/pdf/shoplist.pdf,官方列出的設置店；未逐店確認現場稼動、台數與卡片庫存。地址定位尚未逐點核對。
ＭＥＧＡドン・キホーテＵＮＹ市原,日本 千葉県市原市青柳北一丁目1番,千葉県,關東,0436-20-0511,https://www.google.com/maps/search/?api=1&query=%EF%BC%AD%EF%BC%A5%EF%BC%A7%EF%BC%A1%E3%83%89%E3%83%B3%E3%83%BB%E3%82%AD%E3%83%9B%E3%83%BC%E3%83%86%EF%BC%B5%EF%BC%AE%EF%BC%B9%E5%B8%82%E5%8E%9F%20%E5%8D%83%E8%91%89%E7%9C%8C%E5%B8%82%E5%8E%9F%E5%B8%82%E9%9D%92%E6%9F%B3%E5%8C%97%E4%B8%80%E4%B8%81%E7%9B%AE1%E7%95%AA,2026-10-08,https://dcd.aikatsu.com/encore/pdf/shoplist.pdf,官方列出的設置店；未逐店確認現場稼動、台數與卡片庫存。地址定位尚未逐點核對。
アピタ木更津,日本 千葉県木更津市ほたる野４－２－４８,千葉県,關東,0438-30-5311,https://www.google.com/maps/search/?api=1&query=%E3%82%A2%E3%83%94%E3%82%BF%E6%9C%A8%E6%9B%B4%E6%B4%A5%20%E5%8D%83%E8%91%89%E7%9C%8C%E6%9C%A8%E6%9B%B4%E6%B4%A5%E5%B8%82%E3%81%BB%E3%81%9F%E3%82%8B%E9%87%8E%EF%BC%94%EF%BC%8D%EF%BC%92%EF%BC%8D%EF%BC%94%EF%BC%98,2026-10-08,https://dcd.aikatsu.com/encore/pdf/shoplist.pdf,官方列出的設置店；未逐店確認現場稼動、台數與卡片庫存。地址定位尚未逐點核對。
テックランドＮｅｗ木更津請西本店,日本 千葉県木更津市請西南２－２７－１,千葉県,關東,0438-38-2021,https://www.google.com/maps/search/?api=1&query=%E3%83%86%E3%83%83%E3%82%AF%E3%83%A9%E3%83%B3%E3%83%89%EF%BC%AE%EF%BD%85%EF%BD%97%E6%9C%A8%E6%9B%B4%E6%B4%A5%E8%AB%8B%E8%A5%BF%E6%9C%AC%E5%BA%97%20%E5%8D%83%E8%91%89%E7%9C%8C%E6%9C%A8%E6%9B%B4%E6%B4%A5%E5%B8%82%E8%AB%8B%E8%A5%BF%E5%8D%97%EF%BC%92%EF%BC%8D%EF%BC%92%EF%BC%97%EF%BC%8D%EF%BC%91,2026-10-08,https://dcd.aikatsu.com/encore/pdf/shoplist.pdf,官方列出的設置店；未逐店確認現場稼動、台數與卡片庫存。地址定位尚未逐點核對。
イトーヨーカドーアリオ市原店,日本 千葉県市原市更級４－３－２,千葉県,關東,0436-20-1111,https://www.google.com/maps/search/?api=1&query=%E3%82%A4%E3%83%88%E3%83%BC%E3%83%A8%E3%83%BC%E3%82%AB%E3%83%89%E3%83%BC%E3%82%A2%E3%83%AA%E3%82%AA%E5%B8%82%E5%8E%9F%E5%BA%97%20%E5%8D%83%E8%91%89%E7%9C%8C%E5%B8%82%E5%8E%9F%E5%B8%82%E6%9B%B4%E7%B4%9A%EF%BC%94%EF%BC%8D%EF%BC%93%EF%BC%8D%EF%BC%92,2026-10-08,https://dcd.aikatsu.com/encore/pdf/shoplist.pdf,官方列出的設置店；未逐店確認現場稼動、台數與卡片庫存。地址定位尚未逐點核對。
タイトーFステーションイオン新松戸,日本 千葉県松戸市新松戸3丁目2-2イオン新松戸4階,千葉県,關東,047-382-5090,https://www.google.com/maps/search/?api=1&query=%E3%82%BF%E3%82%A4%E3%83%88%E3%83%BCF%E3%82%B9%E3%83%86%E3%83%BC%E3%82%B7%E3%83%A7%E3%83%B3%E3%82%A4%E3%82%AA%E3%83%B3%E6%96%B0%E6%9D%BE%E6%88%B8%20%E5%8D%83%E8%91%89%E7%9C%8C%E6%9D%BE%E6%88%B8%E5%B8%82%E6%96%B0%E6%9D%BE%E6%88%B83%E4%B8%81%E7%9B%AE2-2%E3%82%A4%E3%82%AA%E3%83%B3%E6%96%B0%E6%9D%BE%E6%88%B84%E9%9A%8E,2026-10-08,https://dcd.aikatsu.com/encore/pdf/shoplist.pdf,官方列出的設置店；未逐店確認現場稼動、台數與卡片庫存。地址定位尚未逐點核對。
アミューズメントパフェパレパレ稲毛長沼店,日本 千葉県千葉市稲毛区長沼原町７３１−１７ フレスポ稲毛,千葉県,關東,043-304-7878,https://www.google.com/maps/search/?api=1&query=%E3%82%A2%E3%83%9F%E3%83%A5%E3%83%BC%E3%82%BA%E3%83%A1%E3%83%B3%E3%83%88%E3%83%91%E3%83%95%E3%82%A7%E3%83%91%E3%83%AC%E3%83%91%E3%83%AC%E7%A8%B2%E6%AF%9B%E9%95%B7%E6%B2%BC%E5%BA%97%20%E5%8D%83%E8%91%89%E7%9C%8C%E5%8D%83%E8%91%89%E5%B8%82%E7%A8%B2%E6%AF%9B%E5%8C%BA%E9%95%B7%E6%B2%BC%E5%8E%9F%E7%94%BA%EF%BC%97%EF%BC%93%EF%BC%91%E2%88%92%EF%BC%91%EF%BC%97%20%E3%83%95%E3%83%AC%E3%82%B9%E3%83%9D%E7%A8%B2%E6%AF%9B,2026-10-08,https://dcd.aikatsu.com/encore/pdf/shoplist.pdf,官方列出的設置店；未逐店確認現場稼動、台數與卡片庫存。地址定位尚未逐點核對。
GiGO柏,日本 千葉県柏市柏1-1-11 ファミリかしわ内B1F,千葉県,關東,070-1458-8445,https://www.google.com/maps/search/?api=1&query=GiGO%E6%9F%8F%20%E5%8D%83%E8%91%89%E7%9C%8C%E6%9F%8F%E5%B8%82%E6%9F%8F1-1-11%20%E3%83%95%E3%82%A1%E3%83%9F%E3%83%AA%E3%81%8B%E3%81%97%E3%82%8F%E5%86%85B1F,2026-10-08,https://dcd.aikatsu.com/encore/pdf/shoplist.pdf,官方列出的設置店；未逐店確認現場稼動、台數與卡片庫存。地址定位尚未逐點核對。
GiGO MEGAドン・キホーテUNY市原,日本 千葉県市原市青柳北1-1 MEGAﾞﾄﾞﾝ・ｷﾎｰﾃUNY市原店 2F,千葉県,關東,070-1563-2671,https://www.google.com/maps/search/?api=1&query=GiGO%20MEGA%E3%83%89%E3%83%B3%E3%83%BB%E3%82%AD%E3%83%9B%E3%83%BC%E3%83%86UNY%E5%B8%82%E5%8E%9F%20%E5%8D%83%E8%91%89%E7%9C%8C%E5%B8%82%E5%8E%9F%E5%B8%82%E9%9D%92%E6%9F%B3%E5%8C%971-1%20MEGA%EF%BE%9E%EF%BE%84%EF%BE%9E%EF%BE%9D%E3%83%BB%EF%BD%B7%EF%BE%8E%EF%BD%B0%EF%BE%83UNY%E5%B8%82%E5%8E%9F%E5%BA%97%202F,2026-10-08,https://dcd.aikatsu.com/encore/pdf/shoplist.pdf,官方列出的設置店；未逐店確認現場稼動、台數與卡片庫存。地址定位尚未逐點核對。
GiGOららぽーと柏の葉,日本 千葉県柏市若柴175 ららぽーと柏の葉3F,千葉県,關東,04-7168-1851,https://www.google.com/maps/search/?api=1&query=GiGO%E3%82%89%E3%82%89%E3%81%BD%E3%83%BC%E3%81%A8%E6%9F%8F%E3%81%AE%E8%91%89%20%E5%8D%83%E8%91%89%E7%9C%8C%E6%9F%8F%E5%B8%82%E8%8B%A5%E6%9F%B4175%20%E3%82%89%E3%82%89%E3%81%BD%E3%83%BC%E3%81%A8%E6%9F%8F%E3%81%AE%E8%91%893F,2026-10-08,https://dcd.aikatsu.com/encore/pdf/shoplist.pdf,官方列出的設置店；未逐店確認現場稼動、台數與卡片庫存。地址定位尚未逐點核對。
GiGOそよら成田ニュータウン,日本 千葉県成田市赤坂2丁目1-10 そよら成田ニュータウン5F 510区画,千葉県,關東,070-5016-0851,https://www.google.com/maps/search/?api=1&query=GiGO%E3%81%9D%E3%82%88%E3%82%89%E6%88%90%E7%94%B0%E3%83%8B%E3%83%A5%E3%83%BC%E3%82%BF%E3%82%A6%E3%83%B3%20%E5%8D%83%E8%91%89%E7%9C%8C%E6%88%90%E7%94%B0%E5%B8%82%E8%B5%A4%E5%9D%822%E4%B8%81%E7%9B%AE1-10%20%E3%81%9D%E3%82%88%E3%82%89%E6%88%90%E7%94%B0%E3%83%8B%E3%83%A5%E3%83%BC%E3%82%BF%E3%82%A6%E3%83%B35F%20510%E5%8C%BA%E7%94%BB,2026-10-08,https://dcd.aikatsu.com/encore/pdf/shoplist.pdf,官方列出的設置店；未逐店確認現場稼動、台數與卡片庫存。地址定位尚未逐點核對。
GiGOイオン新浦安ショッピングセンター,日本 千葉県浦安市入船1-4-1 イオンスタイル新浦安4F,千葉県,關東,070-1201-3891,https://www.google.com/maps/search/?api=1&query=GiGO%E3%82%A4%E3%82%AA%E3%83%B3%E6%96%B0%E6%B5%A6%E5%AE%89%E3%82%B7%E3%83%A7%E3%83%83%E3%83%94%E3%83%B3%E3%82%B0%E3%82%BB%E3%83%B3%E3%82%BF%E3%83%BC%20%E5%8D%83%E8%91%89%E7%9C%8C%E6%B5%A6%E5%AE%89%E5%B8%82%E5%85%A5%E8%88%B91-4-1%20%E3%82%A4%E3%82%AA%E3%83%B3%E3%82%B9%E3%82%BF%E3%82%A4%E3%83%AB%E6%96%B0%E6%B5%A6%E5%AE%894F,2026-10-08,https://dcd.aikatsu.com/encore/pdf/shoplist.pdf,官方列出的設置店；未逐店確認現場稼動、台數與卡片庫存。地址定位尚未逐點核對。
GiGO幕張,日本 千葉県千葉市美浜区ひび野1-8 メッセ･アミューズ･モール1F,千葉県,關東,070-1458-0443,https://www.google.com/maps/search/?api=1&query=GiGO%E5%B9%95%E5%BC%B5%20%E5%8D%83%E8%91%89%E7%9C%8C%E5%8D%83%E8%91%89%E5%B8%82%E7%BE%8E%E6%B5%9C%E5%8C%BA%E3%81%B2%E3%81%B3%E9%87%8E1-8%20%E3%83%A1%E3%83%83%E3%82%BB%EF%BD%A5%E3%82%A2%E3%83%9F%E3%83%A5%E3%83%BC%E3%82%BA%EF%BD%A5%E3%83%A2%E3%83%BC%E3%83%AB1F,2026-10-08,https://dcd.aikatsu.com/encore/pdf/shoplist.pdf,官方列出的設置店；未逐店確認現場稼動、台數與卡片庫存。地址定位尚未逐點核對。
GiGO稲毛オーツーパーク,日本 千葉県千葉市稲毛区園生町380-1,千葉県,關東,070-1458-7769,https://www.google.com/maps/search/?api=1&query=GiGO%E7%A8%B2%E6%AF%9B%E3%82%AA%E3%83%BC%E3%83%84%E3%83%BC%E3%83%91%E3%83%BC%E3%82%AF%20%E5%8D%83%E8%91%89%E7%9C%8C%E5%8D%83%E8%91%89%E5%B8%82%E7%A8%B2%E6%AF%9B%E5%8C%BA%E5%9C%92%E7%94%9F%E7%94%BA380-1,2026-10-08,https://dcd.aikatsu.com/encore/pdf/shoplist.pdf,官方列出的設置店；未逐店確認現場稼動、台數與卡片庫存。地址定位尚未逐點核對。
GiGOららぽーとTOKYO-BAY,日本 千葉県船橋市浜町２丁目１番１号 ららぽーとＴＯＫＹＯ－ＢＡＹ西館３階,千葉県,關東,080-3543-2955,https://www.google.com/maps/search/?api=1&query=GiGO%E3%82%89%E3%82%89%E3%81%BD%E3%83%BC%E3%81%A8TOKYO-BAY%20%E5%8D%83%E8%91%89%E7%9C%8C%E8%88%B9%E6%A9%8B%E5%B8%82%E6%B5%9C%E7%94%BA%EF%BC%92%E4%B8%81%E7%9B%AE%EF%BC%91%E7%95%AA%EF%BC%91%E5%8F%B7%20%E3%82%89%E3%82%89%E3%81%BD%E3%83%BC%E3%81%A8%EF%BC%B4%EF%BC%AF%EF%BC%AB%EF%BC%B9%EF%BC%AF%EF%BC%8D%EF%BC%A2%EF%BC%A1%EF%BC%B9%E8%A5%BF%E9%A4%A8%EF%BC%93%E9%9A%8E,2026-10-08,https://dcd.aikatsu.com/encore/pdf/shoplist.pdf,官方列出的設置店；未逐店確認現場稼動、台數與卡片庫存。地址定位尚未逐點核對。
GiGOイオンモール津田沼South,日本 千葉県習志野市津田沼1丁目10番の30,千葉県,關東,080-4856-7638,https://www.google.com/maps/search/?api=1&query=GiGO%E3%82%A4%E3%82%AA%E3%83%B3%E3%83%A2%E3%83%BC%E3%83%AB%E6%B4%A5%E7%94%B0%E6%B2%BCSouth%20%E5%8D%83%E8%91%89%E7%9C%8C%E7%BF%92%E5%BF%97%E9%87%8E%E5%B8%82%E6%B4%A5%E7%94%B0%E6%B2%BC1%E4%B8%81%E7%9B%AE10%E7%95%AA%E3%81%AE30,2026-10-08,https://dcd.aikatsu.com/encore/pdf/shoplist.pdf,官方列出的設置店；未逐店確認現場稼動、台數與卡片庫存。地址定位尚未逐點核對。
アミュージアム稲毛店,日本 千葉県千葉市稲毛区小仲台１－４－２０イオン稲毛２Ｆ,千葉県,關東,043-284-1220,https://www.google.com/maps/search/?api=1&query=%E3%82%A2%E3%83%9F%E3%83%A5%E3%83%BC%E3%82%B8%E3%82%A2%E3%83%A0%E7%A8%B2%E6%AF%9B%E5%BA%97%20%E5%8D%83%E8%91%89%E7%9C%8C%E5%8D%83%E8%91%89%E5%B8%82%E7%A8%B2%E6%AF%9B%E5%8C%BA%E5%B0%8F%E4%BB%B2%E5%8F%B0%EF%BC%91%EF%BC%8D%EF%BC%94%EF%BC%8D%EF%BC%92%EF%BC%90%E3%82%A4%E3%82%AA%E3%83%B3%E7%A8%B2%E6%AF%9B%EF%BC%92%EF%BC%A6,2026-10-08,https://dcd.aikatsu.com/encore/pdf/shoplist.pdf,官方列出的設置店；未逐店確認現場稼動、台數與卡片庫存。地址定位尚未逐點核對。
アミュージアム茂原店,日本 千葉県茂原市高師１６１９－１,千葉県,關東,0475-25-9996,https://www.google.com/maps/search/?api=1&query=%E3%82%A2%E3%83%9F%E3%83%A5%E3%83%BC%E3%82%B8%E3%82%A2%E3%83%A0%E8%8C%82%E5%8E%9F%E5%BA%97%20%E5%8D%83%E8%91%89%E7%9C%8C%E8%8C%82%E5%8E%9F%E5%B8%82%E9%AB%98%E5%B8%AB%EF%BC%91%EF%BC%96%EF%BC%91%EF%BC%99%EF%BC%8D%EF%BC%91,2026-10-08,https://dcd.aikatsu.com/encore/pdf/shoplist.pdf,官方列出的設置店；未逐店確認現場稼動、台數與卡片庫存。地址定位尚未逐點核對。
アミュージアムあすみが丘,日本 千葉県千葉市緑区 あすみが丘 7-1 あすみが丘ブランニューモール2F,千葉県,關東,070-3277-0056,https://www.google.com/maps/search/?api=1&query=%E3%82%A2%E3%83%9F%E3%83%A5%E3%83%BC%E3%82%B8%E3%82%A2%E3%83%A0%E3%81%82%E3%81%99%E3%81%BF%E3%81%8C%E4%B8%98%20%E5%8D%83%E8%91%89%E7%9C%8C%E5%8D%83%E8%91%89%E5%B8%82%E7%B7%91%E5%8C%BA%20%E3%81%82%E3%81%99%E3%81%BF%E3%81%8C%E4%B8%98%207-1%20%E3%81%82%E3%81%99%E3%81%BF%E3%81%8C%E4%B8%98%E3%83%96%E3%83%A9%E3%83%B3%E3%83%8B%E3%83%A5%E3%83%BC%E3%83%A2%E3%83%BC%E3%83%AB2F,2026-10-08,https://dcd.aikatsu.com/encore/pdf/shoplist.pdf,官方列出的設置店；未逐店確認現場稼動、台數與卡片庫存。地址定位尚未逐點核對。
君津の湯,日本 千葉県君津市外箕輪154,千葉県,關東,0439-57-2641,https://www.google.com/maps/search/?api=1&query=%E5%90%9B%E6%B4%A5%E3%81%AE%E6%B9%AF%20%E5%8D%83%E8%91%89%E7%9C%8C%E5%90%9B%E6%B4%A5%E5%B8%82%E5%A4%96%E7%AE%95%E8%BC%AA154,2026-10-08,https://dcd.aikatsu.com/encore/pdf/shoplist.pdf,官方列出的設置店；未逐店確認現場稼動、台數與卡片庫存。地址定位尚未逐點核對。
NICOPAマリンピア店,日本 千葉県千葉市美浜区高洲3-13-1マリンピア4階,千葉県,關東,043-441-6346,https://www.google.com/maps/search/?api=1&query=NICOPA%E3%83%9E%E3%83%AA%E3%83%B3%E3%83%94%E3%82%A2%E5%BA%97%20%E5%8D%83%E8%91%89%E7%9C%8C%E5%8D%83%E8%91%89%E5%B8%82%E7%BE%8E%E6%B5%9C%E5%8C%BA%E9%AB%98%E6%B4%B23-13-1%E3%83%9E%E3%83%AA%E3%83%B3%E3%83%94%E3%82%A24%E9%9A%8E,2026-10-08,https://dcd.aikatsu.com/encore/pdf/shoplist.pdf,官方列出的設置店；未逐店確認現場稼動、台數與卡片庫存。地址定位尚未逐點核對。
NICOPAアクロスモール新鎌ヶ谷店,日本 千葉県鎌ヶ谷市新鎌ヶ谷2-12-1アクロスモール新鎌ヶ谷2階,千葉県,關東,047-441-5399,https://www.google.com/maps/search/?api=1&query=NICOPA%E3%82%A2%E3%82%AF%E3%83%AD%E3%82%B9%E3%83%A2%E3%83%BC%E3%83%AB%E6%96%B0%E9%8E%8C%E3%83%B6%E8%B0%B7%E5%BA%97%20%E5%8D%83%E8%91%89%E7%9C%8C%E9%8E%8C%E3%83%B6%E8%B0%B7%E5%B8%82%E6%96%B0%E9%8E%8C%E3%83%B6%E8%B0%B72-12-1%E3%82%A2%E3%82%AF%E3%83%AD%E3%82%B9%E3%83%A2%E3%83%BC%E3%83%AB%E6%96%B0%E9%8E%8C%E3%83%B6%E8%B0%B72%E9%9A%8E,2026-10-08,https://dcd.aikatsu.com/encore/pdf/shoplist.pdf,官方列出的設置店；未逐店確認現場稼動、台數與卡片庫存。地址定位尚未逐點核對。
ゲームランド千葉ニュータウン店,日本 千葉県印西市中央北３丁目３番イオン千葉ニュータウン２階,千葉県,關東,0476-48-4248,https://www.google.com/maps/search/?api=1&query=%E3%82%B2%E3%83%BC%E3%83%A0%E3%83%A9%E3%83%B3%E3%83%89%E5%8D%83%E8%91%89%E3%83%8B%E3%83%A5%E3%83%BC%E3%82%BF%E3%82%A6%E3%83%B3%E5%BA%97%20%E5%8D%83%E8%91%89%E7%9C%8C%E5%8D%B0%E8%A5%BF%E5%B8%82%E4%B8%AD%E5%A4%AE%E5%8C%97%EF%BC%93%E4%B8%81%E7%9B%AE%EF%BC%93%E7%95%AA%E3%82%A4%E3%82%AA%E3%83%B3%E5%8D%83%E8%91%89%E3%83%8B%E3%83%A5%E3%83%BC%E3%82%BF%E3%82%A6%E3%83%B3%EF%BC%92%E9%9A%8E,2026-10-08,https://dcd.aikatsu.com/encore/pdf/shoplist.pdf,官方列出的設置店；未逐店確認現場稼動、台數與卡片庫存。地址定位尚未逐點核對。
プラサカプコン成田店,日本 千葉県成田市ウイング土屋24イオンモール成田2F,千葉県,關東,0476-94-7188,https://www.google.com/maps/search/?api=1&query=%E3%83%97%E3%83%A9%E3%82%B5%E3%82%AB%E3%83%97%E3%82%B3%E3%83%B3%E6%88%90%E7%94%B0%E5%BA%97%20%E5%8D%83%E8%91%89%E7%9C%8C%E6%88%90%E7%94%B0%E5%B8%82%E3%82%A6%E3%82%A4%E3%83%B3%E3%82%B0%E5%9C%9F%E5%B1%8B24%E3%82%A4%E3%82%AA%E3%83%B3%E3%83%A2%E3%83%BC%E3%83%AB%E6%88%90%E7%94%B02F,2026-10-08,https://dcd.aikatsu.com/encore/pdf/shoplist.pdf,官方列出的設置店；未逐店確認現場稼動、台數與卡片庫存。地址定位尚未逐點核對。
ゲームランドちはら台店,日本 千葉県市原市ちはら台西3-4unimoちはら台ショッピングセンター2階,千葉県,關東,0436-76-0366,https://www.google.com/maps/search/?api=1&query=%E3%82%B2%E3%83%BC%E3%83%A0%E3%83%A9%E3%83%B3%E3%83%89%E3%81%A1%E3%81%AF%E3%82%89%E5%8F%B0%E5%BA%97%20%E5%8D%83%E8%91%89%E7%9C%8C%E5%B8%82%E5%8E%9F%E5%B8%82%E3%81%A1%E3%81%AF%E3%82%89%E5%8F%B0%E8%A5%BF3-4unimo%E3%81%A1%E3%81%AF%E3%82%89%E5%8F%B0%E3%82%B7%E3%83%A7%E3%83%83%E3%83%94%E3%83%B3%E3%82%B0%E3%82%BB%E3%83%B3%E3%82%BF%E3%83%BC2%E9%9A%8E,2026-10-08,https://dcd.aikatsu.com/encore/pdf/shoplist.pdf,官方列出的設置店；未逐店確認現場稼動、台數與卡片庫存。地址定位尚未逐點核對。
プラサカプコン富津店,日本 千葉県富津市青木1-5-1イオンモール富津2F,千葉県,關東,0439-80-1840,https://www.google.com/maps/search/?api=1&query=%E3%83%97%E3%83%A9%E3%82%B5%E3%82%AB%E3%83%97%E3%82%B3%E3%83%B3%E5%AF%8C%E6%B4%A5%E5%BA%97%20%E5%8D%83%E8%91%89%E7%9C%8C%E5%AF%8C%E6%B4%A5%E5%B8%82%E9%9D%92%E6%9C%A81-5-1%E3%82%A4%E3%82%AA%E3%83%B3%E3%83%A2%E3%83%BC%E3%83%AB%E5%AF%8C%E6%B4%A52F,2026-10-08,https://dcd.aikatsu.com/encore/pdf/shoplist.pdf,官方列出的設置店；未逐店確認現場稼動、台數與卡片庫存。地址定位尚未逐點核對。
シルクハット津田沼,日本 千葉県習志野市津田沼1-2-1十三ビル 地下1階,千葉県,關東,044-589-4523,https://www.google.com/maps/search/?api=1&query=%E3%82%B7%E3%83%AB%E3%82%AF%E3%83%8F%E3%83%83%E3%83%88%E6%B4%A5%E7%94%B0%E6%B2%BC%20%E5%8D%83%E8%91%89%E7%9C%8C%E7%BF%92%E5%BF%97%E9%87%8E%E5%B8%82%E6%B4%A5%E7%94%B0%E6%B2%BC1-2-1%E5%8D%81%E4%B8%89%E3%83%93%E3%83%AB%20%E5%9C%B0%E4%B8%8B1%E9%9A%8E,2026-10-08,https://dcd.aikatsu.com/encore/pdf/shoplist.pdf,官方列出的設置店；未逐店確認現場稼動、台數與卡片庫存。地址定位尚未逐點核對。
パラボランド東金店,日本 千葉県東金市東岩崎8番10号サンピア3F,千葉県,關東,0475-54-1298,https://www.google.com/maps/search/?api=1&query=%E3%83%91%E3%83%A9%E3%83%9C%E3%83%A9%E3%83%B3%E3%83%89%E6%9D%B1%E9%87%91%E5%BA%97%20%E5%8D%83%E8%91%89%E7%9C%8C%E6%9D%B1%E9%87%91%E5%B8%82%E6%9D%B1%E5%B2%A9%E5%B4%8E8%E7%95%AA10%E5%8F%B7%E3%82%B5%E3%83%B3%E3%83%94%E3%82%A23F,2026-10-08,https://dcd.aikatsu.com/encore/pdf/shoplist.pdf,官方列出的設置店；未逐店確認現場稼動、台數與卡片庫存。地址定位尚未逐點核對。
ゲームフィールド千城台店,日本 千葉県千葉市若葉区千城台北3-21-1イコアス千城台3F,千葉県,關東,043-308-6243,https://www.google.com/maps/search/?api=1&query=%E3%82%B2%E3%83%BC%E3%83%A0%E3%83%95%E3%82%A3%E3%83%BC%E3%83%AB%E3%83%89%E5%8D%83%E5%9F%8E%E5%8F%B0%E5%BA%97%20%E5%8D%83%E8%91%89%E7%9C%8C%E5%8D%83%E8%91%89%E5%B8%82%E8%8B%A5%E8%91%89%E5%8C%BA%E5%8D%83%E5%9F%8E%E5%8F%B0%E5%8C%973-21-1%E3%82%A4%E3%82%B3%E3%82%A2%E3%82%B9%E5%8D%83%E5%9F%8E%E5%8F%B03F,2026-10-08,https://dcd.aikatsu.com/encore/pdf/shoplist.pdf,官方列出的設置店；未逐店確認現場稼動、台數與卡片庫存。地址定位尚未逐點核對。
ソユーゲームフィールド幕張店,日本 千葉県千葉市花見川区幕張町4-417-25イトーヨーカドー幕張2階,千葉県,關東,043-350-0157,https://www.google.com/maps/search/?api=1&query=%E3%82%BD%E3%83%A6%E3%83%BC%E3%82%B2%E3%83%BC%E3%83%A0%E3%83%95%E3%82%A3%E3%83%BC%E3%83%AB%E3%83%89%E5%B9%95%E5%BC%B5%E5%BA%97%20%E5%8D%83%E8%91%89%E7%9C%8C%E5%8D%83%E8%91%89%E5%B8%82%E8%8A%B1%E8%A6%8B%E5%B7%9D%E5%8C%BA%E5%B9%95%E5%BC%B5%E7%94%BA4-417-25%E3%82%A4%E3%83%88%E3%83%BC%E3%83%A8%E3%83%BC%E3%82%AB%E3%83%89%E3%83%BC%E5%B9%95%E5%BC%B52%E9%9A%8E,2026-10-08,https://dcd.aikatsu.com/encore/pdf/shoplist.pdf,官方列出的設置店；未逐店確認現場稼動、台數與卡片庫存。地址定位尚未逐點核對。
タイトーステーション旭サンモール店,日本 千葉県旭市イ－２６７６－１イオン旭３Ｆ,千葉県,關東,0479-62-5215,https://www.google.com/maps/search/?api=1&query=%E3%82%BF%E3%82%A4%E3%83%88%E3%83%BC%E3%82%B9%E3%83%86%E3%83%BC%E3%82%B7%E3%83%A7%E3%83%B3%E6%97%AD%E3%82%B5%E3%83%B3%E3%83%A2%E3%83%BC%E3%83%AB%E5%BA%97%20%E5%8D%83%E8%91%89%E7%9C%8C%E6%97%AD%E5%B8%82%E3%82%A4%EF%BC%8D%EF%BC%92%EF%BC%96%EF%BC%97%EF%BC%96%EF%BC%8D%EF%BC%91%E3%82%A4%E3%82%AA%E3%83%B3%E6%97%AD%EF%BC%93%EF%BC%A6,2026-10-08,https://dcd.aikatsu.com/encore/pdf/shoplist.pdf,官方列出的設置店；未逐店確認現場稼動、台數與卡片庫存。地址定位尚未逐點核對。
ハロータイトー流山,日本 千葉県流山市流山９丁目８００２号イトーヨーカドー流山,千葉県,關東,0471-58-6800,https://www.google.com/maps/search/?api=1&query=%E3%83%8F%E3%83%AD%E3%83%BC%E3%82%BF%E3%82%A4%E3%83%88%E3%83%BC%E6%B5%81%E5%B1%B1%20%E5%8D%83%E8%91%89%E7%9C%8C%E6%B5%81%E5%B1%B1%E5%B8%82%E6%B5%81%E5%B1%B1%EF%BC%99%E4%B8%81%E7%9B%AE%EF%BC%98%EF%BC%90%EF%BC%90%EF%BC%92%E5%8F%B7%E3%82%A4%E3%83%88%E3%83%BC%E3%83%A8%E3%83%BC%E3%82%AB%E3%83%89%E3%83%BC%E6%B5%81%E5%B1%B1,2026-10-08,https://dcd.aikatsu.com/encore/pdf/shoplist.pdf,官方列出的設置店；未逐店確認現場稼動、台數與卡片庫存。地址定位尚未逐點核對。
タイトーステーション船橋,日本 千葉県船橋市本町１丁目６－１タイトーステーション船橋,千葉県,關東,0474-36-8135,https://www.google.com/maps/search/?api=1&query=%E3%82%BF%E3%82%A4%E3%83%88%E3%83%BC%E3%82%B9%E3%83%86%E3%83%BC%E3%82%B7%E3%83%A7%E3%83%B3%E8%88%B9%E6%A9%8B%20%E5%8D%83%E8%91%89%E7%9C%8C%E8%88%B9%E6%A9%8B%E5%B8%82%E6%9C%AC%E7%94%BA%EF%BC%91%E4%B8%81%E7%9B%AE%EF%BC%96%EF%BC%8D%EF%BC%91%E3%82%BF%E3%82%A4%E3%83%88%E3%83%BC%E3%82%B9%E3%83%86%E3%83%BC%E3%82%B7%E3%83%A7%E3%83%B3%E8%88%B9%E6%A9%8B,2026-10-08,https://dcd.aikatsu.com/encore/pdf/shoplist.pdf,官方列出的設置店；未逐店確認現場稼動、台數與卡片庫存。地址定位尚未逐點核對。
タイトーステーション柏店,日本 千葉県柏市柏２－３－１フーサワビル,千葉県,關東,04-7164-0866,https://www.google.com/maps/search/?api=1&query=%E3%82%BF%E3%82%A4%E3%83%88%E3%83%BC%E3%82%B9%E3%83%86%E3%83%BC%E3%82%B7%E3%83%A7%E3%83%B3%E6%9F%8F%E5%BA%97%20%E5%8D%83%E8%91%89%E7%9C%8C%E6%9F%8F%E5%B8%82%E6%9F%8F%EF%BC%92%EF%BC%8D%EF%BC%93%EF%BC%8D%EF%BC%91%E3%83%95%E3%83%BC%E3%82%B5%E3%83%AF%E3%83%93%E3%83%AB,2026-10-08,https://dcd.aikatsu.com/encore/pdf/shoplist.pdf,官方列出的設置店；未逐店確認現場稼動、台數與卡片庫存。地址定位尚未逐點核對。
タイトーステーション茂原アスモ店,日本 千葉県茂原市高師１７３５茂原ショッピングプラザアスモ２Ｆ,千葉県,關東,0475-24-6602,https://www.google.com/maps/search/?api=1&query=%E3%82%BF%E3%82%A4%E3%83%88%E3%83%BC%E3%82%B9%E3%83%86%E3%83%BC%E3%82%B7%E3%83%A7%E3%83%B3%E8%8C%82%E5%8E%9F%E3%82%A2%E3%82%B9%E3%83%A2%E5%BA%97%20%E5%8D%83%E8%91%89%E7%9C%8C%E8%8C%82%E5%8E%9F%E5%B8%82%E9%AB%98%E5%B8%AB%EF%BC%91%EF%BC%97%EF%BC%93%EF%BC%95%E8%8C%82%E5%8E%9F%E3%82%B7%E3%83%A7%E3%83%83%E3%83%94%E3%83%B3%E3%82%B0%E3%83%97%E3%83%A9%E3%82%B6%E3%82%A2%E3%82%B9%E3%83%A2%EF%BC%92%EF%BC%A6,2026-10-08,https://dcd.aikatsu.com/encore/pdf/shoplist.pdf,官方列出的設置店；未逐店確認現場稼動、台數與卡片庫存。地址定位尚未逐點核對。
タイトーステーションアリオ蘇我店,日本 千葉県千葉市中央区川崎町５２－７アリオ蘇我２階,千葉県,關東,043-209-6761,https://www.google.com/maps/search/?api=1&query=%E3%82%BF%E3%82%A4%E3%83%88%E3%83%BC%E3%82%B9%E3%83%86%E3%83%BC%E3%82%B7%E3%83%A7%E3%83%B3%E3%82%A2%E3%83%AA%E3%82%AA%E8%98%87%E6%88%91%E5%BA%97%20%E5%8D%83%E8%91%89%E7%9C%8C%E5%8D%83%E8%91%89%E5%B8%82%E4%B8%AD%E5%A4%AE%E5%8C%BA%E5%B7%9D%E5%B4%8E%E7%94%BA%EF%BC%95%EF%BC%92%EF%BC%8D%EF%BC%97%E3%82%A2%E3%83%AA%E3%82%AA%E8%98%87%E6%88%91%EF%BC%92%E9%9A%8E,2026-10-08,https://dcd.aikatsu.com/encore/pdf/shoplist.pdf,官方列出的設置店；未逐店確認現場稼動、台數與卡片庫存。地址定位尚未逐點核對。
ｎａｍｃｏイオンモール船橋店,日本 千葉県船橋市山手１丁目１番８号,千葉県,關東,047-437-6612,https://www.google.com/maps/search/?api=1&query=%EF%BD%8E%EF%BD%81%EF%BD%8D%EF%BD%83%EF%BD%8F%E3%82%A4%E3%82%AA%E3%83%B3%E3%83%A2%E3%83%BC%E3%83%AB%E8%88%B9%E6%A9%8B%E5%BA%97%20%E5%8D%83%E8%91%89%E7%9C%8C%E8%88%B9%E6%A9%8B%E5%B8%82%E5%B1%B1%E6%89%8B%EF%BC%91%E4%B8%81%E7%9B%AE%EF%BC%91%E7%95%AA%EF%BC%98%E5%8F%B7,2026-10-08,https://dcd.aikatsu.com/encore/pdf/shoplist.pdf,官方列出的設置店；未逐店確認現場稼動、台數與卡片庫存。地址定位尚未逐點核對。
ｎａｍｃｏテラスモール松戸店,日本 千葉県松戸市八ヶ崎２－８－１ テラスモール松戸店３Ｆ,千葉県,關東,047-710-3437,https://www.google.com/maps/search/?api=1&query=%EF%BD%8E%EF%BD%81%EF%BD%8D%EF%BD%83%EF%BD%8F%E3%83%86%E3%83%A9%E3%82%B9%E3%83%A2%E3%83%BC%E3%83%AB%E6%9D%BE%E6%88%B8%E5%BA%97%20%E5%8D%83%E8%91%89%E7%9C%8C%E6%9D%BE%E6%88%B8%E5%B8%82%E5%85%AB%E3%83%B6%E5%B4%8E%EF%BC%92%EF%BC%8D%EF%BC%98%EF%BC%8D%EF%BC%91%20%E3%83%86%E3%83%A9%E3%82%B9%E3%83%A2%E3%83%BC%E3%83%AB%E6%9D%BE%E6%88%B8%E5%BA%97%EF%BC%93%EF%BC%A6,2026-10-08,https://dcd.aikatsu.com/encore/pdf/shoplist.pdf,官方列出的設置店；未逐店確認現場稼動、台數與卡片庫存。地址定位尚未逐點核對。
ｎａｍｃｏ松戸店,日本 千葉県松戸市松戸１２３０番地１ ピアザ松戸１Ｆ,千葉県,關東,047-711-7274,https://www.google.com/maps/search/?api=1&query=%EF%BD%8E%EF%BD%81%EF%BD%8D%EF%BD%83%EF%BD%8F%E6%9D%BE%E6%88%B8%E5%BA%97%20%E5%8D%83%E8%91%89%E7%9C%8C%E6%9D%BE%E6%88%B8%E5%B8%82%E6%9D%BE%E6%88%B8%EF%BC%91%EF%BC%92%EF%BC%93%EF%BC%90%E7%95%AA%E5%9C%B0%EF%BC%91%20%E3%83%94%E3%82%A2%E3%82%B6%E6%9D%BE%E6%88%B8%EF%BC%91%EF%BC%A6,2026-10-08,https://dcd.aikatsu.com/encore/pdf/shoplist.pdf,官方列出的設置店；未逐店確認現場稼動、台數與卡片庫存。地址定位尚未逐點核對。
ｎａｍｃｏ流山おおたかの森Ｓ・Ｃ店,日本 千葉県流山市おおたかの森南一丁目５番地の１ 流山おおたかの森Ｓ・Ｃ ３Ｆ,千葉県,關東,0570-087612,https://www.google.com/maps/search/?api=1&query=%EF%BD%8E%EF%BD%81%EF%BD%8D%EF%BD%83%EF%BD%8F%E6%B5%81%E5%B1%B1%E3%81%8A%E3%81%8A%E3%81%9F%E3%81%8B%E3%81%AE%E6%A3%AE%EF%BC%B3%E3%83%BB%EF%BC%A3%E5%BA%97%20%E5%8D%83%E8%91%89%E7%9C%8C%E6%B5%81%E5%B1%B1%E5%B8%82%E3%81%8A%E3%81%8A%E3%81%9F%E3%81%8B%E3%81%AE%E6%A3%AE%E5%8D%97%E4%B8%80%E4%B8%81%E7%9B%AE%EF%BC%95%E7%95%AA%E5%9C%B0%E3%81%AE%EF%BC%91%20%E6%B5%81%E5%B1%B1%E3%81%8A%E3%81%8A%E3%81%9F%E3%81%8B%E3%81%AE%E6%A3%AE%EF%BC%B3%E3%83%BB%EF%BC%A3%20%EF%BC%93%EF%BC%A6,2026-10-08,https://dcd.aikatsu.com/encore/pdf/shoplist.pdf,官方列出的設置店；未逐店確認現場稼動、台數與卡片庫存。地址定位尚未逐點核對。
ｎａｍｃｏイオンモール幕張新都心店,日本 千葉県千葉市美浜区豊砂１－１ イオンモール幕張新都心 グランドモール３階,千葉県,關東,043-306-4765,https://www.google.com/maps/search/?api=1&query=%EF%BD%8E%EF%BD%81%EF%BD%8D%EF%BD%83%EF%BD%8F%E3%82%A4%E3%82%AA%E3%83%B3%E3%83%A2%E3%83%BC%E3%83%AB%E5%B9%95%E5%BC%B5%E6%96%B0%E9%83%BD%E5%BF%83%E5%BA%97%20%E5%8D%83%E8%91%89%E7%9C%8C%E5%8D%83%E8%91%89%E5%B8%82%E7%BE%8E%E6%B5%9C%E5%8C%BA%E8%B1%8A%E7%A0%82%EF%BC%91%EF%BC%8D%EF%BC%91%20%E3%82%A4%E3%82%AA%E3%83%B3%E3%83%A2%E3%83%BC%E3%83%AB%E5%B9%95%E5%BC%B5%E6%96%B0%E9%83%BD%E5%BF%83%20%E3%82%B0%E3%83%A9%E3%83%B3%E3%83%89%E3%83%A2%E3%83%BC%E3%83%AB%EF%BC%93%E9%9A%8E,2026-10-08,https://dcd.aikatsu.com/encore/pdf/shoplist.pdf,官方列出的設置店；未逐店確認現場稼動、台數與卡片庫存。地址定位尚未逐點核對。
ｎａｍｃｏイオンモール八千代緑が丘店,日本 千葉県八千代市緑ヶ丘２－１－３ イオンモール八千代緑ヶ丘４Ｆ,千葉県,關東,0570-087607,https://www.google.com/maps/search/?api=1&query=%EF%BD%8E%EF%BD%81%EF%BD%8D%EF%BD%83%EF%BD%8F%E3%82%A4%E3%82%AA%E3%83%B3%E3%83%A2%E3%83%BC%E3%83%AB%E5%85%AB%E5%8D%83%E4%BB%A3%E7%B7%91%E3%81%8C%E4%B8%98%E5%BA%97%20%E5%8D%83%E8%91%89%E7%9C%8C%E5%85%AB%E5%8D%83%E4%BB%A3%E5%B8%82%E7%B7%91%E3%83%B6%E4%B8%98%EF%BC%92%EF%BC%8D%EF%BC%91%EF%BC%8D%EF%BC%93%20%E3%82%A4%E3%82%AA%E3%83%B3%E3%83%A2%E3%83%BC%E3%83%AB%E5%85%AB%E5%8D%83%E4%BB%A3%E7%B7%91%E3%83%B6%E4%B8%98%EF%BC%94%EF%BC%A6,2026-10-08,https://dcd.aikatsu.com/encore/pdf/shoplist.pdf,官方列出的設置店；未逐店確認現場稼動、台數與卡片庫存。地址定位尚未逐點核對。
ｎａｍｃｏシェラトントーキョーベイ店,日本 千葉県浦安市舞浜１－９,千葉県,關東,047-382-8088,https://www.google.com/maps/search/?api=1&query=%EF%BD%8E%EF%BD%81%EF%BD%8D%EF%BD%83%EF%BD%8F%E3%82%B7%E3%82%A7%E3%83%A9%E3%83%88%E3%83%B3%E3%83%88%E3%83%BC%E3%82%AD%E3%83%A7%E3%83%BC%E3%83%99%E3%82%A4%E5%BA%97%20%E5%8D%83%E8%91%89%E7%9C%8C%E6%B5%A6%E5%AE%89%E5%B8%82%E8%88%9E%E6%B5%9C%EF%BC%91%EF%BC%8D%EF%BC%99,2026-10-08,https://dcd.aikatsu.com/encore/pdf/shoplist.pdf,官方列出的設置店；未逐店確認現場稼動、台數與卡片庫存。地址定位尚未逐點核對。
イオンタウンユーカリが丘ゲームコーナー,日本 千葉県佐倉市西ユーカリが丘６丁目１２番地の３,千葉県,關東,043-309-6771,https://www.google.com/maps/search/?api=1&query=%E3%82%A4%E3%82%AA%E3%83%B3%E3%82%BF%E3%82%A6%E3%83%B3%E3%83%A6%E3%83%BC%E3%82%AB%E3%83%AA%E3%81%8C%E4%B8%98%E3%82%B2%E3%83%BC%E3%83%A0%E3%82%B3%E3%83%BC%E3%83%8A%E3%83%BC%20%E5%8D%83%E8%91%89%E7%9C%8C%E4%BD%90%E5%80%89%E5%B8%82%E8%A5%BF%E3%83%A6%E3%83%BC%E3%82%AB%E3%83%AA%E3%81%8C%E4%B8%98%EF%BC%96%E4%B8%81%E7%9B%AE%EF%BC%91%EF%BC%92%E7%95%AA%E5%9C%B0%E3%81%AE%EF%BC%93,2026-10-08,https://dcd.aikatsu.com/encore/pdf/shoplist.pdf,官方列出的設置店；未逐店確認現場稼動、台數與卡片庫存。地址定位尚未逐點核對。
ｎａｍｃｏアリオ市原店,日本 千葉県市原市更級４－３－２ アリオ市原２Ｆ,千葉県,關東,0570-087606,https://www.google.com/maps/search/?api=1&query=%EF%BD%8E%EF%BD%81%EF%BD%8D%EF%BD%83%EF%BD%8F%E3%82%A2%E3%83%AA%E3%82%AA%E5%B8%82%E5%8E%9F%E5%BA%97%20%E5%8D%83%E8%91%89%E7%9C%8C%E5%B8%82%E5%8E%9F%E5%B8%82%E6%9B%B4%E7%B4%9A%EF%BC%94%EF%BC%8D%EF%BC%93%EF%BC%8D%EF%BC%92%20%E3%82%A2%E3%83%AA%E3%82%AA%E5%B8%82%E5%8E%9F%EF%BC%92%EF%BC%A6,2026-10-08,https://dcd.aikatsu.com/encore/pdf/shoplist.pdf,官方列出的設置店；未逐店確認現場稼動、台數與卡片庫存。地址定位尚未逐點核對。
ラウンドワンスタジアムアリオ柏,日本 千葉県柏市大島田1-6-1 セブンパークアリオ柏 1070,千葉県,關東,04-7190-1201,https://www.google.com/maps/search/?api=1&query=%E3%83%A9%E3%82%A6%E3%83%B3%E3%83%89%E3%83%AF%E3%83%B3%E3%82%B9%E3%82%BF%E3%82%B8%E3%82%A2%E3%83%A0%E3%82%A2%E3%83%AA%E3%82%AA%E6%9F%8F%20%E5%8D%83%E8%91%89%E7%9C%8C%E6%9F%8F%E5%B8%82%E5%A4%A7%E5%B3%B6%E7%94%B01-6-1%20%E3%82%BB%E3%83%96%E3%83%B3%E3%83%91%E3%83%BC%E3%82%AF%E3%82%A2%E3%83%AA%E3%82%AA%E6%9F%8F%201070,2026-10-08,https://dcd.aikatsu.com/encore/pdf/shoplist.pdf,官方列出的設置店；未逐店確認現場稼動、台數與卡片庫存。地址定位尚未逐點核對。
アピナ野田七光台,日本 千葉県野田市七光台4-2 イオンタウン野田七光台内,千葉県,關東,04-7127-1137,https://www.google.com/maps/search/?api=1&query=%E3%82%A2%E3%83%94%E3%83%8A%E9%87%8E%E7%94%B0%E4%B8%83%E5%85%89%E5%8F%B0%20%E5%8D%83%E8%91%89%E7%9C%8C%E9%87%8E%E7%94%B0%E5%B8%82%E4%B8%83%E5%85%89%E5%8F%B04-2%20%E3%82%A4%E3%82%AA%E3%83%B3%E3%82%BF%E3%82%A6%E3%83%B3%E9%87%8E%E7%94%B0%E4%B8%83%E5%85%89%E5%8F%B0%E5%86%85,2026-10-08,https://dcd.aikatsu.com/encore/pdf/shoplist.pdf,官方列出的設置店；未逐店確認現場稼動、台數與卡片庫存。地址定位尚未逐點核對。
アピナ印西店,日本 千葉県印西市原1-2ビックホップガーデンモール印西2階,千葉県,關東,0476-48-5841,https://www.google.com/maps/search/?api=1&query=%E3%82%A2%E3%83%94%E3%83%8A%E5%8D%B0%E8%A5%BF%E5%BA%97%20%E5%8D%83%E8%91%89%E7%9C%8C%E5%8D%B0%E8%A5%BF%E5%B8%82%E5%8E%9F1-2%E3%83%93%E3%83%83%E3%82%AF%E3%83%9B%E3%83%83%E3%83%97%E3%82%AC%E3%83%BC%E3%83%87%E3%83%B3%E3%83%A2%E3%83%BC%E3%83%AB%E5%8D%B0%E8%A5%BF2%E9%9A%8E,2026-10-08,https://dcd.aikatsu.com/encore/pdf/shoplist.pdf,官方列出的設置店；未逐店確認現場稼動、台數與卡片庫存。地址定位尚未逐點核對。
アピナ市原店,日本 千葉県市原市更級4-2-1アクロスプラザ市原更級,千葉県,關東,0436-26-0011,https://www.google.com/maps/search/?api=1&query=%E3%82%A2%E3%83%94%E3%83%8A%E5%B8%82%E5%8E%9F%E5%BA%97%20%E5%8D%83%E8%91%89%E7%9C%8C%E5%B8%82%E5%8E%9F%E5%B8%82%E6%9B%B4%E7%B4%9A4-2-1%E3%82%A2%E3%82%AF%E3%83%AD%E3%82%B9%E3%83%97%E3%83%A9%E3%82%B6%E5%B8%82%E5%8E%9F%E6%9B%B4%E7%B4%9A,2026-10-08,https://dcd.aikatsu.com/encore/pdf/shoplist.pdf,官方列出的設置店；未逐店確認現場稼動、台數與卡片庫存。地址定位尚未逐點核對。
タイトーFステーション市川妙典店,日本 千葉県市川市妙典4-1-1イオン市川妙典2番街2階,千葉県,關東,047-318-3933,https://www.google.com/maps/search/?api=1&query=%E3%82%BF%E3%82%A4%E3%83%88%E3%83%BCF%E3%82%B9%E3%83%86%E3%83%BC%E3%82%B7%E3%83%A7%E3%83%B3%E5%B8%82%E5%B7%9D%E5%A6%99%E5%85%B8%E5%BA%97%20%E5%8D%83%E8%91%89%E7%9C%8C%E5%B8%82%E5%B7%9D%E5%B8%82%E5%A6%99%E5%85%B84-1-1%E3%82%A4%E3%82%AA%E3%83%B3%E5%B8%82%E5%B7%9D%E5%A6%99%E5%85%B82%E7%95%AA%E8%A1%972%E9%9A%8E,2026-10-08,https://dcd.aikatsu.com/encore/pdf/shoplist.pdf,官方列出的設置店；未逐店確認現場稼動、台數與卡片庫存。地址定位尚未逐點核對。
スポーツウェーブ鉄腕24浜野店,日本 千葉県千葉市中央区浜野町1025-59,千葉県,關東,043-300-8033,https://www.google.com/maps/search/?api=1&query=%E3%82%B9%E3%83%9D%E3%83%BC%E3%83%84%E3%82%A6%E3%82%A7%E3%83%BC%E3%83%96%E9%89%84%E8%85%9524%E6%B5%9C%E9%87%8E%E5%BA%97%20%E5%8D%83%E8%91%89%E7%9C%8C%E5%8D%83%E8%91%89%E5%B8%82%E4%B8%AD%E5%A4%AE%E5%8C%BA%E6%B5%9C%E9%87%8E%E7%94%BA1025-59,2026-10-08,https://dcd.aikatsu.com/encore/pdf/shoplist.pdf,官方列出的設置店；未逐店確認現場稼動、台數與卡片庫存。地址定位尚未逐點核對。
千葉レジャーランド野田店,日本 千葉県野田市吉春鎌田776-1,千葉県,關東,047-120-3535,https://www.google.com/maps/search/?api=1&query=%E5%8D%83%E8%91%89%E3%83%AC%E3%82%B8%E3%83%A3%E3%83%BC%E3%83%A9%E3%83%B3%E3%83%89%E9%87%8E%E7%94%B0%E5%BA%97%20%E5%8D%83%E8%91%89%E7%9C%8C%E9%87%8E%E7%94%B0%E5%B8%82%E5%90%89%E6%98%A5%E9%8E%8C%E7%94%B0776-1,2026-10-08,https://dcd.aikatsu.com/encore/pdf/shoplist.pdf,官方列出的設置店；未逐店確認現場稼動、台數與卡片庫存。地址定位尚未逐點核對。
千葉レジャーランド成東店,日本 千葉県山武市姫島111-1,千葉県,關東,0475-80-1777,https://www.google.com/maps/search/?api=1&query=%E5%8D%83%E8%91%89%E3%83%AC%E3%82%B8%E3%83%A3%E3%83%BC%E3%83%A9%E3%83%B3%E3%83%89%E6%88%90%E6%9D%B1%E5%BA%97%20%E5%8D%83%E8%91%89%E7%9C%8C%E5%B1%B1%E6%AD%A6%E5%B8%82%E5%A7%AB%E5%B3%B6111-1,2026-10-08,https://dcd.aikatsu.com/encore/pdf/shoplist.pdf,官方列出的設置店；未逐店確認現場稼動、台數與卡片庫存。地址定位尚未逐點核對。
スポーツウェーブ鉄腕24稲毛長沼店,日本 千葉県千葉市稲毛区長沼原町697,千葉県,關東,043-215-5560,https://www.google.com/maps/search/?api=1&query=%E3%82%B9%E3%83%9D%E3%83%BC%E3%83%84%E3%82%A6%E3%82%A7%E3%83%BC%E3%83%96%E9%89%84%E8%85%9524%E7%A8%B2%E6%AF%9B%E9%95%B7%E6%B2%BC%E5%BA%97%20%E5%8D%83%E8%91%89%E7%9C%8C%E5%8D%83%E8%91%89%E5%B8%82%E7%A8%B2%E6%AF%9B%E5%8C%BA%E9%95%B7%E6%B2%BC%E5%8E%9F%E7%94%BA697,2026-10-08,https://dcd.aikatsu.com/encore/pdf/shoplist.pdf,官方列出的設置店；未逐店確認現場稼動、台數與卡片庫存。地址定位尚未逐點核對。
キャッツアイ八千代店,日本 千葉県八千代市緑が丘西2丁目13番地3 ism緑が丘内,千葉県,關東,047-480-0231,https://www.google.com/maps/search/?api=1&query=%E3%82%AD%E3%83%A3%E3%83%83%E3%83%84%E3%82%A2%E3%82%A4%E5%85%AB%E5%8D%83%E4%BB%A3%E5%BA%97%20%E5%8D%83%E8%91%89%E7%9C%8C%E5%85%AB%E5%8D%83%E4%BB%A3%E5%B8%82%E7%B7%91%E3%81%8C%E4%B8%98%E8%A5%BF2%E4%B8%81%E7%9B%AE13%E7%95%AA%E5%9C%B03%20ism%E7%B7%91%E3%81%8C%E4%B8%98%E5%86%85,2026-10-08,https://dcd.aikatsu.com/encore/pdf/shoplist.pdf,官方列出的設置店；未逐店確認現場稼動、台數與卡片庫存。地址定位尚未逐點核對。
モーリーファンタジー南砂店,日本 東京都江東区南砂6-7-15 イオン南砂店3階,東京都,關東,070-3100-4050,https://www.google.com/maps/search/?api=1&query=%E3%83%A2%E3%83%BC%E3%83%AA%E3%83%BC%E3%83%95%E3%82%A1%E3%83%B3%E3%82%BF%E3%82%B8%E3%83%BC%E5%8D%97%E7%A0%82%E5%BA%97%20%E6%9D%B1%E4%BA%AC%E9%83%BD%E6%B1%9F%E6%9D%B1%E5%8C%BA%E5%8D%97%E7%A0%826-7-15%20%E3%82%A4%E3%82%AA%E3%83%B3%E5%8D%97%E7%A0%82%E5%BA%973%E9%9A%8E,2026-10-08,https://dcd.aikatsu.com/encore/pdf/shoplist.pdf,官方列出的設置店；未逐店確認現場稼動、台數與卡片庫存。地址定位尚未逐點核對。
モーリーファンタジー品川シーサイド店,日本 東京都品川区東品川4丁目12-5 イオン品川シーサイド店2階,東京都,關東,070-3100-5244,https://www.google.com/maps/search/?api=1&query=%E3%83%A2%E3%83%BC%E3%83%AA%E3%83%BC%E3%83%95%E3%82%A1%E3%83%B3%E3%82%BF%E3%82%B8%E3%83%BC%E5%93%81%E5%B7%9D%E3%82%B7%E3%83%BC%E3%82%B5%E3%82%A4%E3%83%89%E5%BA%97%20%E6%9D%B1%E4%BA%AC%E9%83%BD%E5%93%81%E5%B7%9D%E5%8C%BA%E6%9D%B1%E5%93%81%E5%B7%9D4%E4%B8%81%E7%9B%AE12-5%20%E3%82%A4%E3%82%AA%E3%83%B3%E5%93%81%E5%B7%9D%E3%82%B7%E3%83%BC%E3%82%B5%E3%82%A4%E3%83%89%E5%BA%972%E9%9A%8E,2026-10-08,https://dcd.aikatsu.com/encore/pdf/shoplist.pdf,官方列出的設置店；未逐店確認現場稼動、台數與卡片庫存。地址定位尚未逐點核對。
モーリーファンタジー葛西店,日本 東京都江戸川区西葛西3-9-19 イオン葛西店3階,東京都,關東,070-3100-5258,https://www.google.com/maps/search/?api=1&query=%E3%83%A2%E3%83%BC%E3%83%AA%E3%83%BC%E3%83%95%E3%82%A1%E3%83%B3%E3%82%BF%E3%82%B8%E3%83%BC%E8%91%9B%E8%A5%BF%E5%BA%97%20%E6%9D%B1%E4%BA%AC%E9%83%BD%E6%B1%9F%E6%88%B8%E5%B7%9D%E5%8C%BA%E8%A5%BF%E8%91%9B%E8%A5%BF3-9-19%20%E3%82%A4%E3%82%AA%E3%83%B3%E8%91%9B%E8%A5%BF%E5%BA%973%E9%9A%8E,2026-10-08,https://dcd.aikatsu.com/encore/pdf/shoplist.pdf,官方列出的設置店；未逐店確認現場稼動、台數與卡片庫存。地址定位尚未逐點核對。
モーリーファンタジーむさし村山店,日本 東京都武蔵村山市榎1丁目1番3号 イオンむさし村山店3階,東京都,關東,070-3100-4551,https://www.google.com/maps/search/?api=1&query=%E3%83%A2%E3%83%BC%E3%83%AA%E3%83%BC%E3%83%95%E3%82%A1%E3%83%B3%E3%82%BF%E3%82%B8%E3%83%BC%E3%82%80%E3%81%95%E3%81%97%E6%9D%91%E5%B1%B1%E5%BA%97%20%E6%9D%B1%E4%BA%AC%E9%83%BD%E6%AD%A6%E8%94%B5%E6%9D%91%E5%B1%B1%E5%B8%82%E6%A6%8E1%E4%B8%81%E7%9B%AE1%E7%95%AA3%E5%8F%B7%20%E3%82%A4%E3%82%AA%E3%83%B3%E3%82%80%E3%81%95%E3%81%97%E6%9D%91%E5%B1%B1%E5%BA%973%E9%9A%8E,2026-10-08,https://dcd.aikatsu.com/encore/pdf/shoplist.pdf,官方列出的設置店；未逐店確認現場稼動、台數與卡片庫存。地址定位尚未逐點核對。
モーリーファンタジー日の出店,日本 東京都西多摩郡日の出町大字平井字三吉野桜木237番3 イオン日の出店3階,東京都,關東,070-3100-4563,https://www.google.com/maps/search/?api=1&query=%E3%83%A2%E3%83%BC%E3%83%AA%E3%83%BC%E3%83%95%E3%82%A1%E3%83%B3%E3%82%BF%E3%82%B8%E3%83%BC%E6%97%A5%E3%81%AE%E5%87%BA%E5%BA%97%20%E6%9D%B1%E4%BA%AC%E9%83%BD%E8%A5%BF%E5%A4%9A%E6%91%A9%E9%83%A1%E6%97%A5%E3%81%AE%E5%87%BA%E7%94%BA%E5%A4%A7%E5%AD%97%E5%B9%B3%E4%BA%95%E5%AD%97%E4%B8%89%E5%90%89%E9%87%8E%E6%A1%9C%E6%9C%A8237%E7%95%AA3%20%E3%82%A4%E3%82%AA%E3%83%B3%E6%97%A5%E3%81%AE%E5%87%BA%E5%BA%973%E9%9A%8E,2026-10-08,https://dcd.aikatsu.com/encore/pdf/shoplist.pdf,官方列出的設置店；未逐店確認現場稼動、台數與卡片庫存。地址定位尚未逐點核對。
モーリーファンタジー東久留米店,日本 東京都東久留米市南沢5丁目17 イオン東久留米店3階,東京都,關東,070-3100-4251,https://www.google.com/maps/search/?api=1&query=%E3%83%A2%E3%83%BC%E3%83%AA%E3%83%BC%E3%83%95%E3%82%A1%E3%83%B3%E3%82%BF%E3%82%B8%E3%83%BC%E6%9D%B1%E4%B9%85%E7%95%99%E7%B1%B3%E5%BA%97%20%E6%9D%B1%E4%BA%AC%E9%83%BD%E6%9D%B1%E4%B9%85%E7%95%99%E7%B1%B3%E5%B8%82%E5%8D%97%E6%B2%A25%E4%B8%81%E7%9B%AE17%20%E3%82%A4%E3%82%AA%E3%83%B3%E6%9D%B1%E4%B9%85%E7%95%99%E7%B1%B3%E5%BA%973%E9%9A%8E,2026-10-08,https://dcd.aikatsu.com/encore/pdf/shoplist.pdf,官方列出的設置店；未逐店確認現場稼動、台數與卡片庫存。地址定位尚未逐點核對。
モーリーファンタジー多摩平の森店,日本 東京都日野市多摩平2丁目4番1 イオンモール多摩平の森3階,東京都,關東,070-3100-4226,https://www.google.com/maps/search/?api=1&query=%E3%83%A2%E3%83%BC%E3%83%AA%E3%83%BC%E3%83%95%E3%82%A1%E3%83%B3%E3%82%BF%E3%82%B8%E3%83%BC%E5%A4%9A%E6%91%A9%E5%B9%B3%E3%81%AE%E6%A3%AE%E5%BA%97%20%E6%9D%B1%E4%BA%AC%E9%83%BD%E6%97%A5%E9%87%8E%E5%B8%82%E5%A4%9A%E6%91%A9%E5%B9%B32%E4%B8%81%E7%9B%AE4%E7%95%AA1%20%E3%82%A4%E3%82%AA%E3%83%B3%E3%83%A2%E3%83%BC%E3%83%AB%E5%A4%9A%E6%91%A9%E5%B9%B3%E3%81%AE%E6%A3%AE3%E9%9A%8E,2026-10-08,https://dcd.aikatsu.com/encore/pdf/shoplist.pdf,官方列出的設置店；未逐店確認現場稼動、台數與卡片庫存。地址定位尚未逐點核對。
モーリーファンタジークルネ店,日本 東京都東久留米市野火止１丁目３-３ クルネ1階,東京都,關東,070-3100-4120,https://www.google.com/maps/search/?api=1&query=%E3%83%A2%E3%83%BC%E3%83%AA%E3%83%BC%E3%83%95%E3%82%A1%E3%83%B3%E3%82%BF%E3%82%B8%E3%83%BC%E3%82%AF%E3%83%AB%E3%83%8D%E5%BA%97%20%E6%9D%B1%E4%BA%AC%E9%83%BD%E6%9D%B1%E4%B9%85%E7%95%99%E7%B1%B3%E5%B8%82%E9%87%8E%E7%81%AB%E6%AD%A2%EF%BC%91%E4%B8%81%E7%9B%AE%EF%BC%93-%EF%BC%93%20%E3%82%AF%E3%83%AB%E3%83%8D1%E9%9A%8E,2026-10-08,https://dcd.aikatsu.com/encore/pdf/shoplist.pdf,官方列出的設置店；未逐店確認現場稼動、台數與卡片庫存。地址定位尚未逐點核對。
モーリーファンタジー東雲店,日本 東京都江東区東雲1丁目9-10 イオン東雲2階,東京都,關東,080-7026-8638,https://www.google.com/maps/search/?api=1&query=%E3%83%A2%E3%83%BC%E3%83%AA%E3%83%BC%E3%83%95%E3%82%A1%E3%83%B3%E3%82%BF%E3%82%B8%E3%83%BC%E6%9D%B1%E9%9B%B2%E5%BA%97%20%E6%9D%B1%E4%BA%AC%E9%83%BD%E6%B1%9F%E6%9D%B1%E5%8C%BA%E6%9D%B1%E9%9B%B21%E4%B8%81%E7%9B%AE9-10%20%E3%82%A4%E3%82%AA%E3%83%B3%E6%9D%B1%E9%9B%B22%E9%9A%8E,2026-10-08,https://dcd.aikatsu.com/encore/pdf/shoplist.pdf,官方列出的設置店；未逐店確認現場稼動、台數與卡片庫存。地址定位尚未逐點核對。
PRIZE SPOT PALOグリナード永山店,日本 東京都多摩市永山1-4 グリナード永山3階,東京都,關東,080-4886-2782,https://www.google.com/maps/search/?api=1&query=PRIZE%20SPOT%20PALO%E3%82%B0%E3%83%AA%E3%83%8A%E3%83%BC%E3%83%89%E6%B0%B8%E5%B1%B1%E5%BA%97%20%E6%9D%B1%E4%BA%AC%E9%83%BD%E5%A4%9A%E6%91%A9%E5%B8%82%E6%B0%B8%E5%B1%B11-4%20%E3%82%B0%E3%83%AA%E3%83%8A%E3%83%BC%E3%83%89%E6%B0%B8%E5%B1%B13%E9%9A%8E,2026-10-08,https://dcd.aikatsu.com/encore/pdf/shoplist.pdf,官方列出的設置店；未逐店確認現場稼動、台數與卡片庫存。地址定位尚未逐點核對。
クレーン横丁 八王子店,日本 東京都八王子市東町11-3 八王子センチュリーステーションビル1階,東京都,關東,070-3100-6086,https://www.google.com/maps/search/?api=1&query=%E3%82%AF%E3%83%AC%E3%83%BC%E3%83%B3%E6%A8%AA%E4%B8%81%20%E5%85%AB%E7%8E%8B%E5%AD%90%E5%BA%97%20%E6%9D%B1%E4%BA%AC%E9%83%BD%E5%85%AB%E7%8E%8B%E5%AD%90%E5%B8%82%E6%9D%B1%E7%94%BA11-3%20%E5%85%AB%E7%8E%8B%E5%AD%90%E3%82%BB%E3%83%B3%E3%83%81%E3%83%A5%E3%83%AA%E3%83%BC%E3%82%B9%E3%83%86%E3%83%BC%E3%82%B7%E3%83%A7%E3%83%B3%E3%83%93%E3%83%AB1%E9%9A%8E,2026-10-08,https://dcd.aikatsu.com/encore/pdf/shoplist.pdf,官方列出的設置店；未逐店確認現場稼動、台數與卡片庫存。地址定位尚未逐點核對。
PRIZE SPOT PALO LIVIN田無店,日本 東京都西東京市田無町2-1-1 西友1階,東京都,關東,080-7301-3074,https://www.google.com/maps/search/?api=1&query=PRIZE%20SPOT%20PALO%20LIVIN%E7%94%B0%E7%84%A1%E5%BA%97%20%E6%9D%B1%E4%BA%AC%E9%83%BD%E8%A5%BF%E6%9D%B1%E4%BA%AC%E5%B8%82%E7%94%B0%E7%84%A1%E7%94%BA2-1-1%20%E8%A5%BF%E5%8F%8B1%E9%9A%8E,2026-10-08,https://dcd.aikatsu.com/encore/pdf/shoplist.pdf,官方列出的設置店；未逐店確認現場稼動、台數與卡片庫存。地址定位尚未逐點核對。
モーリーファンタジー板橋店,日本 東京都板橋区徳丸2丁目6番地1 イオン板橋店3階,東京都,關東,070-3100-4168,https://www.google.com/maps/search/?api=1&query=%E3%83%A2%E3%83%BC%E3%83%AA%E3%83%BC%E3%83%95%E3%82%A1%E3%83%B3%E3%82%BF%E3%82%B8%E3%83%BC%E6%9D%BF%E6%A9%8B%E5%BA%97%20%E6%9D%B1%E4%BA%AC%E9%83%BD%E6%9D%BF%E6%A9%8B%E5%8C%BA%E5%BE%B3%E4%B8%B82%E4%B8%81%E7%9B%AE6%E7%95%AA%E5%9C%B01%20%E3%82%A4%E3%82%AA%E3%83%B3%E6%9D%BF%E6%A9%8B%E5%BA%973%E9%9A%8E,2026-10-08,https://dcd.aikatsu.com/encore/pdf/shoplist.pdf,官方列出的設置店；未逐店確認現場稼動、台數與卡片庫存。地址定位尚未逐點核對。
モーリーファンタジー小平店,日本 東京都小平市小川東町2-12-1 ダイエー小平店2階,東京都,關東,070-3100-5582,https://www.google.com/maps/search/?api=1&query=%E3%83%A2%E3%83%BC%E3%83%AA%E3%83%BC%E3%83%95%E3%82%A1%E3%83%B3%E3%82%BF%E3%82%B8%E3%83%BC%E5%B0%8F%E5%B9%B3%E5%BA%97%20%E6%9D%B1%E4%BA%AC%E9%83%BD%E5%B0%8F%E5%B9%B3%E5%B8%82%E5%B0%8F%E5%B7%9D%E6%9D%B1%E7%94%BA2-12-1%20%E3%83%80%E3%82%A4%E3%82%A8%E3%83%BC%E5%B0%8F%E5%B9%B3%E5%BA%972%E9%9A%8E,2026-10-08,https://dcd.aikatsu.com/encore/pdf/shoplist.pdf,官方列出的設置店；未逐店確認現場稼動、台數與卡片庫存。地址定位尚未逐點核對。
イトーヨーカドー大森店,日本 東京都大田区大森北２－１３－１,東京都,關東,03-5762-0111,https://www.google.com/maps/search/?api=1&query=%E3%82%A4%E3%83%88%E3%83%BC%E3%83%A8%E3%83%BC%E3%82%AB%E3%83%89%E3%83%BC%E5%A4%A7%E6%A3%AE%E5%BA%97%20%E6%9D%B1%E4%BA%AC%E9%83%BD%E5%A4%A7%E7%94%B0%E5%8C%BA%E5%A4%A7%E6%A3%AE%E5%8C%97%EF%BC%92%EF%BC%8D%EF%BC%91%EF%BC%93%EF%BC%8D%EF%BC%91,2026-10-08,https://dcd.aikatsu.com/encore/pdf/shoplist.pdf,官方列出的設置店；未逐店確認現場稼動、台數與卡片庫存。地址定位尚未逐點核對。
ＬＡＢＩ品川大井町,日本 東京都品川区東大井５－２０－１,東京都,關東,03-5479-7600,https://www.google.com/maps/search/?api=1&query=%EF%BC%AC%EF%BC%A1%EF%BC%A2%EF%BC%A9%E5%93%81%E5%B7%9D%E5%A4%A7%E4%BA%95%E7%94%BA%20%E6%9D%B1%E4%BA%AC%E9%83%BD%E5%93%81%E5%B7%9D%E5%8C%BA%E6%9D%B1%E5%A4%A7%E4%BA%95%EF%BC%95%EF%BC%8D%EF%BC%92%EF%BC%90%EF%BC%8D%EF%BC%91,2026-10-08,https://dcd.aikatsu.com/encore/pdf/shoplist.pdf,官方列出的設置店；未逐店確認現場稼動、台數與卡片庫存。地址定位尚未逐點核對。
ＬＡＢＩ自由が丘,日本 東京都東京都目黒区緑が丘２－１７－９,東京都,關東,03-5731-7255,https://www.google.com/maps/search/?api=1&query=%EF%BC%AC%EF%BC%A1%EF%BC%A2%EF%BC%A9%E8%87%AA%E7%94%B1%E3%81%8C%E4%B8%98%20%E6%9D%B1%E4%BA%AC%E9%83%BD%E6%9D%B1%E4%BA%AC%E9%83%BD%E7%9B%AE%E9%BB%92%E5%8C%BA%E7%B7%91%E3%81%8C%E4%B8%98%EF%BC%92%EF%BC%8D%EF%BC%91%EF%BC%97%EF%BC%8D%EF%BC%99,2026-10-08,https://dcd.aikatsu.com/encore/pdf/shoplist.pdf,官方列出的設置店；未逐店確認現場稼動、台數與卡片庫存。地址定位尚未逐點核對。
博品館ＴＯＹＰＡＲＫ銀座本店,日本 東京都中央区銀座８－８－１１,東京都,關東,03-3571-8008,https://www.google.com/maps/search/?api=1&query=%E5%8D%9A%E5%93%81%E9%A4%A8%EF%BC%B4%EF%BC%AF%EF%BC%B9%EF%BC%B0%EF%BC%A1%EF%BC%B2%EF%BC%AB%E9%8A%80%E5%BA%A7%E6%9C%AC%E5%BA%97%20%E6%9D%B1%E4%BA%AC%E9%83%BD%E4%B8%AD%E5%A4%AE%E5%8C%BA%E9%8A%80%E5%BA%A7%EF%BC%98%EF%BC%8D%EF%BC%98%EF%BC%8D%EF%BC%91%EF%BC%91,2026-10-08,https://dcd.aikatsu.com/encore/pdf/shoplist.pdf,官方列出的設置店；未逐店確認現場稼動、台數與卡片庫存。地址定位尚未逐點核對。
ビックカメラ赤坂見附駅店,日本 東京都港区赤坂３－１－６,東京都,關東,03-6230-1111,https://www.google.com/maps/search/?api=1&query=%E3%83%93%E3%83%83%E3%82%AF%E3%82%AB%E3%83%A1%E3%83%A9%E8%B5%A4%E5%9D%82%E8%A6%8B%E9%99%84%E9%A7%85%E5%BA%97%20%E6%9D%B1%E4%BA%AC%E9%83%BD%E6%B8%AF%E5%8C%BA%E8%B5%A4%E5%9D%82%EF%BC%93%EF%BC%8D%EF%BC%91%EF%BC%8D%EF%BC%96,2026-10-08,https://dcd.aikatsu.com/encore/pdf/shoplist.pdf,官方列出的設置店；未逐店確認現場稼動、台數與卡片庫存。地址定位尚未逐點核對。
ＬＡＢＩ渋谷,日本 東京都渋谷区道玄坂２－９－２０,東京都,關東,03-5456-6300,https://www.google.com/maps/search/?api=1&query=%EF%BC%AC%EF%BC%A1%EF%BC%A2%EF%BC%A9%E6%B8%8B%E8%B0%B7%20%E6%9D%B1%E4%BA%AC%E9%83%BD%E6%B8%8B%E8%B0%B7%E5%8C%BA%E9%81%93%E7%8E%84%E5%9D%82%EF%BC%92%EF%BC%8D%EF%BC%99%EF%BC%8D%EF%BC%92%EF%BC%90,2026-10-08,https://dcd.aikatsu.com/encore/pdf/shoplist.pdf,官方列出的設置店；未逐店確認現場稼動、台數與卡片庫存。地址定位尚未逐點核對。
ヨドバシカメラ新宿西口本店,日本 東京都新宿区西新宿１－１１－１ ゲーム・ホビー館,東京都,關東,03-3346-1010,https://www.google.com/maps/search/?api=1&query=%E3%83%A8%E3%83%89%E3%83%90%E3%82%B7%E3%82%AB%E3%83%A1%E3%83%A9%E6%96%B0%E5%AE%BF%E8%A5%BF%E5%8F%A3%E6%9C%AC%E5%BA%97%20%E6%9D%B1%E4%BA%AC%E9%83%BD%E6%96%B0%E5%AE%BF%E5%8C%BA%E8%A5%BF%E6%96%B0%E5%AE%BF%EF%BC%91%EF%BC%8D%EF%BC%91%EF%BC%91%EF%BC%8D%EF%BC%91%20%E3%82%B2%E3%83%BC%E3%83%A0%E3%83%BB%E3%83%9B%E3%83%93%E3%83%BC%E9%A4%A8,2026-10-08,https://dcd.aikatsu.com/encore/pdf/shoplist.pdf,官方列出的設置店；未逐店確認現場稼動、台數與卡片庫存。地址定位尚未逐點核對。
ＬＡＢＩ新宿西口館,日本 東京都新宿区西新宿１－１８－８,東京都,關東,03-5339-0511,https://www.google.com/maps/search/?api=1&query=%EF%BC%AC%EF%BC%A1%EF%BC%A2%EF%BC%A9%E6%96%B0%E5%AE%BF%E8%A5%BF%E5%8F%A3%E9%A4%A8%20%E6%9D%B1%E4%BA%AC%E9%83%BD%E6%96%B0%E5%AE%BF%E5%8C%BA%E8%A5%BF%E6%96%B0%E5%AE%BF%EF%BC%91%EF%BC%8D%EF%BC%91%EF%BC%98%EF%BC%8D%EF%BC%98,2026-10-08,https://dcd.aikatsu.com/encore/pdf/shoplist.pdf,官方列出的設置店；未逐店確認現場稼動、台數與卡片庫存。地址定位尚未逐點核對。
ビックカメラ新宿東口店,日本 東京都新宿区新宿３－２９－１,東京都,關東,03-3226-1111,https://www.google.com/maps/search/?api=1&query=%E3%83%93%E3%83%83%E3%82%AF%E3%82%AB%E3%83%A1%E3%83%A9%E6%96%B0%E5%AE%BF%E6%9D%B1%E5%8F%A3%E5%BA%97%20%E6%9D%B1%E4%BA%AC%E9%83%BD%E6%96%B0%E5%AE%BF%E5%8C%BA%E6%96%B0%E5%AE%BF%EF%BC%93%EF%BC%8D%EF%BC%92%EF%BC%99%EF%BC%8D%EF%BC%91,2026-10-08,https://dcd.aikatsu.com/encore/pdf/shoplist.pdf,官方列出的設置店；未逐店確認現場稼動、台數與卡片庫存。地址定位尚未逐點核對。
ヨドバシカメラ マルチメディア上野,日本 東京都台東区上野４－１０－１０ マルチメディア上野２号店,東京都,關東,03-3837-1010,https://www.google.com/maps/search/?api=1&query=%E3%83%A8%E3%83%89%E3%83%90%E3%82%B7%E3%82%AB%E3%83%A1%E3%83%A9%20%E3%83%9E%E3%83%AB%E3%83%81%E3%83%A1%E3%83%87%E3%82%A3%E3%82%A2%E4%B8%8A%E9%87%8E%20%E6%9D%B1%E4%BA%AC%E9%83%BD%E5%8F%B0%E6%9D%B1%E5%8C%BA%E4%B8%8A%E9%87%8E%EF%BC%94%EF%BC%8D%EF%BC%91%EF%BC%90%EF%BC%8D%EF%BC%91%EF%BC%90%20%E3%83%9E%E3%83%AB%E3%83%81%E3%83%A1%E3%83%87%E3%82%A3%E3%82%A2%E4%B8%8A%E9%87%8E%EF%BC%92%E5%8F%B7%E5%BA%97,2026-10-08,https://dcd.aikatsu.com/encore/pdf/shoplist.pdf,官方列出的設置店；未逐店確認現場稼動、台數與卡片庫存。地址定位尚未逐點核對。
ビックカメラ池袋本店,日本 東京都豊島区東池袋１－４１－５,東京都,關東,03-5396-1111,https://www.google.com/maps/search/?api=1&query=%E3%83%93%E3%83%83%E3%82%AF%E3%82%AB%E3%83%A1%E3%83%A9%E6%B1%A0%E8%A2%8B%E6%9C%AC%E5%BA%97%20%E6%9D%B1%E4%BA%AC%E9%83%BD%E8%B1%8A%E5%B3%B6%E5%8C%BA%E6%9D%B1%E6%B1%A0%E8%A2%8B%EF%BC%91%EF%BC%8D%EF%BC%94%EF%BC%91%EF%BC%8D%EF%BC%95,2026-10-08,https://dcd.aikatsu.com/encore/pdf/shoplist.pdf,官方列出的設置店；未逐店確認現場稼動、台數與卡片庫存。地址定位尚未逐點核對。
ヨドバシカメラ マルチメディア池袋,日本 東京都豊島区南池袋1-28-1 ヨドバシカメラ池袋店 5階玩具売場,東京都,關東,03-5951-1010,https://www.google.com/maps/search/?api=1&query=%E3%83%A8%E3%83%89%E3%83%90%E3%82%B7%E3%82%AB%E3%83%A1%E3%83%A9%20%E3%83%9E%E3%83%AB%E3%83%81%E3%83%A1%E3%83%87%E3%82%A3%E3%82%A2%E6%B1%A0%E8%A2%8B%20%E6%9D%B1%E4%BA%AC%E9%83%BD%E8%B1%8A%E5%B3%B6%E5%8C%BA%E5%8D%97%E6%B1%A0%E8%A2%8B1-28-1%20%E3%83%A8%E3%83%89%E3%83%90%E3%82%B7%E3%82%AB%E3%83%A1%E3%83%A9%E6%B1%A0%E8%A2%8B%E5%BA%97%205%E9%9A%8E%E7%8E%A9%E5%85%B7%E5%A3%B2%E5%A0%B4,2026-10-08,https://dcd.aikatsu.com/encore/pdf/shoplist.pdf,官方列出的設置店；未逐店確認現場稼動、台數與卡片庫存。地址定位尚未逐點核對。
イトーヨーカドーアリオ北砂店,日本 東京都江東区北砂２－１７,東京都,關東,03-3640-7111,https://www.google.com/maps/search/?api=1&query=%E3%82%A4%E3%83%88%E3%83%BC%E3%83%A8%E3%83%BC%E3%82%AB%E3%83%89%E3%83%BC%E3%82%A2%E3%83%AA%E3%82%AA%E5%8C%97%E7%A0%82%E5%BA%97%20%E6%9D%B1%E4%BA%AC%E9%83%BD%E6%B1%9F%E6%9D%B1%E5%8C%BA%E5%8C%97%E7%A0%82%EF%BC%92%EF%BC%8D%EF%BC%91%EF%BC%97,2026-10-08,https://dcd.aikatsu.com/encore/pdf/shoplist.pdf,官方列出的設置店；未逐店確認現場稼動、台數與卡片庫存。地址定位尚未逐點核對。
ヨドバシカメラ マルチメディア錦糸町,日本 東京都墨田区江東橋３－１４－５ 錦糸町ステーションビルテルミナ２Ｆ,東京都,關東,03-3632-1010,https://www.google.com/maps/search/?api=1&query=%E3%83%A8%E3%83%89%E3%83%90%E3%82%B7%E3%82%AB%E3%83%A1%E3%83%A9%20%E3%83%9E%E3%83%AB%E3%83%81%E3%83%A1%E3%83%87%E3%82%A3%E3%82%A2%E9%8C%A6%E7%B3%B8%E7%94%BA%20%E6%9D%B1%E4%BA%AC%E9%83%BD%E5%A2%A8%E7%94%B0%E5%8C%BA%E6%B1%9F%E6%9D%B1%E6%A9%8B%EF%BC%93%EF%BC%8D%EF%BC%91%EF%BC%94%EF%BC%8D%EF%BC%95%20%E9%8C%A6%E7%B3%B8%E7%94%BA%E3%82%B9%E3%83%86%E3%83%BC%E3%82%B7%E3%83%A7%E3%83%B3%E3%83%93%E3%83%AB%E3%83%86%E3%83%AB%E3%83%9F%E3%83%8A%EF%BC%92%EF%BC%A6,2026-10-08,https://dcd.aikatsu.com/encore/pdf/shoplist.pdf,官方列出的設置店；未逐店確認現場稼動、台數與卡片庫存。地址定位尚未逐點核對。
イトーヨーカドーアリオ西新井店,日本 東京都足立区西新井栄町１－２０－１,東京都,關東,03-3852-9111,https://www.google.com/maps/search/?api=1&query=%E3%82%A4%E3%83%88%E3%83%BC%E3%83%A8%E3%83%BC%E3%82%AB%E3%83%89%E3%83%BC%E3%82%A2%E3%83%AA%E3%82%AA%E8%A5%BF%E6%96%B0%E4%BA%95%E5%BA%97%20%E6%9D%B1%E4%BA%AC%E9%83%BD%E8%B6%B3%E7%AB%8B%E5%8C%BA%E8%A5%BF%E6%96%B0%E4%BA%95%E6%A0%84%E7%94%BA%EF%BC%91%EF%BC%8D%EF%BC%92%EF%BC%90%EF%BC%8D%EF%BC%91,2026-10-08,https://dcd.aikatsu.com/encore/pdf/shoplist.pdf,官方列出的設置店；未逐店確認現場稼動、台數與卡片庫存。地址定位尚未逐點核對。
イトーヨーカドー赤羽店,日本 東京都北区赤羽西１－７－１,東京都,關東,03-3905-5111,https://www.google.com/maps/search/?api=1&query=%E3%82%A4%E3%83%88%E3%83%BC%E3%83%A8%E3%83%BC%E3%82%AB%E3%83%89%E3%83%BC%E8%B5%A4%E7%BE%BD%E5%BA%97%20%E6%9D%B1%E4%BA%AC%E9%83%BD%E5%8C%97%E5%8C%BA%E8%B5%A4%E7%BE%BD%E8%A5%BF%EF%BC%91%EF%BC%8D%EF%BC%97%EF%BC%8D%EF%BC%91,2026-10-08,https://dcd.aikatsu.com/encore/pdf/shoplist.pdf,官方列出的設置店；未逐店確認現場稼動、台數與卡片庫存。地址定位尚未逐點核對。
イトーヨーカドーアリオ葛西店,日本 東京都江戸川区東葛西９－３－３,東京都,關東,03-5675-1011,https://www.google.com/maps/search/?api=1&query=%E3%82%A4%E3%83%88%E3%83%BC%E3%83%A8%E3%83%BC%E3%82%AB%E3%83%89%E3%83%BC%E3%82%A2%E3%83%AA%E3%82%AA%E8%91%9B%E8%A5%BF%E5%BA%97%20%E6%9D%B1%E4%BA%AC%E9%83%BD%E6%B1%9F%E6%88%B8%E5%B7%9D%E5%8C%BA%E6%9D%B1%E8%91%9B%E8%A5%BF%EF%BC%99%EF%BC%8D%EF%BC%93%EF%BC%8D%EF%BC%93,2026-10-08,https://dcd.aikatsu.com/encore/pdf/shoplist.pdf,官方列出的設置店；未逐店確認現場稼動、台數與卡片庫存。地址定位尚未逐點核對。
ドン・キホーテラパーク瑞江,日本 東京都江戸川区瑞江２－１－２,東京都,關東,03-3698-3810,https://www.google.com/maps/search/?api=1&query=%E3%83%89%E3%83%B3%E3%83%BB%E3%82%AD%E3%83%9B%E3%83%BC%E3%83%86%E3%83%A9%E3%83%91%E3%83%BC%E3%82%AF%E7%91%9E%E6%B1%9F%20%E6%9D%B1%E4%BA%AC%E9%83%BD%E6%B1%9F%E6%88%B8%E5%B7%9D%E5%8C%BA%E7%91%9E%E6%B1%9F%EF%BC%92%EF%BC%8D%EF%BC%91%EF%BC%8D%EF%BC%92,2026-10-08,https://dcd.aikatsu.com/encore/pdf/shoplist.pdf,官方列出的設置店；未逐店確認現場稼動、台數與卡片庫存。地址定位尚未逐點核對。
イトーヨーカドーアリオ亀有店,日本 東京都葛飾区亀有３－４９－３,東京都,關東,03-3838-5111,https://www.google.com/maps/search/?api=1&query=%E3%82%A4%E3%83%88%E3%83%BC%E3%83%A8%E3%83%BC%E3%82%AB%E3%83%89%E3%83%BC%E3%82%A2%E3%83%AA%E3%82%AA%E4%BA%80%E6%9C%89%E5%BA%97%20%E6%9D%B1%E4%BA%AC%E9%83%BD%E8%91%9B%E9%A3%BE%E5%8C%BA%E4%BA%80%E6%9C%89%EF%BC%93%EF%BC%8D%EF%BC%94%EF%BC%99%EF%BC%8D%EF%BC%93,2026-10-08,https://dcd.aikatsu.com/encore/pdf/shoplist.pdf,官方列出的設置店；未逐店確認現場稼動、台數與卡片庫存。地址定位尚未逐點核對。
ヨドバシカメラ マルチメディア町田,日本 東京都町田市原町田１－１－１１,東京都,關東,042-721-1010,https://www.google.com/maps/search/?api=1&query=%E3%83%A8%E3%83%89%E3%83%90%E3%82%B7%E3%82%AB%E3%83%A1%E3%83%A9%20%E3%83%9E%E3%83%AB%E3%83%81%E3%83%A1%E3%83%87%E3%82%A3%E3%82%A2%E7%94%BA%E7%94%B0%20%E6%9D%B1%E4%BA%AC%E9%83%BD%E7%94%BA%E7%94%B0%E5%B8%82%E5%8E%9F%E7%94%BA%E7%94%B0%EF%BC%91%EF%BC%8D%EF%BC%91%EF%BC%8D%EF%BC%91%EF%BC%91,2026-10-08,https://dcd.aikatsu.com/encore/pdf/shoplist.pdf,官方列出的設置店；未逐店確認現場稼動、台數與卡片庫存。地址定位尚未逐點核對。
ビックカメラ立川店,日本 東京都立川市曙町２－１２－２,東京都,關東,042-548-1111,https://www.google.com/maps/search/?api=1&query=%E3%83%93%E3%83%83%E3%82%AF%E3%82%AB%E3%83%A1%E3%83%A9%E7%AB%8B%E5%B7%9D%E5%BA%97%20%E6%9D%B1%E4%BA%AC%E9%83%BD%E7%AB%8B%E5%B7%9D%E5%B8%82%E6%9B%99%E7%94%BA%EF%BC%92%EF%BC%8D%EF%BC%91%EF%BC%92%EF%BC%8D%EF%BC%92,2026-10-08,https://dcd.aikatsu.com/encore/pdf/shoplist.pdf,官方列出的設置店；未逐店確認現場稼動、台數與卡片庫存。地址定位尚未逐點核對。
ヨドバシカメラ八王子,日本 東京都八王子市東町７－４,東京都,關東,0426-43-1010,https://www.google.com/maps/search/?api=1&query=%E3%83%A8%E3%83%89%E3%83%90%E3%82%B7%E3%82%AB%E3%83%A1%E3%83%A9%E5%85%AB%E7%8E%8B%E5%AD%90%20%E6%9D%B1%E4%BA%AC%E9%83%BD%E5%85%AB%E7%8E%8B%E5%AD%90%E5%B8%82%E6%9D%B1%E7%94%BA%EF%BC%97%EF%BC%8D%EF%BC%94,2026-10-08,https://dcd.aikatsu.com/encore/pdf/shoplist.pdf,官方列出的設置店；未逐店確認現場稼動、台數與卡片庫存。地址定位尚未逐點核對。
ドン･キホーテ八王子駅前,日本 東京都八王子市中町１－３,東京都,關東,042-646-3810,https://www.google.com/maps/search/?api=1&query=%E3%83%89%E3%83%B3%EF%BD%A5%E3%82%AD%E3%83%9B%E3%83%BC%E3%83%86%E5%85%AB%E7%8E%8B%E5%AD%90%E9%A7%85%E5%89%8D%20%E6%9D%B1%E4%BA%AC%E9%83%BD%E5%85%AB%E7%8E%8B%E5%AD%90%E5%B8%82%E4%B8%AD%E7%94%BA%EF%BC%91%EF%BC%8D%EF%BC%93,2026-10-08,https://dcd.aikatsu.com/encore/pdf/shoplist.pdf,官方列出的設置店；未逐店確認現場稼動、台數與卡片庫存。地址定位尚未逐點核對。
ビックカメラＪＲ八王子駅店,日本 東京都八王子市旭町１－１７,東京都,關東,042-646-1111,https://www.google.com/maps/search/?api=1&query=%E3%83%93%E3%83%83%E3%82%AF%E3%82%AB%E3%83%A1%E3%83%A9%EF%BC%AA%EF%BC%B2%E5%85%AB%E7%8E%8B%E5%AD%90%E9%A7%85%E5%BA%97%20%E6%9D%B1%E4%BA%AC%E9%83%BD%E5%85%AB%E7%8E%8B%E5%AD%90%E5%B8%82%E6%97%AD%E7%94%BA%EF%BC%91%EF%BC%8D%EF%BC%91%EF%BC%97,2026-10-08,https://dcd.aikatsu.com/encore/pdf/shoplist.pdf,官方列出的設置店；未逐店確認現場稼動、台數與卡片庫存。地址定位尚未逐點核對。
イトーヨーカドー多摩センター店,日本 東京都多摩市落合１－４４,東京都,關東,0423-74-6111,https://www.google.com/maps/search/?api=1&query=%E3%82%A4%E3%83%88%E3%83%BC%E3%83%A8%E3%83%BC%E3%82%AB%E3%83%89%E3%83%BC%E5%A4%9A%E6%91%A9%E3%82%BB%E3%83%B3%E3%82%BF%E3%83%BC%E5%BA%97%20%E6%9D%B1%E4%BA%AC%E9%83%BD%E5%A4%9A%E6%91%A9%E5%B8%82%E8%90%BD%E5%90%88%EF%BC%91%EF%BC%8D%EF%BC%94%EF%BC%94,2026-10-08,https://dcd.aikatsu.com/encore/pdf/shoplist.pdf,官方列出的設置店；未逐店確認現場稼動、台數與卡片庫存。地址定位尚未逐點核對。
テックランド聖蹟桜ヶ丘店,日本 東京都多摩市関戸4丁目72番地,東京都,關東,042-400-5501,https://www.google.com/maps/search/?api=1&query=%E3%83%86%E3%83%83%E3%82%AF%E3%83%A9%E3%83%B3%E3%83%89%E8%81%96%E8%B9%9F%E6%A1%9C%E3%83%B6%E4%B8%98%E5%BA%97%20%E6%9D%B1%E4%BA%AC%E9%83%BD%E5%A4%9A%E6%91%A9%E5%B8%82%E9%96%A2%E6%88%B84%E4%B8%81%E7%9B%AE72%E7%95%AA%E5%9C%B0,2026-10-08,https://dcd.aikatsu.com/encore/pdf/shoplist.pdf,官方列出的設置店；未逐店確認現場稼動、台數與卡片庫存。地址定位尚未逐點核對。
イトーヨーカドー国領店,日本 東京都調布市国領町８－２－６４,東京都,關東,03-3430-2111,https://www.google.com/maps/search/?api=1&query=%E3%82%A4%E3%83%88%E3%83%BC%E3%83%A8%E3%83%BC%E3%82%AB%E3%83%89%E3%83%BC%E5%9B%BD%E9%A0%98%E5%BA%97%20%E6%9D%B1%E4%BA%AC%E9%83%BD%E8%AA%BF%E5%B8%83%E5%B8%82%E5%9B%BD%E9%A0%98%E7%94%BA%EF%BC%98%EF%BC%8D%EF%BC%92%EF%BC%8D%EF%BC%96%EF%BC%94,2026-10-08,https://dcd.aikatsu.com/encore/pdf/shoplist.pdf,官方列出的設置店；未逐店確認現場稼動、台數與卡片庫存。地址定位尚未逐點核對。
ビックカメラ京王調布店,日本 東京都調布市小島町２－４８－６ トリエ京王調布Ｂ館,東京都,關東,042-444-1111,https://www.google.com/maps/search/?api=1&query=%E3%83%93%E3%83%83%E3%82%AF%E3%82%AB%E3%83%A1%E3%83%A9%E4%BA%AC%E7%8E%8B%E8%AA%BF%E5%B8%83%E5%BA%97%20%E6%9D%B1%E4%BA%AC%E9%83%BD%E8%AA%BF%E5%B8%83%E5%B8%82%E5%B0%8F%E5%B3%B6%E7%94%BA%EF%BC%92%EF%BC%8D%EF%BC%94%EF%BC%98%EF%BC%8D%EF%BC%96%20%E3%83%88%E3%83%AA%E3%82%A8%E4%BA%AC%E7%8E%8B%E8%AA%BF%E5%B8%83%EF%BC%A2%E9%A4%A8,2026-10-08,https://dcd.aikatsu.com/encore/pdf/shoplist.pdf,官方列出的設置店；未逐店確認現場稼動、台數與卡片庫存。地址定位尚未逐點核對。
ヨドバシカメラ マルチメディア吉祥寺,日本 東京都武蔵野市吉祥寺本町１－１９－１ ５Ｆ,東京都,關東,0422-29-1010,https://www.google.com/maps/search/?api=1&query=%E3%83%A8%E3%83%89%E3%83%90%E3%82%B7%E3%82%AB%E3%83%A1%E3%83%A9%20%E3%83%9E%E3%83%AB%E3%83%81%E3%83%A1%E3%83%87%E3%82%A3%E3%82%A2%E5%90%89%E7%A5%A5%E5%AF%BA%20%E6%9D%B1%E4%BA%AC%E9%83%BD%E6%AD%A6%E8%94%B5%E9%87%8E%E5%B8%82%E5%90%89%E7%A5%A5%E5%AF%BA%E6%9C%AC%E7%94%BA%EF%BC%91%EF%BC%8D%EF%BC%91%EF%BC%99%EF%BC%8D%EF%BC%91%20%EF%BC%95%EF%BC%A6,2026-10-08,https://dcd.aikatsu.com/encore/pdf/shoplist.pdf,官方列出的設置店；未逐店確認現場稼動、台數與卡片庫存。地址定位尚未逐點核對。
イトーヨーカドー武蔵境店,日本 東京都武蔵野市境南町２丁目２－２０,東京都,關東,0422-31-2111,https://www.google.com/maps/search/?api=1&query=%E3%82%A4%E3%83%88%E3%83%BC%E3%83%A8%E3%83%BC%E3%82%AB%E3%83%89%E3%83%BC%E6%AD%A6%E8%94%B5%E5%A2%83%E5%BA%97%20%E6%9D%B1%E4%BA%AC%E9%83%BD%E6%AD%A6%E8%94%B5%E9%87%8E%E5%B8%82%E5%A2%83%E5%8D%97%E7%94%BA%EF%BC%92%E4%B8%81%E7%9B%AE%EF%BC%92%EF%BC%8D%EF%BC%92%EF%BC%90,2026-10-08,https://dcd.aikatsu.com/encore/pdf/shoplist.pdf,官方列出的設置店；未逐店確認現場稼動、台數與卡片庫存。地址定位尚未逐點核對。
ヨドバシカメラ マルチメディアＡｋｉｂａ,日本 東京都千代田区神田花岡町１－１ ６Ｆ,東京都,關東,03-5209-1010,https://www.google.com/maps/search/?api=1&query=%E3%83%A8%E3%83%89%E3%83%90%E3%82%B7%E3%82%AB%E3%83%A1%E3%83%A9%20%E3%83%9E%E3%83%AB%E3%83%81%E3%83%A1%E3%83%87%E3%82%A3%E3%82%A2%EF%BC%A1%EF%BD%8B%EF%BD%89%EF%BD%82%EF%BD%81%20%E6%9D%B1%E4%BA%AC%E9%83%BD%E5%8D%83%E4%BB%A3%E7%94%B0%E5%8C%BA%E7%A5%9E%E7%94%B0%E8%8A%B1%E5%B2%A1%E7%94%BA%EF%BC%91%EF%BC%8D%EF%BC%91%20%EF%BC%96%EF%BC%A6,2026-10-08,https://dcd.aikatsu.com/encore/pdf/shoplist.pdf,官方列出的設置店；未逐店確認現場稼動、台數與卡片庫存。地址定位尚未逐點核對。
ビックカメラアウトレット×ソフマップ町田店,日本 東京都町田市原町田６－７－８ Tips町田１F,東京都,關東,050-3032-9888,https://www.google.com/maps/search/?api=1&query=%E3%83%93%E3%83%83%E3%82%AF%E3%82%AB%E3%83%A1%E3%83%A9%E3%82%A2%E3%82%A6%E3%83%88%E3%83%AC%E3%83%83%E3%83%88%C3%97%E3%82%BD%E3%83%95%E3%83%9E%E3%83%83%E3%83%97%E7%94%BA%E7%94%B0%E5%BA%97%20%E6%9D%B1%E4%BA%AC%E9%83%BD%E7%94%BA%E7%94%B0%E5%B8%82%E5%8E%9F%E7%94%BA%E7%94%B0%EF%BC%96%EF%BC%8D%EF%BC%97%EF%BC%8D%EF%BC%98%20Tips%E7%94%BA%E7%94%B0%EF%BC%91F,2026-10-08,https://dcd.aikatsu.com/encore/pdf/shoplist.pdf,官方列出的設置店；未逐店確認現場稼動、台數與卡片庫存。地址定位尚未逐點核對。
イトーヨーカドー木場店,日本 東京都江東区木場１－５－３０,東京都,關東,03-5606-5234,https://www.google.com/maps/search/?api=1&query=%E3%82%A4%E3%83%88%E3%83%BC%E3%83%A8%E3%83%BC%E3%82%AB%E3%83%89%E3%83%BC%E6%9C%A8%E5%A0%B4%E5%BA%97%20%E6%9D%B1%E4%BA%AC%E9%83%BD%E6%B1%9F%E6%9D%B1%E5%8C%BA%E6%9C%A8%E5%A0%B4%EF%BC%91%EF%BC%8D%EF%BC%95%EF%BC%8D%EF%BC%93%EF%BC%90,2026-10-08,https://dcd.aikatsu.com/encore/pdf/shoplist.pdf,官方列出的設置店；未逐店確認現場稼動、台數與卡片庫存。地址定位尚未逐點核對。
ビックカメラ有楽町店,日本 東京都千代田区有楽町１－１１－１,東京都,關東,03-5221-1111,https://www.google.com/maps/search/?api=1&query=%E3%83%93%E3%83%83%E3%82%AF%E3%82%AB%E3%83%A1%E3%83%A9%E6%9C%89%E6%A5%BD%E7%94%BA%E5%BA%97%20%E6%9D%B1%E4%BA%AC%E9%83%BD%E5%8D%83%E4%BB%A3%E7%94%B0%E5%8C%BA%E6%9C%89%E6%A5%BD%E7%94%BA%EF%BC%91%EF%BC%8D%EF%BC%91%EF%BC%91%EF%BC%8D%EF%BC%91,2026-10-08,https://dcd.aikatsu.com/encore/pdf/shoplist.pdf,官方列出的設置店；未逐店確認現場稼動、台數與卡片庫存。地址定位尚未逐點核對。
ユーズランド日の出店,日本 東京都西多摩郡日の出町平井字三吉野桜木237－3イオンモール日の出3階,東京都,關東,042-588-8177,https://www.google.com/maps/search/?api=1&query=%E3%83%A6%E3%83%BC%E3%82%BA%E3%83%A9%E3%83%B3%E3%83%89%E6%97%A5%E3%81%AE%E5%87%BA%E5%BA%97%20%E6%9D%B1%E4%BA%AC%E9%83%BD%E8%A5%BF%E5%A4%9A%E6%91%A9%E9%83%A1%E6%97%A5%E3%81%AE%E5%87%BA%E7%94%BA%E5%B9%B3%E4%BA%95%E5%AD%97%E4%B8%89%E5%90%89%E9%87%8E%E6%A1%9C%E6%9C%A8237%EF%BC%8D3%E3%82%A4%E3%82%AA%E3%83%B3%E3%83%A2%E3%83%BC%E3%83%AB%E6%97%A5%E3%81%AE%E5%87%BA3%E9%9A%8E,2026-10-08,https://dcd.aikatsu.com/encore/pdf/shoplist.pdf,官方列出的設置店；未逐店確認現場稼動、台數與卡片庫存。地址定位尚未逐點核對。
GiGOアメリア稲城ショッピングセンター,日本 東京都稲城市矢野口２２８４－１ アメリア稲城ＳＣ内２Ｆ,東京都,關東,070-3603-7630,https://www.google.com/maps/search/?api=1&query=GiGO%E3%82%A2%E3%83%A1%E3%83%AA%E3%82%A2%E7%A8%B2%E5%9F%8E%E3%82%B7%E3%83%A7%E3%83%83%E3%83%94%E3%83%B3%E3%82%B0%E3%82%BB%E3%83%B3%E3%82%BF%E3%83%BC%20%E6%9D%B1%E4%BA%AC%E9%83%BD%E7%A8%B2%E5%9F%8E%E5%B8%82%E7%9F%A2%E9%87%8E%E5%8F%A3%EF%BC%92%EF%BC%92%EF%BC%98%EF%BC%94%EF%BC%8D%EF%BC%91%20%E3%82%A2%E3%83%A1%E3%83%AA%E3%82%A2%E7%A8%B2%E5%9F%8E%EF%BC%B3%EF%BC%A3%E5%86%85%EF%BC%92%EF%BC%A6,2026-10-08,https://dcd.aikatsu.com/encore/pdf/shoplist.pdf,官方列出的設置店；未逐店確認現場稼動、台數與卡片庫存。地址定位尚未逐點核對。
GiGO府中,日本 東京都府中市西原町1-6-2 フレスポ府中1Ｆ・2Ｆ,東京都,關東,070-1458-7315,https://www.google.com/maps/search/?api=1&query=GiGO%E5%BA%9C%E4%B8%AD%20%E6%9D%B1%E4%BA%AC%E9%83%BD%E5%BA%9C%E4%B8%AD%E5%B8%82%E8%A5%BF%E5%8E%9F%E7%94%BA1-6-2%20%E3%83%95%E3%83%AC%E3%82%B9%E3%83%9D%E5%BA%9C%E4%B8%AD1%EF%BC%A6%E3%83%BB2%EF%BC%A6,2026-10-08,https://dcd.aikatsu.com/encore/pdf/shoplist.pdf,官方列出的設置店；未逐店確認現場稼動、台數與卡片庫存。地址定位尚未逐點核對。
GiGOラパーク瑞江,日本 東京都江戸川区瑞江2-1-2 ドン･キホーテ ラパーク瑞江店4F,東京都,關東,070-1201-3904,https://www.google.com/maps/search/?api=1&query=GiGO%E3%83%A9%E3%83%91%E3%83%BC%E3%82%AF%E7%91%9E%E6%B1%9F%20%E6%9D%B1%E4%BA%AC%E9%83%BD%E6%B1%9F%E6%88%B8%E5%B7%9D%E5%8C%BA%E7%91%9E%E6%B1%9F2-1-2%20%E3%83%89%E3%83%B3%EF%BD%A5%E3%82%AD%E3%83%9B%E3%83%BC%E3%83%86%20%E3%83%A9%E3%83%91%E3%83%BC%E3%82%AF%E7%91%9E%E6%B1%9F%E5%BA%974F,2026-10-08,https://dcd.aikatsu.com/encore/pdf/shoplist.pdf,官方列出的設置店；未逐店確認現場稼動、台數與卡片庫存。地址定位尚未逐點核對。
GiGOマルエツ新糀谷,日本 東京都大田区萩中2-12-5 ﾏﾙｴﾂ新糀谷店 2Ｆ,東京都,關東,070-1460-0989,https://www.google.com/maps/search/?api=1&query=GiGO%E3%83%9E%E3%83%AB%E3%82%A8%E3%83%84%E6%96%B0%E7%B3%80%E8%B0%B7%20%E6%9D%B1%E4%BA%AC%E9%83%BD%E5%A4%A7%E7%94%B0%E5%8C%BA%E8%90%A9%E4%B8%AD2-12-5%20%EF%BE%8F%EF%BE%99%EF%BD%B4%EF%BE%82%E6%96%B0%E7%B3%80%E8%B0%B7%E5%BA%97%202%EF%BC%A6,2026-10-08,https://dcd.aikatsu.com/encore/pdf/shoplist.pdf,官方列出的設置店；未逐店確認現場稼動、台數與卡片庫存。地址定位尚未逐點核對。
GiGO南町田グランベリーパークキッズディスカバリー,日本 東京都町田市鶴間3丁目4-1キッズディスカバリー2階E201区画,東京都,關東,070-1458-3169,https://www.google.com/maps/search/?api=1&query=GiGO%E5%8D%97%E7%94%BA%E7%94%B0%E3%82%B0%E3%83%A9%E3%83%B3%E3%83%99%E3%83%AA%E3%83%BC%E3%83%91%E3%83%BC%E3%82%AF%E3%82%AD%E3%83%83%E3%82%BA%E3%83%87%E3%82%A3%E3%82%B9%E3%82%AB%E3%83%90%E3%83%AA%E3%83%BC%20%E6%9D%B1%E4%BA%AC%E9%83%BD%E7%94%BA%E7%94%B0%E5%B8%82%E9%B6%B4%E9%96%933%E4%B8%81%E7%9B%AE4-1%E3%82%AD%E3%83%83%E3%82%BA%E3%83%87%E3%82%A3%E3%82%B9%E3%82%AB%E3%83%90%E3%83%AA%E3%83%BC2%E9%9A%8EE201%E5%8C%BA%E7%94%BB,2026-10-08,https://dcd.aikatsu.com/encore/pdf/shoplist.pdf,官方列出的設置店；未逐店確認現場稼動、台數與卡片庫存。地址定位尚未逐點核對。
GiGO竹の塚,日本 東京都足立区竹の塚6丁目8番6号 ピーくんPlaza-B,東京都,關東,070-1458-9285,https://www.google.com/maps/search/?api=1&query=GiGO%E7%AB%B9%E3%81%AE%E5%A1%9A%20%E6%9D%B1%E4%BA%AC%E9%83%BD%E8%B6%B3%E7%AB%8B%E5%8C%BA%E7%AB%B9%E3%81%AE%E5%A1%9A6%E4%B8%81%E7%9B%AE8%E7%95%AA6%E5%8F%B7%20%E3%83%94%E3%83%BC%E3%81%8F%E3%82%93Plaza-B,2026-10-08,https://dcd.aikatsu.com/encore/pdf/shoplist.pdf,官方列出的設置店；未逐店確認現場稼動、台數與卡片庫存。地址定位尚未逐點核對。
GiGOイトーヨーカドー八王子,日本 東京都八王子市狭間町1462番地1 イトーヨーカドー八王子店3階 305区画,東京都,關東,080-7711-4612,https://www.google.com/maps/search/?api=1&query=GiGO%E3%82%A4%E3%83%88%E3%83%BC%E3%83%A8%E3%83%BC%E3%82%AB%E3%83%89%E3%83%BC%E5%85%AB%E7%8E%8B%E5%AD%90%20%E6%9D%B1%E4%BA%AC%E9%83%BD%E5%85%AB%E7%8E%8B%E5%AD%90%E5%B8%82%E7%8B%AD%E9%96%93%E7%94%BA1462%E7%95%AA%E5%9C%B01%20%E3%82%A4%E3%83%88%E3%83%BC%E3%83%A8%E3%83%BC%E3%82%AB%E3%83%89%E3%83%BC%E5%85%AB%E7%8E%8B%E5%AD%90%E5%BA%973%E9%9A%8E%20305%E5%8C%BA%E7%94%BB,2026-10-08,https://dcd.aikatsu.com/encore/pdf/shoplist.pdf,官方列出的設置店；未逐店確認現場稼動、台數與卡片庫存。地址定位尚未逐點核對。
GiGOアリオ葛西,日本 東京都江戸川区東葛西9-3-3 アリオ葛西3F,東京都,關東,070-1458-8152,https://www.google.com/maps/search/?api=1&query=GiGO%E3%82%A2%E3%83%AA%E3%82%AA%E8%91%9B%E8%A5%BF%20%E6%9D%B1%E4%BA%AC%E9%83%BD%E6%B1%9F%E6%88%B8%E5%B7%9D%E5%8C%BA%E6%9D%B1%E8%91%9B%E8%A5%BF9-3-3%20%E3%82%A2%E3%83%AA%E3%82%AA%E8%91%9B%E8%A5%BF3F,2026-10-08,https://dcd.aikatsu.com/encore/pdf/shoplist.pdf,官方列出的設置店；未逐店確認現場稼動、台數與卡片庫存。地址定位尚未逐點核對。
GiGO新宿西口,日本 東京都新宿区西新宿1-12-5,東京都,關東,03-3349-0257,https://www.google.com/maps/search/?api=1&query=GiGO%E6%96%B0%E5%AE%BF%E8%A5%BF%E5%8F%A3%20%E6%9D%B1%E4%BA%AC%E9%83%BD%E6%96%B0%E5%AE%BF%E5%8C%BA%E8%A5%BF%E6%96%B0%E5%AE%BF1-12-5,2026-10-08,https://dcd.aikatsu.com/encore/pdf/shoplist.pdf,官方列出的設置店；未逐店確認現場稼動、台數與卡片庫存。地址定位尚未逐點核對。
GiGO成増,日本 東京都板橋区成増2-17-24 成増GRAVITY,東京都,關東,070-1459-3563,https://www.google.com/maps/search/?api=1&query=GiGO%E6%88%90%E5%A2%97%20%E6%9D%B1%E4%BA%AC%E9%83%BD%E6%9D%BF%E6%A9%8B%E5%8C%BA%E6%88%90%E5%A2%972-17-24%20%E6%88%90%E5%A2%97GRAVITY,2026-10-08,https://dcd.aikatsu.com/encore/pdf/shoplist.pdf,官方列出的設置店；未逐店確認現場稼動、台數與卡片庫存。地址定位尚未逐點核對。
GiGOイオンモールむさし村山,日本 東京都武蔵村山市榎1-1-3 イオンモールむさし村山2F,東京都,關東,070-1458-3080,https://www.google.com/maps/search/?api=1&query=GiGO%E3%82%A4%E3%82%AA%E3%83%B3%E3%83%A2%E3%83%BC%E3%83%AB%E3%82%80%E3%81%95%E3%81%97%E6%9D%91%E5%B1%B1%20%E6%9D%B1%E4%BA%AC%E9%83%BD%E6%AD%A6%E8%94%B5%E6%9D%91%E5%B1%B1%E5%B8%82%E6%A6%8E1-1-3%20%E3%82%A4%E3%82%AA%E3%83%B3%E3%83%A2%E3%83%BC%E3%83%AB%E3%82%80%E3%81%95%E3%81%97%E6%9D%91%E5%B1%B12F,2026-10-08,https://dcd.aikatsu.com/encore/pdf/shoplist.pdf,官方列出的設置店；未逐店確認現場稼動、台數與卡片庫存。地址定位尚未逐點核對。
GiGO東京ドームシティ,日本 東京都文京区後楽1-3-61,東京都,關東,070-1458-2548,https://www.google.com/maps/search/?api=1&query=GiGO%E6%9D%B1%E4%BA%AC%E3%83%89%E3%83%BC%E3%83%A0%E3%82%B7%E3%83%86%E3%82%A3%20%E6%9D%B1%E4%BA%AC%E9%83%BD%E6%96%87%E4%BA%AC%E5%8C%BA%E5%BE%8C%E6%A5%BD1-3-61,2026-10-08,https://dcd.aikatsu.com/encore/pdf/shoplist.pdf,官方列出的設置店；未逐店確認現場稼動、台數與卡片庫存。地址定位尚未逐點核對。
GiGO高田馬場,日本 東京都新宿区高田馬場4-7-5,東京都,關東,070-1450-1280,https://www.google.com/maps/search/?api=1&query=GiGO%E9%AB%98%E7%94%B0%E9%A6%AC%E5%A0%B4%20%E6%9D%B1%E4%BA%AC%E9%83%BD%E6%96%B0%E5%AE%BF%E5%8C%BA%E9%AB%98%E7%94%B0%E9%A6%AC%E5%A0%B44-7-5,2026-10-08,https://dcd.aikatsu.com/encore/pdf/shoplist.pdf,官方列出的設置店；未逐店確認現場稼動、台數與卡片庫存。地址定位尚未逐點核對。
GiGO赤羽駅前,日本 東京都北区赤羽1-2-4,東京都,關東,070-1458-9504,https://www.google.com/maps/search/?api=1&query=GiGO%E8%B5%A4%E7%BE%BD%E9%A7%85%E5%89%8D%20%E6%9D%B1%E4%BA%AC%E9%83%BD%E5%8C%97%E5%8C%BA%E8%B5%A4%E7%BE%BD1-2-4,2026-10-08,https://dcd.aikatsu.com/encore/pdf/shoplist.pdf,官方列出的設置店；未逐店確認現場稼動、台數與卡片庫存。地址定位尚未逐點核對。
GiGO調布,日本 東京都調布市布田4丁目2-4,東京都,關東,070-1517-3693,https://www.google.com/maps/search/?api=1&query=GiGO%E8%AA%BF%E5%B8%83%20%E6%9D%B1%E4%BA%AC%E9%83%BD%E8%AA%BF%E5%B8%83%E5%B8%82%E5%B8%83%E7%94%B04%E4%B8%81%E7%9B%AE2-4,2026-10-08,https://dcd.aikatsu.com/encore/pdf/shoplist.pdf,官方列出的設置店；未逐店確認現場稼動、台數與卡片庫存。地址定位尚未逐點核對。
GiGO有明ガーデン,日本 東京都江東区有明2-1-8 有明ガーデン５F 501区画,東京都,關東,070-1458-4741,https://www.google.com/maps/search/?api=1&query=GiGO%E6%9C%89%E6%98%8E%E3%82%AC%E3%83%BC%E3%83%87%E3%83%B3%20%E6%9D%B1%E4%BA%AC%E9%83%BD%E6%B1%9F%E6%9D%B1%E5%8C%BA%E6%9C%89%E6%98%8E2-1-8%20%E6%9C%89%E6%98%8E%E3%82%AC%E3%83%BC%E3%83%87%E3%83%B3%EF%BC%95F%20501%E5%8C%BA%E7%94%BB,2026-10-08,https://dcd.aikatsu.com/encore/pdf/shoplist.pdf,官方列出的設置店；未逐店確認現場稼動、台數與卡片庫存。地址定位尚未逐點核對。
GiGO総本店,日本 東京都豊島区東池袋一丁目13番6号ロクマルゲート池袋 B1F～3F,東京都,關東,080-7018-7351,https://www.google.com/maps/search/?api=1&query=GiGO%E7%B7%8F%E6%9C%AC%E5%BA%97%20%E6%9D%B1%E4%BA%AC%E9%83%BD%E8%B1%8A%E5%B3%B6%E5%8C%BA%E6%9D%B1%E6%B1%A0%E8%A2%8B%E4%B8%80%E4%B8%81%E7%9B%AE13%E7%95%AA6%E5%8F%B7%E3%83%AD%E3%82%AF%E3%83%9E%E3%83%AB%E3%82%B2%E3%83%BC%E3%83%88%E6%B1%A0%E8%A2%8B%20B1F%EF%BD%9E3F,2026-10-08,https://dcd.aikatsu.com/encore/pdf/shoplist.pdf,官方列出的設置店；未逐店確認現場稼動、台數與卡片庫存。地址定位尚未逐點核對。
GiGO秋葉原3号館,日本 東京都千代田区外神田1-11-11 外神田１丁目ビルディング,東京都,關東,070-1458-2284,https://www.google.com/maps/search/?api=1&query=GiGO%E7%A7%8B%E8%91%89%E5%8E%9F3%E5%8F%B7%E9%A4%A8%20%E6%9D%B1%E4%BA%AC%E9%83%BD%E5%8D%83%E4%BB%A3%E7%94%B0%E5%8C%BA%E5%A4%96%E7%A5%9E%E7%94%B01-11-11%20%E5%A4%96%E7%A5%9E%E7%94%B0%EF%BC%91%E4%B8%81%E7%9B%AE%E3%83%93%E3%83%AB%E3%83%87%E3%82%A3%E3%83%B3%E3%82%B0,2026-10-08,https://dcd.aikatsu.com/encore/pdf/shoplist.pdf,官方列出的設置店；未逐店確認現場稼動、台數與卡片庫存。地址定位尚未逐點核對。
AM PLABI田無アスタ専門店街,日本 東京都西東京市田無町２－１－１ 田無アスタ専門店街３階,東京都,關東,080-7711-4728,https://www.google.com/maps/search/?api=1&query=AM%20PLABI%E7%94%B0%E7%84%A1%E3%82%A2%E3%82%B9%E3%82%BF%E5%B0%82%E9%96%80%E5%BA%97%E8%A1%97%20%E6%9D%B1%E4%BA%AC%E9%83%BD%E8%A5%BF%E6%9D%B1%E4%BA%AC%E5%B8%82%E7%94%B0%E7%84%A1%E7%94%BA%EF%BC%92%EF%BC%8D%EF%BC%91%EF%BC%8D%EF%BC%91%20%E7%94%B0%E7%84%A1%E3%82%A2%E3%82%B9%E3%82%BF%E5%B0%82%E9%96%80%E5%BA%97%E8%A1%97%EF%BC%93%E9%9A%8E,2026-10-08,https://dcd.aikatsu.com/encore/pdf/shoplist.pdf,官方列出的設置店；未逐店確認現場稼動、台數與卡片庫存。地址定位尚未逐點核對。
アミュージアムモリタウン昭島店,日本 東京都昭島市代官山2-3-1モリタウン東館2階,東京都,關東,042-541-0847,https://www.google.com/maps/search/?api=1&query=%E3%82%A2%E3%83%9F%E3%83%A5%E3%83%BC%E3%82%B8%E3%82%A2%E3%83%A0%E3%83%A2%E3%83%AA%E3%82%BF%E3%82%A6%E3%83%B3%E6%98%AD%E5%B3%B6%E5%BA%97%20%E6%9D%B1%E4%BA%AC%E9%83%BD%E6%98%AD%E5%B3%B6%E5%B8%82%E4%BB%A3%E5%AE%98%E5%B1%B12-3-1%E3%83%A2%E3%83%AA%E3%82%BF%E3%82%A6%E3%83%B3%E6%9D%B1%E9%A4%A82%E9%9A%8E,2026-10-08,https://dcd.aikatsu.com/encore/pdf/shoplist.pdf,官方列出的設置店；未逐店確認現場稼動、台數與卡片庫存。地址定位尚未逐點核對。
アミュージアムOSC店,日本 東京都練馬区東大泉2-34-1T・ジョイ大泉2F,東京都,關東,03-5933-0880,https://www.google.com/maps/search/?api=1&query=%E3%82%A2%E3%83%9F%E3%83%A5%E3%83%BC%E3%82%B8%E3%82%A2%E3%83%A0OSC%E5%BA%97%20%E6%9D%B1%E4%BA%AC%E9%83%BD%E7%B7%B4%E9%A6%AC%E5%8C%BA%E6%9D%B1%E5%A4%A7%E6%B3%892-34-1T%E3%83%BB%E3%82%B8%E3%83%A7%E3%82%A4%E5%A4%A7%E6%B3%892F,2026-10-08,https://dcd.aikatsu.com/encore/pdf/shoplist.pdf,官方列出的設置店；未逐店確認現場稼動、台數與卡片庫存。地址定位尚未逐點核對。
アミュージアム大泉店,日本 東京都練馬区東大泉2-10-11LIVINオズ大泉5F,東京都,關東,03-5933-2041,https://www.google.com/maps/search/?api=1&query=%E3%82%A2%E3%83%9F%E3%83%A5%E3%83%BC%E3%82%B8%E3%82%A2%E3%83%A0%E5%A4%A7%E6%B3%89%E5%BA%97%20%E6%9D%B1%E4%BA%AC%E9%83%BD%E7%B7%B4%E9%A6%AC%E5%8C%BA%E6%9D%B1%E5%A4%A7%E6%B3%892-10-11LIVIN%E3%82%AA%E3%82%BA%E5%A4%A7%E6%B3%895F,2026-10-08,https://dcd.aikatsu.com/encore/pdf/shoplist.pdf,官方列出的設置店；未逐店確認現場稼動、台數與卡片庫存。地址定位尚未逐點核對。
NICOPA仙川店,日本 東京都調布市若葉町2-1-7島忠ホームズ仙川2階,東京都,關東,03-5315-5535,https://www.google.com/maps/search/?api=1&query=NICOPA%E4%BB%99%E5%B7%9D%E5%BA%97%20%E6%9D%B1%E4%BA%AC%E9%83%BD%E8%AA%BF%E5%B8%83%E5%B8%82%E8%8B%A5%E8%91%89%E7%94%BA2-1-7%E5%B3%B6%E5%BF%A0%E3%83%9B%E3%83%BC%E3%83%A0%E3%82%BA%E4%BB%99%E5%B7%9D2%E9%9A%8E,2026-10-08,https://dcd.aikatsu.com/encore/pdf/shoplist.pdf,官方列出的設置店；未逐店確認現場稼動、台數與卡片庫存。地址定位尚未逐點核對。
プラサカプコン池袋店,日本 東京都豊島区東池袋1-30-3 キュープラザ3階,東京都,關東,03-5904-9105,https://www.google.com/maps/search/?api=1&query=%E3%83%97%E3%83%A9%E3%82%B5%E3%82%AB%E3%83%97%E3%82%B3%E3%83%B3%E6%B1%A0%E8%A2%8B%E5%BA%97%20%E6%9D%B1%E4%BA%AC%E9%83%BD%E8%B1%8A%E5%B3%B6%E5%8C%BA%E6%9D%B1%E6%B1%A0%E8%A2%8B1-30-3%20%E3%82%AD%E3%83%A5%E3%83%BC%E3%83%97%E3%83%A9%E3%82%B63%E9%9A%8E,2026-10-08,https://dcd.aikatsu.com/encore/pdf/shoplist.pdf,官方列出的設置店；未逐店確認現場稼動、台數與卡片庫存。地址定位尚未逐點核對。
プラサカプコン吉祥寺店,日本 東京都武蔵野市吉祥寺本町１－１０－１いなりやビル１階,東京都,關東,0422-23-5201,https://www.google.com/maps/search/?api=1&query=%E3%83%97%E3%83%A9%E3%82%B5%E3%82%AB%E3%83%97%E3%82%B3%E3%83%B3%E5%90%89%E7%A5%A5%E5%AF%BA%E5%BA%97%20%E6%9D%B1%E4%BA%AC%E9%83%BD%E6%AD%A6%E8%94%B5%E9%87%8E%E5%B8%82%E5%90%89%E7%A5%A5%E5%AF%BA%E6%9C%AC%E7%94%BA%EF%BC%91%EF%BC%8D%EF%BC%91%EF%BC%90%EF%BC%8D%EF%BC%91%E3%81%84%E3%81%AA%E3%82%8A%E3%82%84%E3%83%93%E3%83%AB%EF%BC%91%E9%9A%8E,2026-10-08,https://dcd.aikatsu.com/encore/pdf/shoplist.pdf,官方列出的設置店；未逐店確認現場稼動、台數與卡片庫存。地址定位尚未逐點核對。
プラサカプコン府中店,日本 東京都府中市宮町1-41-2ミッテン府中店7階,東京都,關東,042-310-9779,https://www.google.com/maps/search/?api=1&query=%E3%83%97%E3%83%A9%E3%82%B5%E3%82%AB%E3%83%97%E3%82%B3%E3%83%B3%E5%BA%9C%E4%B8%AD%E5%BA%97%20%E6%9D%B1%E4%BA%AC%E9%83%BD%E5%BA%9C%E4%B8%AD%E5%B8%82%E5%AE%AE%E7%94%BA1-41-2%E3%83%9F%E3%83%83%E3%83%86%E3%83%B3%E5%BA%9C%E4%B8%AD%E5%BA%977%E9%9A%8E,2026-10-08,https://dcd.aikatsu.com/encore/pdf/shoplist.pdf,官方列出的設置店；未逐店確認現場稼動、台數與卡片庫存。地址定位尚未逐點核對。
プラサカプコンららテラス北綾瀬店,日本 東京都足立区谷中4丁目8－1ららテラス北綾瀬,東京都,關東,03-5856-1334,https://www.google.com/maps/search/?api=1&query=%E3%83%97%E3%83%A9%E3%82%B5%E3%82%AB%E3%83%97%E3%82%B3%E3%83%B3%E3%82%89%E3%82%89%E3%83%86%E3%83%A9%E3%82%B9%E5%8C%97%E7%B6%BE%E7%80%AC%E5%BA%97%20%E6%9D%B1%E4%BA%AC%E9%83%BD%E8%B6%B3%E7%AB%8B%E5%8C%BA%E8%B0%B7%E4%B8%AD4%E4%B8%81%E7%9B%AE8%EF%BC%8D1%E3%82%89%E3%82%89%E3%83%86%E3%83%A9%E3%82%B9%E5%8C%97%E7%B6%BE%E7%80%AC,2026-10-08,https://dcd.aikatsu.com/encore/pdf/shoplist.pdf,官方列出的設置店；未逐店確認現場稼動、台數與卡片庫存。地址定位尚未逐點核對。
キャロム青梅店,日本 東京都青梅市千ヶ瀬町4-326-1,東京都,關東,0428-23-9208,https://www.google.com/maps/search/?api=1&query=%E3%82%AD%E3%83%A3%E3%83%AD%E3%83%A0%E9%9D%92%E6%A2%85%E5%BA%97%20%E6%9D%B1%E4%BA%AC%E9%83%BD%E9%9D%92%E6%A2%85%E5%B8%82%E5%8D%83%E3%83%B6%E7%80%AC%E7%94%BA4-326-1,2026-10-08,https://dcd.aikatsu.com/encore/pdf/shoplist.pdf,官方列出的設置店；未逐店確認現場稼動、台數與卡片庫存。地址定位尚未逐點核對。
アミューズメント&ゲーム マグレブ,日本 東京都多摩市落合1丁目39-2 マグレブビル1F,東京都,關東,042-371-5556,https://www.google.com/maps/search/?api=1&query=%E3%82%A2%E3%83%9F%E3%83%A5%E3%83%BC%E3%82%BA%E3%83%A1%E3%83%B3%E3%83%88%26%E3%82%B2%E3%83%BC%E3%83%A0%20%E3%83%9E%E3%82%B0%E3%83%AC%E3%83%96%20%E6%9D%B1%E4%BA%AC%E9%83%BD%E5%A4%9A%E6%91%A9%E5%B8%82%E8%90%BD%E5%90%881%E4%B8%81%E7%9B%AE39-2%20%E3%83%9E%E3%82%B0%E3%83%AC%E3%83%96%E3%83%93%E3%83%AB1F,2026-10-08,https://dcd.aikatsu.com/encore/pdf/shoplist.pdf,官方列出的設置店；未逐店確認現場稼動、台數與卡片庫存。地址定位尚未逐點核對。
シルクハット蒲田西口,日本 東京都大田区西蒲田7-2-3第二醍醐ビル地下1階ー2階,東京都,關東,044-589-4523,https://www.google.com/maps/search/?api=1&query=%E3%82%B7%E3%83%AB%E3%82%AF%E3%83%8F%E3%83%83%E3%83%88%E8%92%B2%E7%94%B0%E8%A5%BF%E5%8F%A3%20%E6%9D%B1%E4%BA%AC%E9%83%BD%E5%A4%A7%E7%94%B0%E5%8C%BA%E8%A5%BF%E8%92%B2%E7%94%B07-2-3%E7%AC%AC%E4%BA%8C%E9%86%8D%E9%86%90%E3%83%93%E3%83%AB%E5%9C%B0%E4%B8%8B1%E9%9A%8E%E3%83%BC2%E9%9A%8E,2026-10-08,https://dcd.aikatsu.com/encore/pdf/shoplist.pdf,官方列出的設置店；未逐店確認現場稼動、台數與卡片庫存。地址定位尚未逐點核對。
シルクハット八王子,日本 東京都八王子市旭町2-5八王子ツインタワービルA館,東京都,關東,044-589-4523,https://www.google.com/maps/search/?api=1&query=%E3%82%B7%E3%83%AB%E3%82%AF%E3%83%8F%E3%83%83%E3%83%88%E5%85%AB%E7%8E%8B%E5%AD%90%20%E6%9D%B1%E4%BA%AC%E9%83%BD%E5%85%AB%E7%8E%8B%E5%AD%90%E5%B8%82%E6%97%AD%E7%94%BA2-5%E5%85%AB%E7%8E%8B%E5%AD%90%E3%83%84%E3%82%A4%E3%83%B3%E3%82%BF%E3%83%AF%E3%83%BC%E3%83%93%E3%83%ABA%E9%A4%A8,2026-10-08,https://dcd.aikatsu.com/encore/pdf/shoplist.pdf,官方列出的設置店；未逐店確認現場稼動、台數與卡片庫存。地址定位尚未逐點核對。
シルクハット秋葉原,日本 東京都千代田区外神田1丁目10-9,東京都,關東,044-589-4523,https://www.google.com/maps/search/?api=1&query=%E3%82%B7%E3%83%AB%E3%82%AF%E3%83%8F%E3%83%83%E3%83%88%E7%A7%8B%E8%91%89%E5%8E%9F%20%E6%9D%B1%E4%BA%AC%E9%83%BD%E5%8D%83%E4%BB%A3%E7%94%B0%E5%8C%BA%E5%A4%96%E7%A5%9E%E7%94%B01%E4%B8%81%E7%9B%AE10-9,2026-10-08,https://dcd.aikatsu.com/encore/pdf/shoplist.pdf,官方列出的設置店；未逐店確認現場稼動、台數與卡片庫存。地址定位尚未逐點核對。
ソユーゲームフィールド南大沢店,日本 東京都八王子市南大沢2-28-1イトーヨーカドー南大沢3階,東京都,關東,042-670-8153,https://www.google.com/maps/search/?api=1&query=%E3%82%BD%E3%83%A6%E3%83%BC%E3%82%B2%E3%83%BC%E3%83%A0%E3%83%95%E3%82%A3%E3%83%BC%E3%83%AB%E3%83%89%E5%8D%97%E5%A4%A7%E6%B2%A2%E5%BA%97%20%E6%9D%B1%E4%BA%AC%E9%83%BD%E5%85%AB%E7%8E%8B%E5%AD%90%E5%B8%82%E5%8D%97%E5%A4%A7%E6%B2%A22-28-1%E3%82%A4%E3%83%88%E3%83%BC%E3%83%A8%E3%83%BC%E3%82%AB%E3%83%89%E3%83%BC%E5%8D%97%E5%A4%A7%E6%B2%A23%E9%9A%8E,2026-10-08,https://dcd.aikatsu.com/encore/pdf/shoplist.pdf,官方列出的設置店；未逐店確認現場稼動、台數與卡片庫存。地址定位尚未逐點核對。
タイトーステーション新宿歌舞伎町店,日本 東京都新宿区歌舞伎町1-23-1,東京都,關東,03-6205-6290,https://www.google.com/maps/search/?api=1&query=%E3%82%BF%E3%82%A4%E3%83%88%E3%83%BC%E3%82%B9%E3%83%86%E3%83%BC%E3%82%B7%E3%83%A7%E3%83%B3%E6%96%B0%E5%AE%BF%E6%AD%8C%E8%88%9E%E4%BC%8E%E7%94%BA%E5%BA%97%20%E6%9D%B1%E4%BA%AC%E9%83%BD%E6%96%B0%E5%AE%BF%E5%8C%BA%E6%AD%8C%E8%88%9E%E4%BC%8E%E7%94%BA1-23-1,2026-10-08,https://dcd.aikatsu.com/encore/pdf/shoplist.pdf,官方列出的設置店；未逐店確認現場稼動、台數與卡片庫存。地址定位尚未逐點核對。
タイトーステーションBIGFUN平和島店,日本 東京都大田区平和島 1-1-1BIGFUN平和島3F,東京都,關東,03-5762-7446,https://www.google.com/maps/search/?api=1&query=%E3%82%BF%E3%82%A4%E3%83%88%E3%83%BC%E3%82%B9%E3%83%86%E3%83%BC%E3%82%B7%E3%83%A7%E3%83%B3BIGFUN%E5%B9%B3%E5%92%8C%E5%B3%B6%E5%BA%97%20%E6%9D%B1%E4%BA%AC%E9%83%BD%E5%A4%A7%E7%94%B0%E5%8C%BA%E5%B9%B3%E5%92%8C%E5%B3%B6%201-1-1BIGFUN%E5%B9%B3%E5%92%8C%E5%B3%B63F,2026-10-08,https://dcd.aikatsu.com/encore/pdf/shoplist.pdf,官方列出的設置店；未逐店確認現場稼動、台數與卡片庫存。地址定位尚未逐點核對。
Hey,日本 東京都千代田区外神田1-10-5広瀬本社ビル3F,東京都,關東,03-5209-2030,https://www.google.com/maps/search/?api=1&query=Hey%20%E6%9D%B1%E4%BA%AC%E9%83%BD%E5%8D%83%E4%BB%A3%E7%94%B0%E5%8C%BA%E5%A4%96%E7%A5%9E%E7%94%B01-10-5%E5%BA%83%E7%80%AC%E6%9C%AC%E7%A4%BE%E3%83%93%E3%83%AB3F,2026-10-08,https://dcd.aikatsu.com/encore/pdf/shoplist.pdf,官方列出的設置店；未逐店確認現場稼動、台數與卡片庫存。地址定位尚未逐點核對。
タイトーステーション浅草,日本 東京都台東区浅草１－２７－３タイトーステーション浅草,東京都,關東,03-3836-7785,https://www.google.com/maps/search/?api=1&query=%E3%82%BF%E3%82%A4%E3%83%88%E3%83%BC%E3%82%B9%E3%83%86%E3%83%BC%E3%82%B7%E3%83%A7%E3%83%B3%E6%B5%85%E8%8D%89%20%E6%9D%B1%E4%BA%AC%E9%83%BD%E5%8F%B0%E6%9D%B1%E5%8C%BA%E6%B5%85%E8%8D%89%EF%BC%91%EF%BC%8D%EF%BC%92%EF%BC%97%EF%BC%8D%EF%BC%93%E3%82%BF%E3%82%A4%E3%83%88%E3%83%BC%E3%82%B9%E3%83%86%E3%83%BC%E3%82%B7%E3%83%A7%E3%83%B3%E6%B5%85%E8%8D%89,2026-10-08,https://dcd.aikatsu.com/encore/pdf/shoplist.pdf,官方列出的設置店；未逐店確認現場稼動、台數與卡片庫存。地址定位尚未逐點核對。
タイトーステーション錦糸町楽天地店,日本 東京都墨田区江東橋4-27-14楽天地ビル地下1階,東京都,關東,03-5638-0701,https://www.google.com/maps/search/?api=1&query=%E3%82%BF%E3%82%A4%E3%83%88%E3%83%BC%E3%82%B9%E3%83%86%E3%83%BC%E3%82%B7%E3%83%A7%E3%83%B3%E9%8C%A6%E7%B3%B8%E7%94%BA%E6%A5%BD%E5%A4%A9%E5%9C%B0%E5%BA%97%20%E6%9D%B1%E4%BA%AC%E9%83%BD%E5%A2%A8%E7%94%B0%E5%8C%BA%E6%B1%9F%E6%9D%B1%E6%A9%8B4-27-14%E6%A5%BD%E5%A4%A9%E5%9C%B0%E3%83%93%E3%83%AB%E5%9C%B0%E4%B8%8B1%E9%9A%8E,2026-10-08,https://dcd.aikatsu.com/encore/pdf/shoplist.pdf,官方列出的設置店；未逐店確認現場稼動、台數與卡片庫存。地址定位尚未逐點核對。
タイトーステーション南砂町SUNAMO店,日本 東京都江東区新砂3-4-31SUNAMO内,東京都,關東,03-6666-8395,https://www.google.com/maps/search/?api=1&query=%E3%82%BF%E3%82%A4%E3%83%88%E3%83%BC%E3%82%B9%E3%83%86%E3%83%BC%E3%82%B7%E3%83%A7%E3%83%B3%E5%8D%97%E7%A0%82%E7%94%BASUNAMO%E5%BA%97%20%E6%9D%B1%E4%BA%AC%E9%83%BD%E6%B1%9F%E6%9D%B1%E5%8C%BA%E6%96%B0%E7%A0%823-4-31SUNAMO%E5%86%85,2026-10-08,https://dcd.aikatsu.com/encore/pdf/shoplist.pdf,官方列出的設置店；未逐店確認現場稼動、台數與卡片庫存。地址定位尚未逐點核對。
タイトーステーション渋谷店,日本 東京都渋谷区渋谷1－24－12渋谷東映プラザB1F,東京都,關東,03-5467-6565,https://www.google.com/maps/search/?api=1&query=%E3%82%BF%E3%82%A4%E3%83%88%E3%83%BC%E3%82%B9%E3%83%86%E3%83%BC%E3%82%B7%E3%83%A7%E3%83%B3%E6%B8%8B%E8%B0%B7%E5%BA%97%20%E6%9D%B1%E4%BA%AC%E9%83%BD%E6%B8%8B%E8%B0%B7%E5%8C%BA%E6%B8%8B%E8%B0%B71%EF%BC%8D24%EF%BC%8D12%E6%B8%8B%E8%B0%B7%E6%9D%B1%E6%98%A0%E3%83%97%E3%83%A9%E3%82%B6B1F,2026-10-08,https://dcd.aikatsu.com/encore/pdf/shoplist.pdf,官方列出的設置店；未逐店確認現場稼動、台數與卡片庫存。地址定位尚未逐點核對。
タイトーステーション新宿南口ゲームワールド店,日本 東京都新宿区新宿3－35－8ワールドビル,東京都,關東,03-3226-0395,https://www.google.com/maps/search/?api=1&query=%E3%82%BF%E3%82%A4%E3%83%88%E3%83%BC%E3%82%B9%E3%83%86%E3%83%BC%E3%82%B7%E3%83%A7%E3%83%B3%E6%96%B0%E5%AE%BF%E5%8D%97%E5%8F%A3%E3%82%B2%E3%83%BC%E3%83%A0%E3%83%AF%E3%83%BC%E3%83%AB%E3%83%89%E5%BA%97%20%E6%9D%B1%E4%BA%AC%E9%83%BD%E6%96%B0%E5%AE%BF%E5%8C%BA%E6%96%B0%E5%AE%BF3%EF%BC%8D35%EF%BC%8D8%E3%83%AF%E3%83%BC%E3%83%AB%E3%83%89%E3%83%93%E3%83%AB,2026-10-08,https://dcd.aikatsu.com/encore/pdf/shoplist.pdf,官方列出的設置店；未逐店確認現場稼動、台數與卡片庫存。地址定位尚未逐點核對。
タイトーステーションBIGBOX高田馬場,日本 東京都新宿区高田馬場１－３５－３ＢＩＧＢＯＸ６階,東京都,關東,03-5272-9855,https://www.google.com/maps/search/?api=1&query=%E3%82%BF%E3%82%A4%E3%83%88%E3%83%BC%E3%82%B9%E3%83%86%E3%83%BC%E3%82%B7%E3%83%A7%E3%83%B3BIGBOX%E9%AB%98%E7%94%B0%E9%A6%AC%E5%A0%B4%20%E6%9D%B1%E4%BA%AC%E9%83%BD%E6%96%B0%E5%AE%BF%E5%8C%BA%E9%AB%98%E7%94%B0%E9%A6%AC%E5%A0%B4%EF%BC%91%EF%BC%8D%EF%BC%93%EF%BC%95%EF%BC%8D%EF%BC%93%EF%BC%A2%EF%BC%A9%EF%BC%A7%EF%BC%A2%EF%BC%AF%EF%BC%B8%EF%BC%96%E9%9A%8E,2026-10-08,https://dcd.aikatsu.com/encore/pdf/shoplist.pdf,官方列出的設置店；未逐店確認現場稼動、台數與卡片庫存。地址定位尚未逐點核對。
タイトーステーション池袋西口,日本 東京都豊島区西池袋1丁目15番9号第一西池ビルB1－5階,東京都,關東,03-6907-3560,https://www.google.com/maps/search/?api=1&query=%E3%82%BF%E3%82%A4%E3%83%88%E3%83%BC%E3%82%B9%E3%83%86%E3%83%BC%E3%82%B7%E3%83%A7%E3%83%B3%E6%B1%A0%E8%A2%8B%E8%A5%BF%E5%8F%A3%20%E6%9D%B1%E4%BA%AC%E9%83%BD%E8%B1%8A%E5%B3%B6%E5%8C%BA%E8%A5%BF%E6%B1%A0%E8%A2%8B1%E4%B8%81%E7%9B%AE15%E7%95%AA9%E5%8F%B7%E7%AC%AC%E4%B8%80%E8%A5%BF%E6%B1%A0%E3%83%93%E3%83%ABB1%EF%BC%8D5%E9%9A%8E,2026-10-08,https://dcd.aikatsu.com/encore/pdf/shoplist.pdf,官方列出的設置店；未逐店確認現場稼動、台數與卡片庫存。地址定位尚未逐點核對。
タイトーステーション国分寺店,日本 東京都国分寺市本町3-5-11,東京都,關東,042-312-0575,https://www.google.com/maps/search/?api=1&query=%E3%82%BF%E3%82%A4%E3%83%88%E3%83%BC%E3%82%B9%E3%83%86%E3%83%BC%E3%82%B7%E3%83%A7%E3%83%B3%E5%9B%BD%E5%88%86%E5%AF%BA%E5%BA%97%20%E6%9D%B1%E4%BA%AC%E9%83%BD%E5%9B%BD%E5%88%86%E5%AF%BA%E5%B8%82%E6%9C%AC%E7%94%BA3-5-11,2026-10-08,https://dcd.aikatsu.com/encore/pdf/shoplist.pdf,官方列出的設置店；未逐店確認現場稼動、台數與卡片庫存。地址定位尚未逐點核對。
タイトーステーション立川北口店,日本 東京都立川市曙町2-4-5,東京都,關東,042-512-9651,https://www.google.com/maps/search/?api=1&query=%E3%82%BF%E3%82%A4%E3%83%88%E3%83%BC%E3%82%B9%E3%83%86%E3%83%BC%E3%82%B7%E3%83%A7%E3%83%B3%E7%AB%8B%E5%B7%9D%E5%8C%97%E5%8F%A3%E5%BA%97%20%E6%9D%B1%E4%BA%AC%E9%83%BD%E7%AB%8B%E5%B7%9D%E5%B8%82%E6%9B%99%E7%94%BA2-4-5,2026-10-08,https://dcd.aikatsu.com/encore/pdf/shoplist.pdf,官方列出的設置店；未逐店確認現場稼動、台數與卡片庫存。地址定位尚未逐點核對。
タイトーステーション町田店,日本 東京都町田市原町田６－２１－２３松山ビル１Ｆ,東京都,關東,042-739-6196,https://www.google.com/maps/search/?api=1&query=%E3%82%BF%E3%82%A4%E3%83%88%E3%83%BC%E3%82%B9%E3%83%86%E3%83%BC%E3%82%B7%E3%83%A7%E3%83%B3%E7%94%BA%E7%94%B0%E5%BA%97%20%E6%9D%B1%E4%BA%AC%E9%83%BD%E7%94%BA%E7%94%B0%E5%B8%82%E5%8E%9F%E7%94%BA%E7%94%B0%EF%BC%96%EF%BC%8D%EF%BC%92%EF%BC%91%EF%BC%8D%EF%BC%92%EF%BC%93%E6%9D%BE%E5%B1%B1%E3%83%93%E3%83%AB%EF%BC%91%EF%BC%A6,2026-10-08,https://dcd.aikatsu.com/encore/pdf/shoplist.pdf,官方列出的設置店；未逐店確認現場稼動、台數與卡片庫存。地址定位尚未逐點核對。
タイトーステーション多摩センター丘の上パティオ店,日本 東京都多摩市落合1-45-2丘の上パティオ新館,東京都,關東,042-401-8237,https://www.google.com/maps/search/?api=1&query=%E3%82%BF%E3%82%A4%E3%83%88%E3%83%BC%E3%82%B9%E3%83%86%E3%83%BC%E3%82%B7%E3%83%A7%E3%83%B3%E5%A4%9A%E6%91%A9%E3%82%BB%E3%83%B3%E3%82%BF%E3%83%BC%E4%B8%98%E3%81%AE%E4%B8%8A%E3%83%91%E3%83%86%E3%82%A3%E3%82%AA%E5%BA%97%20%E6%9D%B1%E4%BA%AC%E9%83%BD%E5%A4%9A%E6%91%A9%E5%B8%82%E8%90%BD%E5%90%881-45-2%E4%B8%98%E3%81%AE%E4%B8%8A%E3%83%91%E3%83%86%E3%82%A3%E3%82%AA%E6%96%B0%E9%A4%A8,2026-10-08,https://dcd.aikatsu.com/encore/pdf/shoplist.pdf,官方列出的設置店；未逐店確認現場稼動、台數與卡片庫存。地址定位尚未逐點核對。
サンポップマチヤ,日本 東京都荒川区荒川7-50-9,東京都,關東,03-3809-2611,https://www.google.com/maps/search/?api=1&query=%E3%82%B5%E3%83%B3%E3%83%9D%E3%83%83%E3%83%97%E3%83%9E%E3%83%81%E3%83%A4%20%E6%9D%B1%E4%BA%AC%E9%83%BD%E8%8D%92%E5%B7%9D%E5%8C%BA%E8%8D%92%E5%B7%9D7-50-9,2026-10-08,https://dcd.aikatsu.com/encore/pdf/shoplist.pdf,官方列出的設置店；未逐店確認現場稼動、台數與卡片庫存。地址定位尚未逐點核對。
ｎａｍｃｏイトーヨーカドー曳舟店,日本 東京都墨田区京島１－２－１ イトーヨーカドー曳舟店４Ｆ,東京都,關東,03-6657-0091,https://www.google.com/maps/search/?api=1&query=%EF%BD%8E%EF%BD%81%EF%BD%8D%EF%BD%83%EF%BD%8F%E3%82%A4%E3%83%88%E3%83%BC%E3%83%A8%E3%83%BC%E3%82%AB%E3%83%89%E3%83%BC%E6%9B%B3%E8%88%9F%E5%BA%97%20%E6%9D%B1%E4%BA%AC%E9%83%BD%E5%A2%A8%E7%94%B0%E5%8C%BA%E4%BA%AC%E5%B3%B6%EF%BC%91%EF%BC%8D%EF%BC%92%EF%BC%8D%EF%BC%91%20%E3%82%A4%E3%83%88%E3%83%BC%E3%83%A8%E3%83%BC%E3%82%AB%E3%83%89%E3%83%BC%E6%9B%B3%E8%88%9F%E5%BA%97%EF%BC%94%EF%BC%A6,2026-10-08,https://dcd.aikatsu.com/encore/pdf/shoplist.pdf,官方列出的設置店；未逐店確認現場稼動、台數與卡片庫存。地址定位尚未逐點核對。
ｎａｍｃｏ池袋店,日本 東京都豊島区東池袋１－２２－１０ ヒューマックスパビリオン池袋サンシャイン６０通り １Ｆ,東京都,關東,03-5924-6933,https://www.google.com/maps/search/?api=1&query=%EF%BD%8E%EF%BD%81%EF%BD%8D%EF%BD%83%EF%BD%8F%E6%B1%A0%E8%A2%8B%E5%BA%97%20%E6%9D%B1%E4%BA%AC%E9%83%BD%E8%B1%8A%E5%B3%B6%E5%8C%BA%E6%9D%B1%E6%B1%A0%E8%A2%8B%EF%BC%91%EF%BC%8D%EF%BC%92%EF%BC%92%EF%BC%8D%EF%BC%91%EF%BC%90%20%E3%83%92%E3%83%A5%E3%83%BC%E3%83%9E%E3%83%83%E3%82%AF%E3%82%B9%E3%83%91%E3%83%93%E3%83%AA%E3%82%AA%E3%83%B3%E6%B1%A0%E8%A2%8B%E3%82%B5%E3%83%B3%E3%82%B7%E3%83%A3%E3%82%A4%E3%83%B3%EF%BC%96%EF%BC%90%E9%80%9A%E3%82%8A%20%EF%BC%91%EF%BC%A6,2026-10-08,https://dcd.aikatsu.com/encore/pdf/shoplist.pdf,官方列出的設置店；未逐店確認現場稼動、台數與卡片庫存。地址定位尚未逐點核對。
ｎａｍｃｏイトーヨーカドー木場店,日本 東京都江東区木場１－５－３０ イトーヨーカドー木場店３Ｆ,東京都,關東,03-3647-5205,https://www.google.com/maps/search/?api=1&query=%EF%BD%8E%EF%BD%81%EF%BD%8D%EF%BD%83%EF%BD%8F%E3%82%A4%E3%83%88%E3%83%BC%E3%83%A8%E3%83%BC%E3%82%AB%E3%83%89%E3%83%BC%E6%9C%A8%E5%A0%B4%E5%BA%97%20%E6%9D%B1%E4%BA%AC%E9%83%BD%E6%B1%9F%E6%9D%B1%E5%8C%BA%E6%9C%A8%E5%A0%B4%EF%BC%91%EF%BC%8D%EF%BC%95%EF%BC%8D%EF%BC%93%EF%BC%90%20%E3%82%A4%E3%83%88%E3%83%BC%E3%83%A8%E3%83%BC%E3%82%AB%E3%83%89%E3%83%BC%E6%9C%A8%E5%A0%B4%E5%BA%97%EF%BC%93%EF%BC%A6,2026-10-08,https://dcd.aikatsu.com/encore/pdf/shoplist.pdf,官方列出的設置店；未逐店確認現場稼動、台數與卡片庫存。地址定位尚未逐點核對。
ｎａｍｃｏ東急プラザ蒲田店,日本 東京都大田区西蒲田７丁目６９番１号 東急プラザ蒲田７階,東京都,關東,03-6428-6725,https://www.google.com/maps/search/?api=1&query=%EF%BD%8E%EF%BD%81%EF%BD%8D%EF%BD%83%EF%BD%8F%E6%9D%B1%E6%80%A5%E3%83%97%E3%83%A9%E3%82%B6%E8%92%B2%E7%94%B0%E5%BA%97%20%E6%9D%B1%E4%BA%AC%E9%83%BD%E5%A4%A7%E7%94%B0%E5%8C%BA%E8%A5%BF%E8%92%B2%E7%94%B0%EF%BC%97%E4%B8%81%E7%9B%AE%EF%BC%96%EF%BC%99%E7%95%AA%EF%BC%91%E5%8F%B7%20%E6%9D%B1%E6%80%A5%E3%83%97%E3%83%A9%E3%82%B6%E8%92%B2%E7%94%B0%EF%BC%97%E9%9A%8E,2026-10-08,https://dcd.aikatsu.com/encore/pdf/shoplist.pdf,官方列出的設置店；未逐店確認現場稼動、台數與卡片庫存。地址定位尚未逐點核對。
ｎａｍｃｏイオン練馬店,日本 東京都練馬区光が丘５－１－１ イオン練馬店３Ｆ,東京都,關東,03-3979-9669,https://www.google.com/maps/search/?api=1&query=%EF%BD%8E%EF%BD%81%EF%BD%8D%EF%BD%83%EF%BD%8F%E3%82%A4%E3%82%AA%E3%83%B3%E7%B7%B4%E9%A6%AC%E5%BA%97%20%E6%9D%B1%E4%BA%AC%E9%83%BD%E7%B7%B4%E9%A6%AC%E5%8C%BA%E5%85%89%E3%81%8C%E4%B8%98%EF%BC%95%EF%BC%8D%EF%BC%91%EF%BC%8D%EF%BC%91%20%E3%82%A4%E3%82%AA%E3%83%B3%E7%B7%B4%E9%A6%AC%E5%BA%97%EF%BC%93%EF%BC%A6,2026-10-08,https://dcd.aikatsu.com/encore/pdf/shoplist.pdf,官方列出的設置店；未逐店確認現場稼動、台數與卡片庫存。地址定位尚未逐點核對。
ｎａｍｃｏ王子サンスクエア店,日本 東京都北区王子１－４－１ サンスクエア２階,東京都,關東,03-5959-9830,https://www.google.com/maps/search/?api=1&query=%EF%BD%8E%EF%BD%81%EF%BD%8D%EF%BD%83%EF%BD%8F%E7%8E%8B%E5%AD%90%E3%82%B5%E3%83%B3%E3%82%B9%E3%82%AF%E3%82%A8%E3%82%A2%E5%BA%97%20%E6%9D%B1%E4%BA%AC%E9%83%BD%E5%8C%97%E5%8C%BA%E7%8E%8B%E5%AD%90%EF%BC%91%EF%BC%8D%EF%BC%94%EF%BC%8D%EF%BC%91%20%E3%82%B5%E3%83%B3%E3%82%B9%E3%82%AF%E3%82%A8%E3%82%A2%EF%BC%92%E9%9A%8E,2026-10-08,https://dcd.aikatsu.com/encore/pdf/shoplist.pdf,官方列出的設置店；未逐店確認現場稼動、台數與卡片庫存。地址定位尚未逐點核對。
ｎａｍｃｏ中野店,日本 東京都中野区中野５－５２－１５ 中野ブロードウェイ別館,東京都,關東,03-5380-5442,https://www.google.com/maps/search/?api=1&query=%EF%BD%8E%EF%BD%81%EF%BD%8D%EF%BD%83%EF%BD%8F%E4%B8%AD%E9%87%8E%E5%BA%97%20%E6%9D%B1%E4%BA%AC%E9%83%BD%E4%B8%AD%E9%87%8E%E5%8C%BA%E4%B8%AD%E9%87%8E%EF%BC%95%EF%BC%8D%EF%BC%95%EF%BC%92%EF%BC%8D%EF%BC%91%EF%BC%95%20%E4%B8%AD%E9%87%8E%E3%83%96%E3%83%AD%E3%83%BC%E3%83%89%E3%82%A6%E3%82%A7%E3%82%A4%E5%88%A5%E9%A4%A8,2026-10-08,https://dcd.aikatsu.com/encore/pdf/shoplist.pdf,官方列出的設置店；未逐店確認現場稼動、台數與卡片庫存。地址定位尚未逐點核對。
ｎａｍｃｏマークイズ葛飾かなまち店,日本 東京都葛飾区東金町１ー１０－１ ＭＡＲＫ ＩＳ 葛飾かなまち３階３１０区,東京都,關東,03-5876-4554,https://www.google.com/maps/search/?api=1&query=%EF%BD%8E%EF%BD%81%EF%BD%8D%EF%BD%83%EF%BD%8F%E3%83%9E%E3%83%BC%E3%82%AF%E3%82%A4%E3%82%BA%E8%91%9B%E9%A3%BE%E3%81%8B%E3%81%AA%E3%81%BE%E3%81%A1%E5%BA%97%20%E6%9D%B1%E4%BA%AC%E9%83%BD%E8%91%9B%E9%A3%BE%E5%8C%BA%E6%9D%B1%E9%87%91%E7%94%BA%EF%BC%91%E3%83%BC%EF%BC%91%EF%BC%90%EF%BC%8D%EF%BC%91%20%EF%BC%AD%EF%BC%A1%EF%BC%B2%EF%BC%AB%20%EF%BC%A9%EF%BC%B3%20%E8%91%9B%E9%A3%BE%E3%81%8B%E3%81%AA%E3%81%BE%E3%81%A1%EF%BC%93%E9%9A%8E%EF%BC%93%EF%BC%91%EF%BC%90%E5%8C%BA,2026-10-08,https://dcd.aikatsu.com/encore/pdf/shoplist.pdf,官方列出的設置店；未逐店確認現場稼動、台數與卡片庫存。地址定位尚未逐點核對。
ｎａｍｃｏららぽーと立川立飛おまけ横丁店,日本 東京都立川市泉町９３５番１ ららぽーと立川立飛店３Ｆ３０１０区画,東京都,關東,042-512-5175,https://www.google.com/maps/search/?api=1&query=%EF%BD%8E%EF%BD%81%EF%BD%8D%EF%BD%83%EF%BD%8F%E3%82%89%E3%82%89%E3%81%BD%E3%83%BC%E3%81%A8%E7%AB%8B%E5%B7%9D%E7%AB%8B%E9%A3%9B%E3%81%8A%E3%81%BE%E3%81%91%E6%A8%AA%E4%B8%81%E5%BA%97%20%E6%9D%B1%E4%BA%AC%E9%83%BD%E7%AB%8B%E5%B7%9D%E5%B8%82%E6%B3%89%E7%94%BA%EF%BC%99%EF%BC%93%EF%BC%95%E7%95%AA%EF%BC%91%20%E3%82%89%E3%82%89%E3%81%BD%E3%83%BC%E3%81%A8%E7%AB%8B%E5%B7%9D%E7%AB%8B%E9%A3%9B%E5%BA%97%EF%BC%93%EF%BC%A6%EF%BC%93%EF%BC%90%EF%BC%91%EF%BC%90%E5%8C%BA%E7%94%BB,2026-10-08,https://dcd.aikatsu.com/encore/pdf/shoplist.pdf,官方列出的設置店；未逐店確認現場稼動、台數與卡片庫存。地址定位尚未逐點核對。
バンダイナムコＣｒｏｓｓ Ｓｔｏｒｅアトレ秋葉原店,日本 東京都千代田区外神田１－１７－６ アトレ１ ２階,東京都,關東,03-5289-3879,https://www.google.com/maps/search/?api=1&query=%E3%83%90%E3%83%B3%E3%83%80%E3%82%A4%E3%83%8A%E3%83%A0%E3%82%B3%EF%BC%A3%EF%BD%92%EF%BD%8F%EF%BD%93%EF%BD%93%20%EF%BC%B3%EF%BD%94%EF%BD%8F%EF%BD%92%EF%BD%85%E3%82%A2%E3%83%88%E3%83%AC%E7%A7%8B%E8%91%89%E5%8E%9F%E5%BA%97%20%E6%9D%B1%E4%BA%AC%E9%83%BD%E5%8D%83%E4%BB%A3%E7%94%B0%E5%8C%BA%E5%A4%96%E7%A5%9E%E7%94%B0%EF%BC%91%EF%BC%8D%EF%BC%91%EF%BC%97%EF%BC%8D%EF%BC%96%20%E3%82%A2%E3%83%88%E3%83%AC%EF%BC%91%20%EF%BC%92%E9%9A%8E,2026-10-08,https://dcd.aikatsu.com/encore/pdf/shoplist.pdf,官方列出的設置店；未逐店確認現場稼動、台數與卡片庫存。地址定位尚未逐點核對。
ラウンドワンスタジアムダイバーシティ東京プラザ,日本 東京都江東区青海1-1-10 ダイバーシティ東京プラザ6F 61000番,東京都,關東,03-3527-8491,https://www.google.com/maps/search/?api=1&query=%E3%83%A9%E3%82%A6%E3%83%B3%E3%83%89%E3%83%AF%E3%83%B3%E3%82%B9%E3%82%BF%E3%82%B8%E3%82%A2%E3%83%A0%E3%83%80%E3%82%A4%E3%83%90%E3%83%BC%E3%82%B7%E3%83%86%E3%82%A3%E6%9D%B1%E4%BA%AC%E3%83%97%E3%83%A9%E3%82%B6%20%E6%9D%B1%E4%BA%AC%E9%83%BD%E6%B1%9F%E6%9D%B1%E5%8C%BA%E9%9D%92%E6%B5%B71-1-10%20%E3%83%80%E3%82%A4%E3%83%90%E3%83%BC%E3%82%B7%E3%83%86%E3%82%A3%E6%9D%B1%E4%BA%AC%E3%83%97%E3%83%A9%E3%82%B66F%2061000%E7%95%AA,2026-10-08,https://dcd.aikatsu.com/encore/pdf/shoplist.pdf,官方列出的設置店；未逐店確認現場稼動、台數與卡片庫存。地址定位尚未逐點核對。
ラウンドワンクレーンゲームパーク調布駅前,日本 東京都調布市小島町1-35-5 調布アミックスビル2F,東京都,關東,042-440-2611,https://www.google.com/maps/search/?api=1&query=%E3%83%A9%E3%82%A6%E3%83%B3%E3%83%89%E3%83%AF%E3%83%B3%E3%82%AF%E3%83%AC%E3%83%BC%E3%83%B3%E3%82%B2%E3%83%BC%E3%83%A0%E3%83%91%E3%83%BC%E3%82%AF%E8%AA%BF%E5%B8%83%E9%A7%85%E5%89%8D%20%E6%9D%B1%E4%BA%AC%E9%83%BD%E8%AA%BF%E5%B8%83%E5%B8%82%E5%B0%8F%E5%B3%B6%E7%94%BA1-35-5%20%E8%AA%BF%E5%B8%83%E3%82%A2%E3%83%9F%E3%83%83%E3%82%AF%E3%82%B9%E3%83%93%E3%83%AB2F,2026-10-08,https://dcd.aikatsu.com/encore/pdf/shoplist.pdf,官方列出的設置店；未逐店確認現場稼動、台數與卡片庫存。地址定位尚未逐點核對。
ゲームパーク石神井公園,日本 東京都練馬区石神井町3-17-16,東京都,關東,03-3997-3799,https://www.google.com/maps/search/?api=1&query=%E3%82%B2%E3%83%BC%E3%83%A0%E3%83%91%E3%83%BC%E3%82%AF%E7%9F%B3%E7%A5%9E%E4%BA%95%E5%85%AC%E5%9C%92%20%E6%9D%B1%E4%BA%AC%E9%83%BD%E7%B7%B4%E9%A6%AC%E5%8C%BA%E7%9F%B3%E7%A5%9E%E4%BA%95%E7%94%BA3-17-16,2026-10-08,https://dcd.aikatsu.com/encore/pdf/shoplist.pdf,官方列出的設置店；未逐店確認現場稼動、台數與卡片庫存。地址定位尚未逐點核對。
アピナ荻窪店,日本 東京都杉並区上荻1-13-10,東京都,關東,03-3393-6665,https://www.google.com/maps/search/?api=1&query=%E3%82%A2%E3%83%94%E3%83%8A%E8%8D%BB%E7%AA%AA%E5%BA%97%20%E6%9D%B1%E4%BA%AC%E9%83%BD%E6%9D%89%E4%B8%A6%E5%8C%BA%E4%B8%8A%E8%8D%BB1-13-10,2026-10-08,https://dcd.aikatsu.com/encore/pdf/shoplist.pdf,官方列出的設置店；未逐店確認現場稼動、台數與卡片庫存。地址定位尚未逐點核對。
アピナ八王子みなみ野店,日本 東京都八王子市みなみ野1-2-1アクロスモール3階,東京都,關東,042-635-3928,https://www.google.com/maps/search/?api=1&query=%E3%82%A2%E3%83%94%E3%83%8A%E5%85%AB%E7%8E%8B%E5%AD%90%E3%81%BF%E3%81%AA%E3%81%BF%E9%87%8E%E5%BA%97%20%E6%9D%B1%E4%BA%AC%E9%83%BD%E5%85%AB%E7%8E%8B%E5%AD%90%E5%B8%82%E3%81%BF%E3%81%AA%E3%81%BF%E9%87%8E1-2-1%E3%82%A2%E3%82%AF%E3%83%AD%E3%82%B9%E3%83%A2%E3%83%BC%E3%83%AB3%E9%9A%8E,2026-10-08,https://dcd.aikatsu.com/encore/pdf/shoplist.pdf,官方列出的設置店；未逐店確認現場稼動、台數與卡片庫存。地址定位尚未逐點核對。
東京レジャーランド秋葉原店,日本 東京都千代田区外神田1-9-5,東京都,關東,03-5298-1360,https://www.google.com/maps/search/?api=1&query=%E6%9D%B1%E4%BA%AC%E3%83%AC%E3%82%B8%E3%83%A3%E3%83%BC%E3%83%A9%E3%83%B3%E3%83%89%E7%A7%8B%E8%91%89%E5%8E%9F%E5%BA%97%20%E6%9D%B1%E4%BA%AC%E9%83%BD%E5%8D%83%E4%BB%A3%E7%94%B0%E5%8C%BA%E5%A4%96%E7%A5%9E%E7%94%B01-9-5,2026-10-08,https://dcd.aikatsu.com/encore/pdf/shoplist.pdf,官方列出的設置店；未逐店確認現場稼動、台數與卡片庫存。地址定位尚未逐點核對。
東京レジャーランド亀有店,日本 東京都葛飾区亀有3-21-2,東京都,關東,03-5680-8893,https://www.google.com/maps/search/?api=1&query=%E6%9D%B1%E4%BA%AC%E3%83%AC%E3%82%B8%E3%83%A3%E3%83%BC%E3%83%A9%E3%83%B3%E3%83%89%E4%BA%80%E6%9C%89%E5%BA%97%20%E6%9D%B1%E4%BA%AC%E9%83%BD%E8%91%9B%E9%A3%BE%E5%8C%BA%E4%BA%80%E6%9C%893-21-2,2026-10-08,https://dcd.aikatsu.com/encore/pdf/shoplist.pdf,官方列出的設置店；未逐店確認現場稼動、台數與卡片庫存。地址定位尚未逐點核對。
東京レジャーランド吉祥寺店,日本 東京都武蔵野市吉祥寺本町1-3-7YSビル地下1階4階,東京都,關東,0422-27-2200,https://www.google.com/maps/search/?api=1&query=%E6%9D%B1%E4%BA%AC%E3%83%AC%E3%82%B8%E3%83%A3%E3%83%BC%E3%83%A9%E3%83%B3%E3%83%89%E5%90%89%E7%A5%A5%E5%AF%BA%E5%BA%97%20%E6%9D%B1%E4%BA%AC%E9%83%BD%E6%AD%A6%E8%94%B5%E9%87%8E%E5%B8%82%E5%90%89%E7%A5%A5%E5%AF%BA%E6%9C%AC%E7%94%BA1-3-7YS%E3%83%93%E3%83%AB%E5%9C%B0%E4%B8%8B1%E9%9A%8E4%E9%9A%8E,2026-10-08,https://dcd.aikatsu.com/encore/pdf/shoplist.pdf,官方列出的設置店；未逐店確認現場稼動、台數與卡片庫存。地址定位尚未逐點核對。
タイトーFステーションオリナス錦糸町店,日本 東京都墨田区太平4―1-2オリナスモール地下1階,東京都,關東,03-5610-7376,https://www.google.com/maps/search/?api=1&query=%E3%82%BF%E3%82%A4%E3%83%88%E3%83%BCF%E3%82%B9%E3%83%86%E3%83%BC%E3%82%B7%E3%83%A7%E3%83%B3%E3%82%AA%E3%83%AA%E3%83%8A%E3%82%B9%E9%8C%A6%E7%B3%B8%E7%94%BA%E5%BA%97%20%E6%9D%B1%E4%BA%AC%E9%83%BD%E5%A2%A8%E7%94%B0%E5%8C%BA%E5%A4%AA%E5%B9%B34%E2%80%951-2%E3%82%AA%E3%83%AA%E3%83%8A%E3%82%B9%E3%83%A2%E3%83%BC%E3%83%AB%E5%9C%B0%E4%B8%8B1%E9%9A%8E,2026-10-08,https://dcd.aikatsu.com/encore/pdf/shoplist.pdf,官方列出的設置店；未逐店確認現場稼動、台數與卡片庫存。地址定位尚未逐點核對。
東京レジャーランド池袋店,日本 東京都豊島区東池袋1-29-1サントロペ池袋ビル2・3階,東京都,關東,03-5904-8388,https://www.google.com/maps/search/?api=1&query=%E6%9D%B1%E4%BA%AC%E3%83%AC%E3%82%B8%E3%83%A3%E3%83%BC%E3%83%A9%E3%83%B3%E3%83%89%E6%B1%A0%E8%A2%8B%E5%BA%97%20%E6%9D%B1%E4%BA%AC%E9%83%BD%E8%B1%8A%E5%B3%B6%E5%8C%BA%E6%9D%B1%E6%B1%A0%E8%A2%8B1-29-1%E3%82%B5%E3%83%B3%E3%83%88%E3%83%AD%E3%83%9A%E6%B1%A0%E8%A2%8B%E3%83%93%E3%83%AB2%E3%83%BB3%E9%9A%8E,2026-10-08,https://dcd.aikatsu.com/encore/pdf/shoplist.pdf,官方列出的設置店；未逐店確認現場稼動、台數與卡片庫存。地址定位尚未逐點核對。
キャッツアイ西葛西店,日本 東京都江戸川区西葛西4-2-28サニーモール西葛西3F,東京都,關東,03-5878-3185,https://www.google.com/maps/search/?api=1&query=%E3%82%AD%E3%83%A3%E3%83%83%E3%83%84%E3%82%A2%E3%82%A4%E8%A5%BF%E8%91%9B%E8%A5%BF%E5%BA%97%20%E6%9D%B1%E4%BA%AC%E9%83%BD%E6%B1%9F%E6%88%B8%E5%B7%9D%E5%8C%BA%E8%A5%BF%E8%91%9B%E8%A5%BF4-2-28%E3%82%B5%E3%83%8B%E3%83%BC%E3%83%A2%E3%83%BC%E3%83%AB%E8%A5%BF%E8%91%9B%E8%A5%BF3F,2026-10-08,https://dcd.aikatsu.com/encore/pdf/shoplist.pdf,官方列出的設置店；未逐店確認現場稼動、台數與卡片庫存。地址定位尚未逐點核對。
モーリーファンタジー秦野店,日本 神奈川県秦野市入船町12-1 イオン秦野店2階,神奈川県,關東,070-3100-4921,https://www.google.com/maps/search/?api=1&query=%E3%83%A2%E3%83%BC%E3%83%AA%E3%83%BC%E3%83%95%E3%82%A1%E3%83%B3%E3%82%BF%E3%82%B8%E3%83%BC%E7%A7%A6%E9%87%8E%E5%BA%97%20%E7%A5%9E%E5%A5%88%E5%B7%9D%E7%9C%8C%E7%A7%A6%E9%87%8E%E5%B8%82%E5%85%A5%E8%88%B9%E7%94%BA12-1%20%E3%82%A4%E3%82%AA%E3%83%B3%E7%A7%A6%E9%87%8E%E5%BA%972%E9%9A%8E,2026-10-08,https://dcd.aikatsu.com/encore/pdf/shoplist.pdf,官方列出的設置店；未逐店確認現場稼動、台數與卡片庫存。地址定位尚未逐點核對。
モーリーファンタジー横浜新吉田店,日本 神奈川県横浜市港北区新吉田東八丁目49番1号 イオン横浜新吉田店2階,神奈川県,關東,070-3100-4980,https://www.google.com/maps/search/?api=1&query=%E3%83%A2%E3%83%BC%E3%83%AA%E3%83%BC%E3%83%95%E3%82%A1%E3%83%B3%E3%82%BF%E3%82%B8%E3%83%BC%E6%A8%AA%E6%B5%9C%E6%96%B0%E5%90%89%E7%94%B0%E5%BA%97%20%E7%A5%9E%E5%A5%88%E5%B7%9D%E7%9C%8C%E6%A8%AA%E6%B5%9C%E5%B8%82%E6%B8%AF%E5%8C%97%E5%8C%BA%E6%96%B0%E5%90%89%E7%94%B0%E6%9D%B1%E5%85%AB%E4%B8%81%E7%9B%AE49%E7%95%AA1%E5%8F%B7%20%E3%82%A4%E3%82%AA%E3%83%B3%E6%A8%AA%E6%B5%9C%E6%96%B0%E5%90%89%E7%94%B0%E5%BA%972%E9%9A%8E,2026-10-08,https://dcd.aikatsu.com/encore/pdf/shoplist.pdf,官方列出的設置店；未逐店確認現場稼動、台數與卡片庫存。地址定位尚未逐點核對。
モーリーファンタジークロスガーデン川崎店,日本 神奈川県川崎市幸区小倉5-19-23 クロスガーデン川崎,神奈川県,關東,070-3100-5005,https://www.google.com/maps/search/?api=1&query=%E3%83%A2%E3%83%BC%E3%83%AA%E3%83%BC%E3%83%95%E3%82%A1%E3%83%B3%E3%82%BF%E3%82%B8%E3%83%BC%E3%82%AF%E3%83%AD%E3%82%B9%E3%82%AC%E3%83%BC%E3%83%87%E3%83%B3%E5%B7%9D%E5%B4%8E%E5%BA%97%20%E7%A5%9E%E5%A5%88%E5%B7%9D%E7%9C%8C%E5%B7%9D%E5%B4%8E%E5%B8%82%E5%B9%B8%E5%8C%BA%E5%B0%8F%E5%80%895-19-23%20%E3%82%AF%E3%83%AD%E3%82%B9%E3%82%AC%E3%83%BC%E3%83%87%E3%83%B3%E5%B7%9D%E5%B4%8E,2026-10-08,https://dcd.aikatsu.com/encore/pdf/shoplist.pdf,官方列出的設置店；未逐店確認現場稼動、台數與卡片庫存。地址定位尚未逐點核對。
モーリーファンタジー天王町店,日本 神奈川県横浜市保土ヶ谷区川辺町3 イオンスタイル天王町3階,神奈川県,關東,080-3476-7851,https://www.google.com/maps/search/?api=1&query=%E3%83%A2%E3%83%BC%E3%83%AA%E3%83%BC%E3%83%95%E3%82%A1%E3%83%B3%E3%82%BF%E3%82%B8%E3%83%BC%E5%A4%A9%E7%8E%8B%E7%94%BA%E5%BA%97%20%E7%A5%9E%E5%A5%88%E5%B7%9D%E7%9C%8C%E6%A8%AA%E6%B5%9C%E5%B8%82%E4%BF%9D%E5%9C%9F%E3%83%B6%E8%B0%B7%E5%8C%BA%E5%B7%9D%E8%BE%BA%E7%94%BA3%20%E3%82%A4%E3%82%AA%E3%83%B3%E3%82%B9%E3%82%BF%E3%82%A4%E3%83%AB%E5%A4%A9%E7%8E%8B%E7%94%BA3%E9%9A%8E,2026-10-08,https://dcd.aikatsu.com/encore/pdf/shoplist.pdf,官方列出的設置店；未逐店確認現場稼動、台數與卡片庫存。地址定位尚未逐點核對。
モーリーファンタジー茅ヶ崎中央店,日本 神奈川県茅ヶ崎市茅ケ崎3丁目5番16号 イオン茅ヶ崎中央店3階,神奈川県,關東,070-3100-3324,https://www.google.com/maps/search/?api=1&query=%E3%83%A2%E3%83%BC%E3%83%AA%E3%83%BC%E3%83%95%E3%82%A1%E3%83%B3%E3%82%BF%E3%82%B8%E3%83%BC%E8%8C%85%E3%83%B6%E5%B4%8E%E4%B8%AD%E5%A4%AE%E5%BA%97%20%E7%A5%9E%E5%A5%88%E5%B7%9D%E7%9C%8C%E8%8C%85%E3%83%B6%E5%B4%8E%E5%B8%82%E8%8C%85%E3%82%B1%E5%B4%8E3%E4%B8%81%E7%9B%AE5%E7%95%AA16%E5%8F%B7%20%E3%82%A4%E3%82%AA%E3%83%B3%E8%8C%85%E3%83%B6%E5%B4%8E%E4%B8%AD%E5%A4%AE%E5%BA%973%E9%9A%8E,2026-10-08,https://dcd.aikatsu.com/encore/pdf/shoplist.pdf,官方列出的設置店；未逐店確認現場稼動、台數與卡片庫存。地址定位尚未逐點核對。
モーリーファンタジー大和鶴間店,日本 神奈川県大和市下鶴間一丁目2番1号 イオン大和鶴間店3階,神奈川県,關東,070-3100-3329,https://www.google.com/maps/search/?api=1&query=%E3%83%A2%E3%83%BC%E3%83%AA%E3%83%BC%E3%83%95%E3%82%A1%E3%83%B3%E3%82%BF%E3%82%B8%E3%83%BC%E5%A4%A7%E5%92%8C%E9%B6%B4%E9%96%93%E5%BA%97%20%E7%A5%9E%E5%A5%88%E5%B7%9D%E7%9C%8C%E5%A4%A7%E5%92%8C%E5%B8%82%E4%B8%8B%E9%B6%B4%E9%96%93%E4%B8%80%E4%B8%81%E7%9B%AE2%E7%95%AA1%E5%8F%B7%20%E3%82%A4%E3%82%AA%E3%83%B3%E5%A4%A7%E5%92%8C%E9%B6%B4%E9%96%93%E5%BA%973%E9%9A%8E,2026-10-08,https://dcd.aikatsu.com/encore/pdf/shoplist.pdf,官方列出的設置店；未逐店確認現場稼動、台數與卡片庫存。地址定位尚未逐點核對。
モーリーファンタジー久里浜店,日本 神奈川県横須賀市久里浜5丁目13-1 イオン久里浜店2階,神奈川県,關東,070-3100-4842,https://www.google.com/maps/search/?api=1&query=%E3%83%A2%E3%83%BC%E3%83%AA%E3%83%BC%E3%83%95%E3%82%A1%E3%83%B3%E3%82%BF%E3%82%B8%E3%83%BC%E4%B9%85%E9%87%8C%E6%B5%9C%E5%BA%97%20%E7%A5%9E%E5%A5%88%E5%B7%9D%E7%9C%8C%E6%A8%AA%E9%A0%88%E8%B3%80%E5%B8%82%E4%B9%85%E9%87%8C%E6%B5%9C5%E4%B8%81%E7%9B%AE13-1%20%E3%82%A4%E3%82%AA%E3%83%B3%E4%B9%85%E9%87%8C%E6%B5%9C%E5%BA%972%E9%9A%8E,2026-10-08,https://dcd.aikatsu.com/encore/pdf/shoplist.pdf,官方列出的設置店；未逐店確認現場稼動、台數與卡片庫存。地址定位尚未逐點核對。
モーリーファンタジー大和店,日本 神奈川県大和市渋谷6-6-1 イオン大和店3階,神奈川県,關東,070-3100-5231,https://www.google.com/maps/search/?api=1&query=%E3%83%A2%E3%83%BC%E3%83%AA%E3%83%BC%E3%83%95%E3%82%A1%E3%83%B3%E3%82%BF%E3%82%B8%E3%83%BC%E5%A4%A7%E5%92%8C%E5%BA%97%20%E7%A5%9E%E5%A5%88%E5%B7%9D%E7%9C%8C%E5%A4%A7%E5%92%8C%E5%B8%82%E6%B8%8B%E8%B0%B76-6-1%20%E3%82%A4%E3%82%AA%E3%83%B3%E5%A4%A7%E5%92%8C%E5%BA%973%E9%9A%8E,2026-10-08,https://dcd.aikatsu.com/encore/pdf/shoplist.pdf,官方列出的設置店；未逐店確認現場稼動、台數與卡片庫存。地址定位尚未逐點核對。
モーリーファンタジーイオン相模原店,日本 神奈川県相模原市南区古淵2-10-1 イオン相模原店3階,神奈川県,關東,070-3100-5197,https://www.google.com/maps/search/?api=1&query=%E3%83%A2%E3%83%BC%E3%83%AA%E3%83%BC%E3%83%95%E3%82%A1%E3%83%B3%E3%82%BF%E3%82%B8%E3%83%BC%E3%82%A4%E3%82%AA%E3%83%B3%E7%9B%B8%E6%A8%A1%E5%8E%9F%E5%BA%97%20%E7%A5%9E%E5%A5%88%E5%B7%9D%E7%9C%8C%E7%9B%B8%E6%A8%A1%E5%8E%9F%E5%B8%82%E5%8D%97%E5%8C%BA%E5%8F%A4%E6%B7%B52-10-1%20%E3%82%A4%E3%82%AA%E3%83%B3%E7%9B%B8%E6%A8%A1%E5%8E%9F%E5%BA%973%E9%9A%8E,2026-10-08,https://dcd.aikatsu.com/encore/pdf/shoplist.pdf,官方列出的設置店；未逐店確認現場稼動、台數與卡片庫存。地址定位尚未逐點核對。
モーリーファンタジー港北店,日本 神奈川県横浜市都筑区中川中央1-31-1-5083 モザイクモール港北 都筑阪急5階,神奈川県,關東,070-3100-5442,https://www.google.com/maps/search/?api=1&query=%E3%83%A2%E3%83%BC%E3%83%AA%E3%83%BC%E3%83%95%E3%82%A1%E3%83%B3%E3%82%BF%E3%82%B8%E3%83%BC%E6%B8%AF%E5%8C%97%E5%BA%97%20%E7%A5%9E%E5%A5%88%E5%B7%9D%E7%9C%8C%E6%A8%AA%E6%B5%9C%E5%B8%82%E9%83%BD%E7%AD%91%E5%8C%BA%E4%B8%AD%E5%B7%9D%E4%B8%AD%E5%A4%AE1-31-1-5083%20%E3%83%A2%E3%82%B6%E3%82%A4%E3%82%AF%E3%83%A2%E3%83%BC%E3%83%AB%E6%B8%AF%E5%8C%97%20%E9%83%BD%E7%AD%91%E9%98%AA%E6%80%A55%E9%9A%8E,2026-10-08,https://dcd.aikatsu.com/encore/pdf/shoplist.pdf,官方列出的設置店；未逐店確認現場稼動、台數與卡片庫存。地址定位尚未逐點核對。
モーリーファンタジー座間店,日本 神奈川県座間市広野台2-10-4 イオンモール座間店3階,神奈川県,關東,070-3100-7514,https://www.google.com/maps/search/?api=1&query=%E3%83%A2%E3%83%BC%E3%83%AA%E3%83%BC%E3%83%95%E3%82%A1%E3%83%B3%E3%82%BF%E3%82%B8%E3%83%BC%E5%BA%A7%E9%96%93%E5%BA%97%20%E7%A5%9E%E5%A5%88%E5%B7%9D%E7%9C%8C%E5%BA%A7%E9%96%93%E5%B8%82%E5%BA%83%E9%87%8E%E5%8F%B02-10-4%20%E3%82%A4%E3%82%AA%E3%83%B3%E3%83%A2%E3%83%BC%E3%83%AB%E5%BA%A7%E9%96%93%E5%BA%973%E9%9A%8E,2026-10-08,https://dcd.aikatsu.com/encore/pdf/shoplist.pdf,官方列出的設置店；未逐店確認現場稼動、台數與卡片庫存。地址定位尚未逐點核對。
モーリーファンタジー湘南茅ヶ崎店,日本 神奈川県茅ヶ崎市茅ヶ崎2-7-71 イオン湘南茅ヶ崎店2階,神奈川県,關東,070-3100-4104,https://www.google.com/maps/search/?api=1&query=%E3%83%A2%E3%83%BC%E3%83%AA%E3%83%BC%E3%83%95%E3%82%A1%E3%83%B3%E3%82%BF%E3%82%B8%E3%83%BC%E6%B9%98%E5%8D%97%E8%8C%85%E3%83%B6%E5%B4%8E%E5%BA%97%20%E7%A5%9E%E5%A5%88%E5%B7%9D%E7%9C%8C%E8%8C%85%E3%83%B6%E5%B4%8E%E5%B8%82%E8%8C%85%E3%83%B6%E5%B4%8E2-7-71%20%E3%82%A4%E3%82%AA%E3%83%B3%E6%B9%98%E5%8D%97%E8%8C%85%E3%83%B6%E5%B4%8E%E5%BA%972%E9%9A%8E,2026-10-08,https://dcd.aikatsu.com/encore/pdf/shoplist.pdf,官方列出的設置店；未逐店確認現場稼動、台數與卡片庫存。地址定位尚未逐點核對。
モーリーファンタジー本牧店,日本 神奈川県横浜市中区本牧原7-1 イオン本牧店5階,神奈川県,關東,070-3100-4280,https://www.google.com/maps/search/?api=1&query=%E3%83%A2%E3%83%BC%E3%83%AA%E3%83%BC%E3%83%95%E3%82%A1%E3%83%B3%E3%82%BF%E3%82%B8%E3%83%BC%E6%9C%AC%E7%89%A7%E5%BA%97%20%E7%A5%9E%E5%A5%88%E5%B7%9D%E7%9C%8C%E6%A8%AA%E6%B5%9C%E5%B8%82%E4%B8%AD%E5%8C%BA%E6%9C%AC%E7%89%A7%E5%8E%9F7-1%20%E3%82%A4%E3%82%AA%E3%83%B3%E6%9C%AC%E7%89%A7%E5%BA%975%E9%9A%8E,2026-10-08,https://dcd.aikatsu.com/encore/pdf/shoplist.pdf,官方列出的設置店；未逐店確認現場稼動、台數與卡片庫存。地址定位尚未逐點核對。
モーリーファンタジー金沢八景店,日本 神奈川県横浜市金沢区泥亀1-27-1 イオン金沢八景店２階,神奈川県,關東,070-3100-4623,https://www.google.com/maps/search/?api=1&query=%E3%83%A2%E3%83%BC%E3%83%AA%E3%83%BC%E3%83%95%E3%82%A1%E3%83%B3%E3%82%BF%E3%82%B8%E3%83%BC%E9%87%91%E6%B2%A2%E5%85%AB%E6%99%AF%E5%BA%97%20%E7%A5%9E%E5%A5%88%E5%B7%9D%E7%9C%8C%E6%A8%AA%E6%B5%9C%E5%B8%82%E9%87%91%E6%B2%A2%E5%8C%BA%E6%B3%A5%E4%BA%801-27-1%20%E3%82%A4%E3%82%AA%E3%83%B3%E9%87%91%E6%B2%A2%E5%85%AB%E6%99%AF%E5%BA%97%EF%BC%92%E9%9A%8E,2026-10-08,https://dcd.aikatsu.com/encore/pdf/shoplist.pdf,官方列出的設置店；未逐店確認現場稼動、台數與卡片庫存。地址定位尚未逐點核對。
モーリーファンタジー港南台店,日本 神奈川県横浜市港南区港南台3-1-2 イオンフードスタイル港南台店4階,神奈川県,關東,070-3100-3799,https://www.google.com/maps/search/?api=1&query=%E3%83%A2%E3%83%BC%E3%83%AA%E3%83%BC%E3%83%95%E3%82%A1%E3%83%B3%E3%82%BF%E3%82%B8%E3%83%BC%E6%B8%AF%E5%8D%97%E5%8F%B0%E5%BA%97%20%E7%A5%9E%E5%A5%88%E5%B7%9D%E7%9C%8C%E6%A8%AA%E6%B5%9C%E5%B8%82%E6%B8%AF%E5%8D%97%E5%8C%BA%E6%B8%AF%E5%8D%97%E5%8F%B03-1-2%20%E3%82%A4%E3%82%AA%E3%83%B3%E3%83%95%E3%83%BC%E3%83%89%E3%82%B9%E3%82%BF%E3%82%A4%E3%83%AB%E6%B8%AF%E5%8D%97%E5%8F%B0%E5%BA%974%E9%9A%8E,2026-10-08,https://dcd.aikatsu.com/encore/pdf/shoplist.pdf,官方列出的設置店；未逐店確認現場稼動、台數與卡片庫存。地址定位尚未逐點核對。
モーリーファンタジー東戸塚店,日本 神奈川県横浜市戸塚区品濃町535-1 イオン東戸塚店３階,神奈川県,關東,070-3100-3980,https://www.google.com/maps/search/?api=1&query=%E3%83%A2%E3%83%BC%E3%83%AA%E3%83%BC%E3%83%95%E3%82%A1%E3%83%B3%E3%82%BF%E3%82%B8%E3%83%BC%E6%9D%B1%E6%88%B8%E5%A1%9A%E5%BA%97%20%E7%A5%9E%E5%A5%88%E5%B7%9D%E7%9C%8C%E6%A8%AA%E6%B5%9C%E5%B8%82%E6%88%B8%E5%A1%9A%E5%8C%BA%E5%93%81%E6%BF%83%E7%94%BA535-1%20%E3%82%A4%E3%82%AA%E3%83%B3%E6%9D%B1%E6%88%B8%E5%A1%9A%E5%BA%97%EF%BC%93%E9%9A%8E,2026-10-08,https://dcd.aikatsu.com/encore/pdf/shoplist.pdf,官方列出的設置店；未逐店確認現場稼動、台數與卡片庫存。地址定位尚未逐點核對。
モーリーファンタジーサクラス戸塚店,日本 神奈川県横浜市戸塚区戸塚町4253-1 サクラス戸塚2階,神奈川県,關東,070-3100-3974,https://www.google.com/maps/search/?api=1&query=%E3%83%A2%E3%83%BC%E3%83%AA%E3%83%BC%E3%83%95%E3%82%A1%E3%83%B3%E3%82%BF%E3%82%B8%E3%83%BC%E3%82%B5%E3%82%AF%E3%83%A9%E3%82%B9%E6%88%B8%E5%A1%9A%E5%BA%97%20%E7%A5%9E%E5%A5%88%E5%B7%9D%E7%9C%8C%E6%A8%AA%E6%B5%9C%E5%B8%82%E6%88%B8%E5%A1%9A%E5%8C%BA%E6%88%B8%E5%A1%9A%E7%94%BA4253-1%20%E3%82%B5%E3%82%AF%E3%83%A9%E3%82%B9%E6%88%B8%E5%A1%9A2%E9%9A%8E,2026-10-08,https://dcd.aikatsu.com/encore/pdf/shoplist.pdf,官方列出的設置店；未逐店確認現場稼動、台數與卡片庫存。地址定位尚未逐點核對。
モーリーファンタジー川崎小田栄店,日本 神奈川県川崎市川崎区小田栄2丁目3番1号 ホームセンターコーナン川崎小田栄２階,神奈川県,關東,070-3100-3977,https://www.google.com/maps/search/?api=1&query=%E3%83%A2%E3%83%BC%E3%83%AA%E3%83%BC%E3%83%95%E3%82%A1%E3%83%B3%E3%82%BF%E3%82%B8%E3%83%BC%E5%B7%9D%E5%B4%8E%E5%B0%8F%E7%94%B0%E6%A0%84%E5%BA%97%20%E7%A5%9E%E5%A5%88%E5%B7%9D%E7%9C%8C%E5%B7%9D%E5%B4%8E%E5%B8%82%E5%B7%9D%E5%B4%8E%E5%8C%BA%E5%B0%8F%E7%94%B0%E6%A0%842%E4%B8%81%E7%9B%AE3%E7%95%AA1%E5%8F%B7%20%E3%83%9B%E3%83%BC%E3%83%A0%E3%82%BB%E3%83%B3%E3%82%BF%E3%83%BC%E3%82%B3%E3%83%BC%E3%83%8A%E3%83%B3%E5%B7%9D%E5%B4%8E%E5%B0%8F%E7%94%B0%E6%A0%84%EF%BC%92%E9%9A%8E,2026-10-08,https://dcd.aikatsu.com/encore/pdf/shoplist.pdf,官方列出的設置店；未逐店確認現場稼動、台數與卡片庫存。地址定位尚未逐點核對。
ビックカメラ藤沢店,日本 神奈川県藤沢市藤沢５５９,神奈川県,關東,0466-29-1111,https://www.google.com/maps/search/?api=1&query=%E3%83%93%E3%83%83%E3%82%AF%E3%82%AB%E3%83%A1%E3%83%A9%E8%97%A4%E6%B2%A2%E5%BA%97%20%E7%A5%9E%E5%A5%88%E5%B7%9D%E7%9C%8C%E8%97%A4%E6%B2%A2%E5%B8%82%E8%97%A4%E6%B2%A2%EF%BC%95%EF%BC%95%EF%BC%99,2026-10-08,https://dcd.aikatsu.com/encore/pdf/shoplist.pdf,官方列出的設置店；未逐店確認現場稼動、台數與卡片庫存。地址定位尚未逐點核對。
イトーヨーカドー湘南台店,日本 神奈川県藤沢市石川６－２－１,神奈川県,關東,0466-87-5511,https://www.google.com/maps/search/?api=1&query=%E3%82%A4%E3%83%88%E3%83%BC%E3%83%A8%E3%83%BC%E3%82%AB%E3%83%89%E3%83%BC%E6%B9%98%E5%8D%97%E5%8F%B0%E5%BA%97%20%E7%A5%9E%E5%A5%88%E5%B7%9D%E7%9C%8C%E8%97%A4%E6%B2%A2%E5%B8%82%E7%9F%B3%E5%B7%9D%EF%BC%96%EF%BC%8D%EF%BC%92%EF%BC%8D%EF%BC%91,2026-10-08,https://dcd.aikatsu.com/encore/pdf/shoplist.pdf,官方列出的設置店；未逐店確認現場稼動、台數與卡片庫存。地址定位尚未逐點核對。
ＬＡＢＩ ＬＩＦＥ ＳＥＬＥＣＴ 茅ヶ崎,日本 神奈川県茅ヶ崎市新栄町１２－３,神奈川県,關東,0467-30-9011,https://www.google.com/maps/search/?api=1&query=%EF%BC%AC%EF%BC%A1%EF%BC%A2%EF%BC%A9%20%EF%BC%AC%EF%BC%A9%EF%BC%A6%EF%BC%A5%20%EF%BC%B3%EF%BC%A5%EF%BC%AC%EF%BC%A5%EF%BC%A3%EF%BC%B4%20%E8%8C%85%E3%83%B6%E5%B4%8E%20%E7%A5%9E%E5%A5%88%E5%B7%9D%E7%9C%8C%E8%8C%85%E3%83%B6%E5%B4%8E%E5%B8%82%E6%96%B0%E6%A0%84%E7%94%BA%EF%BC%91%EF%BC%92%EF%BC%8D%EF%BC%93,2026-10-08,https://dcd.aikatsu.com/encore/pdf/shoplist.pdf,官方列出的設置店；未逐店確認現場稼動、台數與卡片庫存。地址定位尚未逐點核對。
テックランド磯子,日本 神奈川県横浜市磯子区磯子１－２－１,神奈川県,關東,045-754-3111,https://www.google.com/maps/search/?api=1&query=%E3%83%86%E3%83%83%E3%82%AF%E3%83%A9%E3%83%B3%E3%83%89%E7%A3%AF%E5%AD%90%20%E7%A5%9E%E5%A5%88%E5%B7%9D%E7%9C%8C%E6%A8%AA%E6%B5%9C%E5%B8%82%E7%A3%AF%E5%AD%90%E5%8C%BA%E7%A3%AF%E5%AD%90%EF%BC%91%EF%BC%8D%EF%BC%92%EF%BC%8D%EF%BC%91,2026-10-08,https://dcd.aikatsu.com/encore/pdf/shoplist.pdf,官方列出的設置店；未逐店確認現場稼動、台數與卡片庫存。地址定位尚未逐點核對。
ヨドバシカメラ マルチメディア京急上大岡,日本 神奈川県横浜市港南区上大岡西１－６－１ 京急百貨店８Ｆ,神奈川県,關東,045-845-1010,https://www.google.com/maps/search/?api=1&query=%E3%83%A8%E3%83%89%E3%83%90%E3%82%B7%E3%82%AB%E3%83%A1%E3%83%A9%20%E3%83%9E%E3%83%AB%E3%83%81%E3%83%A1%E3%83%87%E3%82%A3%E3%82%A2%E4%BA%AC%E6%80%A5%E4%B8%8A%E5%A4%A7%E5%B2%A1%20%E7%A5%9E%E5%A5%88%E5%B7%9D%E7%9C%8C%E6%A8%AA%E6%B5%9C%E5%B8%82%E6%B8%AF%E5%8D%97%E5%8C%BA%E4%B8%8A%E5%A4%A7%E5%B2%A1%E8%A5%BF%EF%BC%91%EF%BC%8D%EF%BC%96%EF%BC%8D%EF%BC%91%20%E4%BA%AC%E6%80%A5%E7%99%BE%E8%B2%A8%E5%BA%97%EF%BC%98%EF%BC%A6,2026-10-08,https://dcd.aikatsu.com/encore/pdf/shoplist.pdf,官方列出的設置店；未逐店確認現場稼動、台數與卡片庫存。地址定位尚未逐點核對。
アピタ戸塚,日本 神奈川県横浜市戸塚区上倉田町７６９－１,神奈川県,關東,045-864-1201,https://www.google.com/maps/search/?api=1&query=%E3%82%A2%E3%83%94%E3%82%BF%E6%88%B8%E5%A1%9A%20%E7%A5%9E%E5%A5%88%E5%B7%9D%E7%9C%8C%E6%A8%AA%E6%B5%9C%E5%B8%82%E6%88%B8%E5%A1%9A%E5%8C%BA%E4%B8%8A%E5%80%89%E7%94%B0%E7%94%BA%EF%BC%97%EF%BC%96%EF%BC%99%EF%BC%8D%EF%BC%91,2026-10-08,https://dcd.aikatsu.com/encore/pdf/shoplist.pdf,官方列出的設置店；未逐店確認現場稼動、台數與卡片庫存。地址定位尚未逐點核對。
Tecc LIFE SELECT横浜本店,日本 神奈川県横浜市戸塚区平戸町100-1,神奈川県,關東,045-522-1792,https://www.google.com/maps/search/?api=1&query=Tecc%20LIFE%20SELECT%E6%A8%AA%E6%B5%9C%E6%9C%AC%E5%BA%97%20%E7%A5%9E%E5%A5%88%E5%B7%9D%E7%9C%8C%E6%A8%AA%E6%B5%9C%E5%B8%82%E6%88%B8%E5%A1%9A%E5%8C%BA%E5%B9%B3%E6%88%B8%E7%94%BA100-1,2026-10-08,https://dcd.aikatsu.com/encore/pdf/shoplist.pdf,官方列出的設置店；未逐店確認現場稼動、台數與卡片庫存。地址定位尚未逐點核對。
イトーヨーカドー立場店,日本 神奈川県横浜市泉区中田西１－１－１５,神奈川県,關東,045-805-2111,https://www.google.com/maps/search/?api=1&query=%E3%82%A4%E3%83%88%E3%83%BC%E3%83%A8%E3%83%BC%E3%82%AB%E3%83%89%E3%83%BC%E7%AB%8B%E5%A0%B4%E5%BA%97%20%E7%A5%9E%E5%A5%88%E5%B7%9D%E7%9C%8C%E6%A8%AA%E6%B5%9C%E5%B8%82%E6%B3%89%E5%8C%BA%E4%B8%AD%E7%94%B0%E8%A5%BF%EF%BC%91%EF%BC%8D%EF%BC%91%EF%BC%8D%EF%BC%91%EF%BC%95,2026-10-08,https://dcd.aikatsu.com/encore/pdf/shoplist.pdf,官方列出的設置店；未逐店確認現場稼動、台數與卡片庫存。地址定位尚未逐點核對。
イトーヨーカドー大和鶴間店,日本 神奈川県大和市下鶴間１－３－１,神奈川県,關東,046-261-1211,https://www.google.com/maps/search/?api=1&query=%E3%82%A4%E3%83%88%E3%83%BC%E3%83%A8%E3%83%BC%E3%82%AB%E3%83%89%E3%83%BC%E5%A4%A7%E5%92%8C%E9%B6%B4%E9%96%93%E5%BA%97%20%E7%A5%9E%E5%A5%88%E5%B7%9D%E7%9C%8C%E5%A4%A7%E5%92%8C%E5%B8%82%E4%B8%8B%E9%B6%B4%E9%96%93%EF%BC%91%EF%BC%8D%EF%BC%93%EF%BC%8D%EF%BC%91,2026-10-08,https://dcd.aikatsu.com/encore/pdf/shoplist.pdf,官方列出的設置店；未逐店確認現場稼動、台數與卡片庫存。地址定位尚未逐點核對。
ビックカメラ相模大野駅店,日本 神奈川県相模原市南区相模大野３－８－１ 相模大野ステーションスクエアＢ館６階,神奈川県,關東,042-701-1111,https://www.google.com/maps/search/?api=1&query=%E3%83%93%E3%83%83%E3%82%AF%E3%82%AB%E3%83%A1%E3%83%A9%E7%9B%B8%E6%A8%A1%E5%A4%A7%E9%87%8E%E9%A7%85%E5%BA%97%20%E7%A5%9E%E5%A5%88%E5%B7%9D%E7%9C%8C%E7%9B%B8%E6%A8%A1%E5%8E%9F%E5%B8%82%E5%8D%97%E5%8C%BA%E7%9B%B8%E6%A8%A1%E5%A4%A7%E9%87%8E%EF%BC%93%EF%BC%8D%EF%BC%98%EF%BC%8D%EF%BC%91%20%E7%9B%B8%E6%A8%A1%E5%A4%A7%E9%87%8E%E3%82%B9%E3%83%86%E3%83%BC%E3%82%B7%E3%83%A7%E3%83%B3%E3%82%B9%E3%82%AF%E3%82%A8%E3%82%A2%EF%BC%A2%E9%A4%A8%EF%BC%96%E9%9A%8E,2026-10-08,https://dcd.aikatsu.com/encore/pdf/shoplist.pdf,官方列出的設置店；未逐店確認現場稼動、台數與卡片庫存。地址定位尚未逐點核對。
イトーヨーカドーアリオ橋本店,日本 神奈川県相模原市緑区大山町１－２２,神奈川県,關東,042-779-8111,https://www.google.com/maps/search/?api=1&query=%E3%82%A4%E3%83%88%E3%83%BC%E3%83%A8%E3%83%BC%E3%82%AB%E3%83%89%E3%83%BC%E3%82%A2%E3%83%AA%E3%82%AA%E6%A9%8B%E6%9C%AC%E5%BA%97%20%E7%A5%9E%E5%A5%88%E5%B7%9D%E7%9C%8C%E7%9B%B8%E6%A8%A1%E5%8E%9F%E5%B8%82%E7%B7%91%E5%8C%BA%E5%A4%A7%E5%B1%B1%E7%94%BA%EF%BC%91%EF%BC%8D%EF%BC%92%EF%BC%92,2026-10-08,https://dcd.aikatsu.com/encore/pdf/shoplist.pdf,官方列出的設置店；未逐店確認現場稼動、台數與卡片庫存。地址定位尚未逐點核對。
ＬＩＶＩＮよこすか,日本 神奈川県横須賀市平成町３－２１－４,神奈川県,關東,046-821-6311,https://www.google.com/maps/search/?api=1&query=%EF%BC%AC%EF%BC%A9%EF%BC%B6%EF%BC%A9%EF%BC%AE%E3%82%88%E3%81%93%E3%81%99%E3%81%8B%20%E7%A5%9E%E5%A5%88%E5%B7%9D%E7%9C%8C%E6%A8%AA%E9%A0%88%E8%B3%80%E5%B8%82%E5%B9%B3%E6%88%90%E7%94%BA%EF%BC%93%EF%BC%8D%EF%BC%92%EF%BC%91%EF%BC%8D%EF%BC%94,2026-10-08,https://dcd.aikatsu.com/encore/pdf/shoplist.pdf,官方列出的設置店；未逐店確認現場稼動、台數與卡片庫存。地址定位尚未逐點核對。
イトーヨーカドーららぽーと横浜店,日本 神奈川県横浜市都筑区池辺町４０３５－１,神奈川県,關東,045-931-9911,https://www.google.com/maps/search/?api=1&query=%E3%82%A4%E3%83%88%E3%83%BC%E3%83%A8%E3%83%BC%E3%82%AB%E3%83%89%E3%83%BC%E3%82%89%E3%82%89%E3%81%BD%E3%83%BC%E3%81%A8%E6%A8%AA%E6%B5%9C%E5%BA%97%20%E7%A5%9E%E5%A5%88%E5%B7%9D%E7%9C%8C%E6%A8%AA%E6%B5%9C%E5%B8%82%E9%83%BD%E7%AD%91%E5%8C%BA%E6%B1%A0%E8%BE%BA%E7%94%BA%EF%BC%94%EF%BC%90%EF%BC%93%EF%BC%95%EF%BC%8D%EF%BC%91,2026-10-08,https://dcd.aikatsu.com/encore/pdf/shoplist.pdf,官方列出的設置店；未逐店確認現場稼動、台數與卡片庫存。地址定位尚未逐點核對。
イトーヨーカドーたまプラーザ店,日本 神奈川県横浜市青葉区美しが丘１－６－１,神奈川県,關東,045-901-9311,https://www.google.com/maps/search/?api=1&query=%E3%82%A4%E3%83%88%E3%83%BC%E3%83%A8%E3%83%BC%E3%82%AB%E3%83%89%E3%83%BC%E3%81%9F%E3%81%BE%E3%83%97%E3%83%A9%E3%83%BC%E3%82%B6%E5%BA%97%20%E7%A5%9E%E5%A5%88%E5%B7%9D%E7%9C%8C%E6%A8%AA%E6%B5%9C%E5%B8%82%E9%9D%92%E8%91%89%E5%8C%BA%E7%BE%8E%E3%81%97%E3%81%8C%E4%B8%98%EF%BC%91%EF%BC%8D%EF%BC%96%EF%BC%8D%EF%BC%91,2026-10-08,https://dcd.aikatsu.com/encore/pdf/shoplist.pdf,官方列出的設置店；未逐店確認現場稼動、台數與卡片庫存。地址定位尚未逐點核對。
ヨドバシカメラ マルチメディア横浜,日本 神奈川県横浜市西区北幸１－２－７ ６Ｆゲームホビー,神奈川県,關東,045-313-1010,https://www.google.com/maps/search/?api=1&query=%E3%83%A8%E3%83%89%E3%83%90%E3%82%B7%E3%82%AB%E3%83%A1%E3%83%A9%20%E3%83%9E%E3%83%AB%E3%83%81%E3%83%A1%E3%83%87%E3%82%A3%E3%82%A2%E6%A8%AA%E6%B5%9C%20%E7%A5%9E%E5%A5%88%E5%B7%9D%E7%9C%8C%E6%A8%AA%E6%B5%9C%E5%B8%82%E8%A5%BF%E5%8C%BA%E5%8C%97%E5%B9%B8%EF%BC%91%EF%BC%8D%EF%BC%92%EF%BC%8D%EF%BC%97%20%EF%BC%96%EF%BC%A6%E3%82%B2%E3%83%BC%E3%83%A0%E3%83%9B%E3%83%93%E3%83%BC,2026-10-08,https://dcd.aikatsu.com/encore/pdf/shoplist.pdf,官方列出的設置店；未逐店確認現場稼動、台數與卡片庫存。地址定位尚未逐點核對。
ビックカメラ新横浜店,日本 神奈川県横浜市港北区新横浜２－１００－４５ キュ－ビックプラザ新横浜,神奈川県,關東,045-478-1111,https://www.google.com/maps/search/?api=1&query=%E3%83%93%E3%83%83%E3%82%AF%E3%82%AB%E3%83%A1%E3%83%A9%E6%96%B0%E6%A8%AA%E6%B5%9C%E5%BA%97%20%E7%A5%9E%E5%A5%88%E5%B7%9D%E7%9C%8C%E6%A8%AA%E6%B5%9C%E5%B8%82%E6%B8%AF%E5%8C%97%E5%8C%BA%E6%96%B0%E6%A8%AA%E6%B5%9C%EF%BC%92%EF%BC%8D%EF%BC%91%EF%BC%90%EF%BC%90%EF%BC%8D%EF%BC%94%EF%BC%95%20%E3%82%AD%E3%83%A5%EF%BC%8D%E3%83%93%E3%83%83%E3%82%AF%E3%83%97%E3%83%A9%E3%82%B6%E6%96%B0%E6%A8%AA%E6%B5%9C,2026-10-08,https://dcd.aikatsu.com/encore/pdf/shoplist.pdf,官方列出的設置店；未逐店確認現場稼動、台數與卡片庫存。地址定位尚未逐點核對。
ＭＥＧＡドン・キホーテＵＮＹ大口,日本 神奈川県横浜市神奈川区神之木町２ー３０,神奈川県,關東,045-433-1411,https://www.google.com/maps/search/?api=1&query=%EF%BC%AD%EF%BC%A5%EF%BC%A7%EF%BC%A1%E3%83%89%E3%83%B3%E3%83%BB%E3%82%AD%E3%83%9B%E3%83%BC%E3%83%86%EF%BC%B5%EF%BC%AE%EF%BC%B9%E5%A4%A7%E5%8F%A3%20%E7%A5%9E%E5%A5%88%E5%B7%9D%E7%9C%8C%E6%A8%AA%E6%B5%9C%E5%B8%82%E7%A5%9E%E5%A5%88%E5%B7%9D%E5%8C%BA%E7%A5%9E%E4%B9%8B%E6%9C%A8%E7%94%BA%EF%BC%92%E3%83%BC%EF%BC%93%EF%BC%90,2026-10-08,https://dcd.aikatsu.com/encore/pdf/shoplist.pdf,官方列出的設置店；未逐店確認現場稼動、台數與卡片庫存。地址定位尚未逐點核對。
ヨドバシカメラ マルチメディア川崎ルフロン,日本 神奈川県川崎市川崎区日進町１－１１ ヨドバシカメラ４Ｆ玩具,神奈川県,關東,044-223-1010,https://www.google.com/maps/search/?api=1&query=%E3%83%A8%E3%83%89%E3%83%90%E3%82%B7%E3%82%AB%E3%83%A1%E3%83%A9%20%E3%83%9E%E3%83%AB%E3%83%81%E3%83%A1%E3%83%87%E3%82%A3%E3%82%A2%E5%B7%9D%E5%B4%8E%E3%83%AB%E3%83%95%E3%83%AD%E3%83%B3%20%E7%A5%9E%E5%A5%88%E5%B7%9D%E7%9C%8C%E5%B7%9D%E5%B4%8E%E5%B8%82%E5%B7%9D%E5%B4%8E%E5%8C%BA%E6%97%A5%E9%80%B2%E7%94%BA%EF%BC%91%EF%BC%8D%EF%BC%91%EF%BC%91%20%E3%83%A8%E3%83%89%E3%83%90%E3%82%B7%E3%82%AB%E3%83%A1%E3%83%A9%EF%BC%94%EF%BC%A6%E7%8E%A9%E5%85%B7,2026-10-08,https://dcd.aikatsu.com/encore/pdf/shoplist.pdf,官方列出的設置店；未逐店確認現場稼動、台數與卡片庫存。地址定位尚未逐點核對。
ビックカメララゾーナ川崎店,日本 神奈川県川崎市幸区堀川町７２－１,神奈川県,關東,044-520-1111,https://www.google.com/maps/search/?api=1&query=%E3%83%93%E3%83%83%E3%82%AF%E3%82%AB%E3%83%A1%E3%83%A9%E3%83%A9%E3%82%BE%E3%83%BC%E3%83%8A%E5%B7%9D%E5%B4%8E%E5%BA%97%20%E7%A5%9E%E5%A5%88%E5%B7%9D%E7%9C%8C%E5%B7%9D%E5%B4%8E%E5%B8%82%E5%B9%B8%E5%8C%BA%E5%A0%80%E5%B7%9D%E7%94%BA%EF%BC%97%EF%BC%92%EF%BC%8D%EF%BC%91,2026-10-08,https://dcd.aikatsu.com/encore/pdf/shoplist.pdf,官方列出的設置店；未逐店確認現場稼動、台數與卡片庫存。地址定位尚未逐點核對。
イトーヨーカドーグランツリー武蔵小杉店,日本 神奈川県川崎市中原区新丸子東３丁目１１３５-1,神奈川県,關東,044-422-3111,https://www.google.com/maps/search/?api=1&query=%E3%82%A4%E3%83%88%E3%83%BC%E3%83%A8%E3%83%BC%E3%82%AB%E3%83%89%E3%83%BC%E3%82%B0%E3%83%A9%E3%83%B3%E3%83%84%E3%83%AA%E3%83%BC%E6%AD%A6%E8%94%B5%E5%B0%8F%E6%9D%89%E5%BA%97%20%E7%A5%9E%E5%A5%88%E5%B7%9D%E7%9C%8C%E5%B7%9D%E5%B4%8E%E5%B8%82%E4%B8%AD%E5%8E%9F%E5%8C%BA%E6%96%B0%E4%B8%B8%E5%AD%90%E6%9D%B1%EF%BC%93%E4%B8%81%E7%9B%AE%EF%BC%91%EF%BC%91%EF%BC%93%EF%BC%95-1,2026-10-08,https://dcd.aikatsu.com/encore/pdf/shoplist.pdf,官方列出的設置店；未逐店確認現場稼動、台數與卡片庫存。地址定位尚未逐點核對。
タイトーFステーション向ケ丘遊園,日本 神奈川県川崎市多摩区登戸2718-1,神奈川県,關東,044-281-3500,https://www.google.com/maps/search/?api=1&query=%E3%82%BF%E3%82%A4%E3%83%88%E3%83%BCF%E3%82%B9%E3%83%86%E3%83%BC%E3%82%B7%E3%83%A7%E3%83%B3%E5%90%91%E3%82%B1%E4%B8%98%E9%81%8A%E5%9C%92%20%E7%A5%9E%E5%A5%88%E5%B7%9D%E7%9C%8C%E5%B7%9D%E5%B4%8E%E5%B8%82%E5%A4%9A%E6%91%A9%E5%8C%BA%E7%99%BB%E6%88%B82718-1,2026-10-08,https://dcd.aikatsu.com/encore/pdf/shoplist.pdf,官方列出的設置店；未逐店確認現場稼動、台數與卡片庫存。地址定位尚未逐點核對。
GiGO本藤沢,日本 神奈川県藤沢市本藤沢5-6-8,神奈川県,關東,070-6437-6046,https://www.google.com/maps/search/?api=1&query=GiGO%E6%9C%AC%E8%97%A4%E6%B2%A2%20%E7%A5%9E%E5%A5%88%E5%B7%9D%E7%9C%8C%E8%97%A4%E6%B2%A2%E5%B8%82%E6%9C%AC%E8%97%A4%E6%B2%A25-6-8,2026-10-08,https://dcd.aikatsu.com/encore/pdf/shoplist.pdf,官方列出的設置店；未逐店確認現場稼動、台數與卡片庫存。地址定位尚未逐點核對。
GiGOイオンスタイル東神奈川,日本 神奈川県横浜市神奈川区富家町1 ｲｵﾝｽﾀｲﾙ東神奈川 4F,神奈川県,關東,080-7185-4075,https://www.google.com/maps/search/?api=1&query=GiGO%E3%82%A4%E3%82%AA%E3%83%B3%E3%82%B9%E3%82%BF%E3%82%A4%E3%83%AB%E6%9D%B1%E7%A5%9E%E5%A5%88%E5%B7%9D%20%E7%A5%9E%E5%A5%88%E5%B7%9D%E7%9C%8C%E6%A8%AA%E6%B5%9C%E5%B8%82%E7%A5%9E%E5%A5%88%E5%B7%9D%E5%8C%BA%E5%AF%8C%E5%AE%B6%E7%94%BA1%20%EF%BD%B2%EF%BD%B5%EF%BE%9D%EF%BD%BD%EF%BE%80%EF%BD%B2%EF%BE%99%E6%9D%B1%E7%A5%9E%E5%A5%88%E5%B7%9D%204F,2026-10-08,https://dcd.aikatsu.com/encore/pdf/shoplist.pdf,官方列出的設置店；未逐店確認現場稼動、台數與卡片庫存。地址定位尚未逐點核對。
GiGOアリオ橋本,日本 神奈川県相模原市緑区大山町１－２２ アリオ橋本店内２階,神奈川県,關東,042-703-0133,https://www.google.com/maps/search/?api=1&query=GiGO%E3%82%A2%E3%83%AA%E3%82%AA%E6%A9%8B%E6%9C%AC%20%E7%A5%9E%E5%A5%88%E5%B7%9D%E7%9C%8C%E7%9B%B8%E6%A8%A1%E5%8E%9F%E5%B8%82%E7%B7%91%E5%8C%BA%E5%A4%A7%E5%B1%B1%E7%94%BA%EF%BC%91%EF%BC%8D%EF%BC%92%EF%BC%92%20%E3%82%A2%E3%83%AA%E3%82%AA%E6%A9%8B%E6%9C%AC%E5%BA%97%E5%86%85%EF%BC%92%E9%9A%8E,2026-10-08,https://dcd.aikatsu.com/encore/pdf/shoplist.pdf,官方列出的設置店；未逐店確認現場稼動、台數與卡片庫存。地址定位尚未逐點核對。
GiGOクレーンゲームオアシス都筑,日本 神奈川県横浜市都筑区川和町846-1,神奈川県,關東,080-7458-5926,https://www.google.com/maps/search/?api=1&query=GiGO%E3%82%AF%E3%83%AC%E3%83%BC%E3%83%B3%E3%82%B2%E3%83%BC%E3%83%A0%E3%82%AA%E3%82%A2%E3%82%B7%E3%82%B9%E9%83%BD%E7%AD%91%20%E7%A5%9E%E5%A5%88%E5%B7%9D%E7%9C%8C%E6%A8%AA%E6%B5%9C%E5%B8%82%E9%83%BD%E7%AD%91%E5%8C%BA%E5%B7%9D%E5%92%8C%E7%94%BA846-1,2026-10-08,https://dcd.aikatsu.com/encore/pdf/shoplist.pdf,官方列出的設置店；未逐店確認現場稼動、台數與卡片庫存。地址定位尚未逐點核對。
GiGO海老名,日本 神奈川県海老名市中央1-4-31 海老名プラザビル1F,神奈川県,關東,070-1458-9763,https://www.google.com/maps/search/?api=1&query=GiGO%E6%B5%B7%E8%80%81%E5%90%8D%20%E7%A5%9E%E5%A5%88%E5%B7%9D%E7%9C%8C%E6%B5%B7%E8%80%81%E5%90%8D%E5%B8%82%E4%B8%AD%E5%A4%AE1-4-31%20%E6%B5%B7%E8%80%81%E5%90%8D%E3%83%97%E3%83%A9%E3%82%B6%E3%83%93%E3%83%AB1F,2026-10-08,https://dcd.aikatsu.com/encore/pdf/shoplist.pdf,官方列出的設置店；未逐店確認現場稼動、台數與卡片庫存。地址定位尚未逐點核對。
GiGO港北インター,日本 神奈川県横浜市都筑区東方町321-6,神奈川県,關東,045-474-6604,https://www.google.com/maps/search/?api=1&query=GiGO%E6%B8%AF%E5%8C%97%E3%82%A4%E3%83%B3%E3%82%BF%E3%83%BC%20%E7%A5%9E%E5%A5%88%E5%B7%9D%E7%9C%8C%E6%A8%AA%E6%B5%9C%E5%B8%82%E9%83%BD%E7%AD%91%E5%8C%BA%E6%9D%B1%E6%96%B9%E7%94%BA321-6,2026-10-08,https://dcd.aikatsu.com/encore/pdf/shoplist.pdf,官方列出的設置店；未逐店確認現場稼動、台數與卡片庫存。地址定位尚未逐點核對。
GiGOセンター南,日本 神奈川県横浜市都筑区茅ケ崎中央3-25,神奈川県,關東,070-1459-0779,https://www.google.com/maps/search/?api=1&query=GiGO%E3%82%BB%E3%83%B3%E3%82%BF%E3%83%BC%E5%8D%97%20%E7%A5%9E%E5%A5%88%E5%B7%9D%E7%9C%8C%E6%A8%AA%E6%B5%9C%E5%B8%82%E9%83%BD%E7%AD%91%E5%8C%BA%E8%8C%85%E3%82%B1%E5%B4%8E%E4%B8%AD%E5%A4%AE3-25,2026-10-08,https://dcd.aikatsu.com/encore/pdf/shoplist.pdf,官方列出的設置店；未逐店確認現場稼動、台數與卡片庫存。地址定位尚未逐點核對。
GiGOホームズ川崎大師,日本 神奈川県川崎市川崎区中瀬３－２０－２０ ホームズ川崎大師店内２階,神奈川県,關東,080-7717-3152,https://www.google.com/maps/search/?api=1&query=GiGO%E3%83%9B%E3%83%BC%E3%83%A0%E3%82%BA%E5%B7%9D%E5%B4%8E%E5%A4%A7%E5%B8%AB%20%E7%A5%9E%E5%A5%88%E5%B7%9D%E7%9C%8C%E5%B7%9D%E5%B4%8E%E5%B8%82%E5%B7%9D%E5%B4%8E%E5%8C%BA%E4%B8%AD%E7%80%AC%EF%BC%93%EF%BC%8D%EF%BC%92%EF%BC%90%EF%BC%8D%EF%BC%92%EF%BC%90%20%E3%83%9B%E3%83%BC%E3%83%A0%E3%82%BA%E5%B7%9D%E5%B4%8E%E5%A4%A7%E5%B8%AB%E5%BA%97%E5%86%85%EF%BC%92%E9%9A%8E,2026-10-08,https://dcd.aikatsu.com/encore/pdf/shoplist.pdf,官方列出的設置店；未逐店確認現場稼動、台數與卡片庫存。地址定位尚未逐點核對。
イトーヨーカドーららぽーと横浜2Fゲームコーナー,日本 神奈川県横浜市都筑区池辺町4035-1 ｲﾄｰﾖｰｶﾄﾞｰららぽーと横浜2F,神奈川県,關東,080-4408-4617,https://www.google.com/maps/search/?api=1&query=%E3%82%A4%E3%83%88%E3%83%BC%E3%83%A8%E3%83%BC%E3%82%AB%E3%83%89%E3%83%BC%E3%82%89%E3%82%89%E3%81%BD%E3%83%BC%E3%81%A8%E6%A8%AA%E6%B5%9C2F%E3%82%B2%E3%83%BC%E3%83%A0%E3%82%B3%E3%83%BC%E3%83%8A%E3%83%BC%20%E7%A5%9E%E5%A5%88%E5%B7%9D%E7%9C%8C%E6%A8%AA%E6%B5%9C%E5%B8%82%E9%83%BD%E7%AD%91%E5%8C%BA%E6%B1%A0%E8%BE%BA%E7%94%BA4035-1%20%EF%BD%B2%EF%BE%84%EF%BD%B0%EF%BE%96%EF%BD%B0%EF%BD%B6%EF%BE%84%EF%BE%9E%EF%BD%B0%E3%82%89%E3%82%89%E3%81%BD%E3%83%BC%E3%81%A8%E6%A8%AA%E6%B5%9C2F,2026-10-08,https://dcd.aikatsu.com/encore/pdf/shoplist.pdf,官方列出的設置店；未逐店確認現場稼動、台數與卡片庫存。地址定位尚未逐點核對。
キッズトレイン相模原店,日本 神奈川県相模原市松ヶ枝町17-1イトーヨーカドー相模原4階,神奈川県,關東,042-743-7330,https://www.google.com/maps/search/?api=1&query=%E3%82%AD%E3%83%83%E3%82%BA%E3%83%88%E3%83%AC%E3%82%A4%E3%83%B3%E7%9B%B8%E6%A8%A1%E5%8E%9F%E5%BA%97%20%E7%A5%9E%E5%A5%88%E5%B7%9D%E7%9C%8C%E7%9B%B8%E6%A8%A1%E5%8E%9F%E5%B8%82%E6%9D%BE%E3%83%B6%E6%9E%9D%E7%94%BA17-1%E3%82%A4%E3%83%88%E3%83%BC%E3%83%A8%E3%83%BC%E3%82%AB%E3%83%89%E3%83%BC%E7%9B%B8%E6%A8%A1%E5%8E%9F4%E9%9A%8E,2026-10-08,https://dcd.aikatsu.com/encore/pdf/shoplist.pdf,官方列出的設置店；未逐店確認現場稼動、台數與卡片庫存。地址定位尚未逐點核對。
NICOPA横浜四季の森フォレオ店,日本 神奈川県横浜市旭区上白根3-41-1横浜四季の森フォレオ3階,神奈川県,關東,045-959-3550,https://www.google.com/maps/search/?api=1&query=NICOPA%E6%A8%AA%E6%B5%9C%E5%9B%9B%E5%AD%A3%E3%81%AE%E6%A3%AE%E3%83%95%E3%82%A9%E3%83%AC%E3%82%AA%E5%BA%97%20%E7%A5%9E%E5%A5%88%E5%B7%9D%E7%9C%8C%E6%A8%AA%E6%B5%9C%E5%B8%82%E6%97%AD%E5%8C%BA%E4%B8%8A%E7%99%BD%E6%A0%B93-41-1%E6%A8%AA%E6%B5%9C%E5%9B%9B%E5%AD%A3%E3%81%AE%E6%A3%AE%E3%83%95%E3%82%A9%E3%83%AC%E3%82%AA3%E9%9A%8E,2026-10-08,https://dcd.aikatsu.com/encore/pdf/shoplist.pdf,官方列出的設置店；未逐店確認現場稼動、台數與卡片庫存。地址定位尚未逐點核對。
カプコミクスみなとみらい店,日本 神奈川県横浜市西区みなとみらい三丁目5番1号 4階404区画,神奈川県,關東,045-264-8268,https://www.google.com/maps/search/?api=1&query=%E3%82%AB%E3%83%97%E3%82%B3%E3%83%9F%E3%82%AF%E3%82%B9%E3%81%BF%E3%81%AA%E3%81%A8%E3%81%BF%E3%82%89%E3%81%84%E5%BA%97%20%E7%A5%9E%E5%A5%88%E5%B7%9D%E7%9C%8C%E6%A8%AA%E6%B5%9C%E5%B8%82%E8%A5%BF%E5%8C%BA%E3%81%BF%E3%81%AA%E3%81%A8%E3%81%BF%E3%82%89%E3%81%84%E4%B8%89%E4%B8%81%E7%9B%AE5%E7%95%AA1%E5%8F%B7%204%E9%9A%8E404%E5%8C%BA%E7%94%BB,2026-10-08,https://dcd.aikatsu.com/encore/pdf/shoplist.pdf,官方列出的設置店；未逐店確認現場稼動、台數與卡片庫存。地址定位尚未逐點核對。
プラサカプコン横須賀店,日本 神奈川県横須賀市若松町２－３０モアーズシティ４階ゲームコーナー,神奈川県,關東,0468-20-4450,https://www.google.com/maps/search/?api=1&query=%E3%83%97%E3%83%A9%E3%82%B5%E3%82%AB%E3%83%97%E3%82%B3%E3%83%B3%E6%A8%AA%E9%A0%88%E8%B3%80%E5%BA%97%20%E7%A5%9E%E5%A5%88%E5%B7%9D%E7%9C%8C%E6%A8%AA%E9%A0%88%E8%B3%80%E5%B8%82%E8%8B%A5%E6%9D%BE%E7%94%BA%EF%BC%92%EF%BC%8D%EF%BC%93%EF%BC%90%E3%83%A2%E3%82%A2%E3%83%BC%E3%82%BA%E3%82%B7%E3%83%86%E3%82%A3%EF%BC%94%E9%9A%8E%E3%82%B2%E3%83%BC%E3%83%A0%E3%82%B3%E3%83%BC%E3%83%8A%E3%83%BC,2026-10-08,https://dcd.aikatsu.com/encore/pdf/shoplist.pdf,官方列出的設置店；未逐店確認現場稼動、台數與卡片庫存。地址定位尚未逐點核對。
サープラ横浜あそびタウン,日本 神奈川県横浜市都筑区中川中央1-25―1ノースポート・モール6階,神奈川県,關東,045-914-7386,https://www.google.com/maps/search/?api=1&query=%E3%82%B5%E3%83%BC%E3%83%97%E3%83%A9%E6%A8%AA%E6%B5%9C%E3%81%82%E3%81%9D%E3%81%B3%E3%82%BF%E3%82%A6%E3%83%B3%20%E7%A5%9E%E5%A5%88%E5%B7%9D%E7%9C%8C%E6%A8%AA%E6%B5%9C%E5%B8%82%E9%83%BD%E7%AD%91%E5%8C%BA%E4%B8%AD%E5%B7%9D%E4%B8%AD%E5%A4%AE1-25%E2%80%951%E3%83%8E%E3%83%BC%E3%82%B9%E3%83%9D%E3%83%BC%E3%83%88%E3%83%BB%E3%83%A2%E3%83%BC%E3%83%AB6%E9%9A%8E,2026-10-08,https://dcd.aikatsu.com/encore/pdf/shoplist.pdf,官方列出的設置店；未逐店確認現場稼動、台數與卡片庫存。地址定位尚未逐點核對。
Hapipi Landこどもの国,日本 神奈川県横浜市青葉区奈良町1-2-1スーパー三和内3階,神奈川県,關東,070-1479-6613,https://www.google.com/maps/search/?api=1&query=Hapipi%20Land%E3%81%93%E3%81%A9%E3%82%82%E3%81%AE%E5%9B%BD%20%E7%A5%9E%E5%A5%88%E5%B7%9D%E7%9C%8C%E6%A8%AA%E6%B5%9C%E5%B8%82%E9%9D%92%E8%91%89%E5%8C%BA%E5%A5%88%E8%89%AF%E7%94%BA1-2-1%E3%82%B9%E3%83%BC%E3%83%91%E3%83%BC%E4%B8%89%E5%92%8C%E5%86%853%E9%9A%8E,2026-10-08,https://dcd.aikatsu.com/encore/pdf/shoplist.pdf,官方列出的設置店；未逐店確認現場稼動、台數與卡片庫存。地址定位尚未逐點核對。
シルクハット川崎ダイス,日本 神奈川県川崎市川崎区駅前本町8番地ダイスビル地下2階,神奈川県,關東,044-589-4523,https://www.google.com/maps/search/?api=1&query=%E3%82%B7%E3%83%AB%E3%82%AF%E3%83%8F%E3%83%83%E3%83%88%E5%B7%9D%E5%B4%8E%E3%83%80%E3%82%A4%E3%82%B9%20%E7%A5%9E%E5%A5%88%E5%B7%9D%E7%9C%8C%E5%B7%9D%E5%B4%8E%E5%B8%82%E5%B7%9D%E5%B4%8E%E5%8C%BA%E9%A7%85%E5%89%8D%E6%9C%AC%E7%94%BA8%E7%95%AA%E5%9C%B0%E3%83%80%E3%82%A4%E3%82%B9%E3%83%93%E3%83%AB%E5%9C%B0%E4%B8%8B2%E9%9A%8E,2026-10-08,https://dcd.aikatsu.com/encore/pdf/shoplist.pdf,官方列出的設置店；未逐店確認現場稼動、台數與卡片庫存。地址定位尚未逐點核對。
シルクハット川崎モアーズ,日本 神奈川県川崎市川崎区駅前本町7番地岡田屋モアーズ1・2階,神奈川県,關東,044-589-4523,https://www.google.com/maps/search/?api=1&query=%E3%82%B7%E3%83%AB%E3%82%AF%E3%83%8F%E3%83%83%E3%83%88%E5%B7%9D%E5%B4%8E%E3%83%A2%E3%82%A2%E3%83%BC%E3%82%BA%20%E7%A5%9E%E5%A5%88%E5%B7%9D%E7%9C%8C%E5%B7%9D%E5%B4%8E%E5%B8%82%E5%B7%9D%E5%B4%8E%E5%8C%BA%E9%A7%85%E5%89%8D%E6%9C%AC%E7%94%BA7%E7%95%AA%E5%9C%B0%E5%B2%A1%E7%94%B0%E5%B1%8B%E3%83%A2%E3%82%A2%E3%83%BC%E3%82%BA1%E3%83%BB2%E9%9A%8E,2026-10-08,https://dcd.aikatsu.com/encore/pdf/shoplist.pdf,官方列出的設置店；未逐店確認現場稼動、台數與卡片庫存。地址定位尚未逐點核對。
シルクハットマルイファミリー海老名,日本 神奈川県海老名市中央1-6-1マルイファミリー海老名3階,神奈川県,關東,044-589-4523,https://www.google.com/maps/search/?api=1&query=%E3%82%B7%E3%83%AB%E3%82%AF%E3%83%8F%E3%83%83%E3%83%88%E3%83%9E%E3%83%AB%E3%82%A4%E3%83%95%E3%82%A1%E3%83%9F%E3%83%AA%E3%83%BC%E6%B5%B7%E8%80%81%E5%90%8D%20%E7%A5%9E%E5%A5%88%E5%B7%9D%E7%9C%8C%E6%B5%B7%E8%80%81%E5%90%8D%E5%B8%82%E4%B8%AD%E5%A4%AE1-6-1%E3%83%9E%E3%83%AB%E3%82%A4%E3%83%95%E3%82%A1%E3%83%9F%E3%83%AA%E3%83%BC%E6%B5%B7%E8%80%81%E5%90%8D3%E9%9A%8E,2026-10-08,https://dcd.aikatsu.com/encore/pdf/shoplist.pdf,官方列出的設置店；未逐店確認現場稼動、台數與卡片庫存。地址定位尚未逐點核對。
シルクハット本厚木,日本 神奈川県厚木市中町3-4-22第二会田ビル2F,神奈川県,關東,044-589-4523,https://www.google.com/maps/search/?api=1&query=%E3%82%B7%E3%83%AB%E3%82%AF%E3%83%8F%E3%83%83%E3%83%88%E6%9C%AC%E5%8E%9A%E6%9C%A8%20%E7%A5%9E%E5%A5%88%E5%B7%9D%E7%9C%8C%E5%8E%9A%E6%9C%A8%E5%B8%82%E4%B8%AD%E7%94%BA3-4-22%E7%AC%AC%E4%BA%8C%E4%BC%9A%E7%94%B0%E3%83%93%E3%83%AB2F,2026-10-08,https://dcd.aikatsu.com/encore/pdf/shoplist.pdf,官方列出的設置店；未逐店確認現場稼動、台數與卡片庫存。地址定位尚未逐點核對。
SOYU Game Field湘南店,日本 神奈川県藤沢市辻堂新町4-1-1湘南モ-ルフィル2階,神奈川県,關東,0466-31-6323,https://www.google.com/maps/search/?api=1&query=SOYU%20Game%20Field%E6%B9%98%E5%8D%97%E5%BA%97%20%E7%A5%9E%E5%A5%88%E5%B7%9D%E7%9C%8C%E8%97%A4%E6%B2%A2%E5%B8%82%E8%BE%BB%E5%A0%82%E6%96%B0%E7%94%BA4-1-1%E6%B9%98%E5%8D%97%E3%83%A2-%E3%83%AB%E3%83%95%E3%82%A3%E3%83%AB2%E9%9A%8E,2026-10-08,https://dcd.aikatsu.com/encore/pdf/shoplist.pdf,官方列出的設置店；未逐店確認現場稼動、台數與卡片庫存。地址定位尚未逐點核對。
プレイランド川崎店,日本 神奈川県川崎市川崎区小田栄二丁目２－１イトーヨーカドー川崎３階,神奈川県,關東,044-328-0013,https://www.google.com/maps/search/?api=1&query=%E3%83%97%E3%83%AC%E3%82%A4%E3%83%A9%E3%83%B3%E3%83%89%E5%B7%9D%E5%B4%8E%E5%BA%97%20%E7%A5%9E%E5%A5%88%E5%B7%9D%E7%9C%8C%E5%B7%9D%E5%B4%8E%E5%B8%82%E5%B7%9D%E5%B4%8E%E5%8C%BA%E5%B0%8F%E7%94%B0%E6%A0%84%E4%BA%8C%E4%B8%81%E7%9B%AE%EF%BC%92%EF%BC%8D%EF%BC%91%E3%82%A4%E3%83%88%E3%83%BC%E3%83%A8%E3%83%BC%E3%82%AB%E3%83%89%E3%83%BC%E5%B7%9D%E5%B4%8E%EF%BC%93%E9%9A%8E,2026-10-08,https://dcd.aikatsu.com/encore/pdf/shoplist.pdf,官方列出的設置店；未逐店確認現場稼動、台數與卡片庫存。地址定位尚未逐點核對。
ソユーゲームフィールド上大岡店,日本 神奈川県横浜市港南区上大岡西一丁目18番3号ミオカリスト館6階,神奈川県,關東,045-846-5281,https://www.google.com/maps/search/?api=1&query=%E3%82%BD%E3%83%A6%E3%83%BC%E3%82%B2%E3%83%BC%E3%83%A0%E3%83%95%E3%82%A3%E3%83%BC%E3%83%AB%E3%83%89%E4%B8%8A%E5%A4%A7%E5%B2%A1%E5%BA%97%20%E7%A5%9E%E5%A5%88%E5%B7%9D%E7%9C%8C%E6%A8%AA%E6%B5%9C%E5%B8%82%E6%B8%AF%E5%8D%97%E5%8C%BA%E4%B8%8A%E5%A4%A7%E5%B2%A1%E8%A5%BF%E4%B8%80%E4%B8%81%E7%9B%AE18%E7%95%AA3%E5%8F%B7%E3%83%9F%E3%82%AA%E3%82%AB%E3%83%AA%E3%82%B9%E3%83%88%E9%A4%A86%E9%9A%8E,2026-10-08,https://dcd.aikatsu.com/encore/pdf/shoplist.pdf,官方列出的設置店；未逐店確認現場稼動、台數與卡片庫存。地址定位尚未逐點核對。
プレイランド大和鶴間店,日本 神奈川県大和市下鶴間１－３－１イトーヨーカドー大和鶴間３階,神奈川県,關東,046-200-0240,https://www.google.com/maps/search/?api=1&query=%E3%83%97%E3%83%AC%E3%82%A4%E3%83%A9%E3%83%B3%E3%83%89%E5%A4%A7%E5%92%8C%E9%B6%B4%E9%96%93%E5%BA%97%20%E7%A5%9E%E5%A5%88%E5%B7%9D%E7%9C%8C%E5%A4%A7%E5%92%8C%E5%B8%82%E4%B8%8B%E9%B6%B4%E9%96%93%EF%BC%91%EF%BC%8D%EF%BC%93%EF%BC%8D%EF%BC%91%E3%82%A4%E3%83%88%E3%83%BC%E3%83%A8%E3%83%BC%E3%82%AB%E3%83%89%E3%83%BC%E5%A4%A7%E5%92%8C%E9%B6%B4%E9%96%93%EF%BC%93%E9%9A%8E,2026-10-08,https://dcd.aikatsu.com/encore/pdf/shoplist.pdf,官方列出的設置店；未逐店確認現場稼動、台數與卡片庫存。地址定位尚未逐點核對。
ソユーゲームフィールド橋本店,日本 神奈川県相模原市緑区西橋本5丁目4番3号コトエ橋本2F,神奈川県,關東,042-703-8191,https://www.google.com/maps/search/?api=1&query=%E3%82%BD%E3%83%A6%E3%83%BC%E3%82%B2%E3%83%BC%E3%83%A0%E3%83%95%E3%82%A3%E3%83%BC%E3%83%AB%E3%83%89%E6%A9%8B%E6%9C%AC%E5%BA%97%20%E7%A5%9E%E5%A5%88%E5%B7%9D%E7%9C%8C%E7%9B%B8%E6%A8%A1%E5%8E%9F%E5%B8%82%E7%B7%91%E5%8C%BA%E8%A5%BF%E6%A9%8B%E6%9C%AC5%E4%B8%81%E7%9B%AE4%E7%95%AA3%E5%8F%B7%E3%82%B3%E3%83%88%E3%82%A8%E6%A9%8B%E6%9C%AC2F,2026-10-08,https://dcd.aikatsu.com/encore/pdf/shoplist.pdf,官方列出的設置店；未逐店確認現場稼動、台數與卡片庫存。地址定位尚未逐點核對。
タイトーステーション溝の口店,日本 神奈川県川崎市高津区溝口1-11-8OKKA634ビル1F,神奈川県,關東,044-328-9262,https://www.google.com/maps/search/?api=1&query=%E3%82%BF%E3%82%A4%E3%83%88%E3%83%BC%E3%82%B9%E3%83%86%E3%83%BC%E3%82%B7%E3%83%A7%E3%83%B3%E6%BA%9D%E3%81%AE%E5%8F%A3%E5%BA%97%20%E7%A5%9E%E5%A5%88%E5%B7%9D%E7%9C%8C%E5%B7%9D%E5%B4%8E%E5%B8%82%E9%AB%98%E6%B4%A5%E5%8C%BA%E6%BA%9D%E5%8F%A31-11-8OKKA634%E3%83%93%E3%83%AB1F,2026-10-08,https://dcd.aikatsu.com/encore/pdf/shoplist.pdf,官方列出的設置店；未逐店確認現場稼動、台數與卡片庫存。地址定位尚未逐點核對。
タイトーステーション横浜西口五番街店,日本 神奈川県横浜市西区南幸１－１２－９タイトーステーション横浜西口五番街,神奈川県,關東,045-411-5288,https://www.google.com/maps/search/?api=1&query=%E3%82%BF%E3%82%A4%E3%83%88%E3%83%BC%E3%82%B9%E3%83%86%E3%83%BC%E3%82%B7%E3%83%A7%E3%83%B3%E6%A8%AA%E6%B5%9C%E8%A5%BF%E5%8F%A3%E4%BA%94%E7%95%AA%E8%A1%97%E5%BA%97%20%E7%A5%9E%E5%A5%88%E5%B7%9D%E7%9C%8C%E6%A8%AA%E6%B5%9C%E5%B8%82%E8%A5%BF%E5%8C%BA%E5%8D%97%E5%B9%B8%EF%BC%91%EF%BC%8D%EF%BC%91%EF%BC%92%EF%BC%8D%EF%BC%99%E3%82%BF%E3%82%A4%E3%83%88%E3%83%BC%E3%82%B9%E3%83%86%E3%83%BC%E3%82%B7%E3%83%A7%E3%83%B3%E6%A8%AA%E6%B5%9C%E8%A5%BF%E5%8F%A3%E4%BA%94%E7%95%AA%E8%A1%97,2026-10-08,https://dcd.aikatsu.com/encore/pdf/shoplist.pdf,官方列出的設置店；未逐店確認現場稼動、台數與卡片庫存。地址定位尚未逐點核對。
タイトーステーション海老名ビナウォーク店,日本 神奈川県海老名市中央1ー18-1ビナウォーク6番館2F,神奈川県,關東,046-292-5160,https://www.google.com/maps/search/?api=1&query=%E3%82%BF%E3%82%A4%E3%83%88%E3%83%BC%E3%82%B9%E3%83%86%E3%83%BC%E3%82%B7%E3%83%A7%E3%83%B3%E6%B5%B7%E8%80%81%E5%90%8D%E3%83%93%E3%83%8A%E3%82%A6%E3%82%A9%E3%83%BC%E3%82%AF%E5%BA%97%20%E7%A5%9E%E5%A5%88%E5%B7%9D%E7%9C%8C%E6%B5%B7%E8%80%81%E5%90%8D%E5%B8%82%E4%B8%AD%E5%A4%AE1%E3%83%BC18-1%E3%83%93%E3%83%8A%E3%82%A6%E3%82%A9%E3%83%BC%E3%82%AF6%E7%95%AA%E9%A4%A82F,2026-10-08,https://dcd.aikatsu.com/encore/pdf/shoplist.pdf,官方列出的設置店；未逐店確認現場稼動、台數與卡片庫存。地址定位尚未逐點核對。
タイトーステーション戸塚西口店,日本 神奈川県横浜市戸塚区戸塚町４０２３番地,神奈川県,關東,045-881-6757,https://www.google.com/maps/search/?api=1&query=%E3%82%BF%E3%82%A4%E3%83%88%E3%83%BC%E3%82%B9%E3%83%86%E3%83%BC%E3%82%B7%E3%83%A7%E3%83%B3%E6%88%B8%E5%A1%9A%E8%A5%BF%E5%8F%A3%E5%BA%97%20%E7%A5%9E%E5%A5%88%E5%B7%9D%E7%9C%8C%E6%A8%AA%E6%B5%9C%E5%B8%82%E6%88%B8%E5%A1%9A%E5%8C%BA%E6%88%B8%E5%A1%9A%E7%94%BA%EF%BC%94%EF%BC%90%EF%BC%92%EF%BC%93%E7%95%AA%E5%9C%B0,2026-10-08,https://dcd.aikatsu.com/encore/pdf/shoplist.pdf,官方列出的設置店；未逐店確認現場稼動、台數與卡片庫存。地址定位尚未逐點核對。
タイトーステーション小田原店,日本 神奈川県小田原市栄町１－３－１２,神奈川県,關東,0465-23-2473,https://www.google.com/maps/search/?api=1&query=%E3%82%BF%E3%82%A4%E3%83%88%E3%83%BC%E3%82%B9%E3%83%86%E3%83%BC%E3%82%B7%E3%83%A7%E3%83%B3%E5%B0%8F%E7%94%B0%E5%8E%9F%E5%BA%97%20%E7%A5%9E%E5%A5%88%E5%B7%9D%E7%9C%8C%E5%B0%8F%E7%94%B0%E5%8E%9F%E5%B8%82%E6%A0%84%E7%94%BA%EF%BC%91%EF%BC%8D%EF%BC%93%EF%BC%8D%EF%BC%91%EF%BC%92,2026-10-08,https://dcd.aikatsu.com/encore/pdf/shoplist.pdf,官方列出的設置店；未逐店確認現場稼動、台數與卡片庫存。地址定位尚未逐點核對。
タイトーステーション藤沢店,日本 神奈川県藤沢市南藤沢21-1,神奈川県,關東,0466-47-9153,https://www.google.com/maps/search/?api=1&query=%E3%82%BF%E3%82%A4%E3%83%88%E3%83%BC%E3%82%B9%E3%83%86%E3%83%BC%E3%82%B7%E3%83%A7%E3%83%B3%E8%97%A4%E6%B2%A2%E5%BA%97%20%E7%A5%9E%E5%A5%88%E5%B7%9D%E7%9C%8C%E8%97%A4%E6%B2%A2%E5%B8%82%E5%8D%97%E8%97%A4%E6%B2%A221-1,2026-10-08,https://dcd.aikatsu.com/encore/pdf/shoplist.pdf,官方列出的設置店；未逐店確認現場稼動、台數與卡片庫存。地址定位尚未逐點核對。
タイトーステーション小田原シティーモール店,日本 神奈川県小田原市前川120小田原シティーモールクレッセ2F,神奈川県,關東,0465-45-5052,https://www.google.com/maps/search/?api=1&query=%E3%82%BF%E3%82%A4%E3%83%88%E3%83%BC%E3%82%B9%E3%83%86%E3%83%BC%E3%82%B7%E3%83%A7%E3%83%B3%E5%B0%8F%E7%94%B0%E5%8E%9F%E3%82%B7%E3%83%86%E3%82%A3%E3%83%BC%E3%83%A2%E3%83%BC%E3%83%AB%E5%BA%97%20%E7%A5%9E%E5%A5%88%E5%B7%9D%E7%9C%8C%E5%B0%8F%E7%94%B0%E5%8E%9F%E5%B8%82%E5%89%8D%E5%B7%9D120%E5%B0%8F%E7%94%B0%E5%8E%9F%E3%82%B7%E3%83%86%E3%82%A3%E3%83%BC%E3%83%A2%E3%83%BC%E3%83%AB%E3%82%AF%E3%83%AC%E3%83%83%E3%82%BB2F,2026-10-08,https://dcd.aikatsu.com/encore/pdf/shoplist.pdf,官方列出的設置店；未逐店確認現場稼動、台數與卡片庫存。地址定位尚未逐點核對。
タイトーステーション川崎 ラ チッタデッラ,日本 神奈川県川崎市川崎区小川町1-18ラチッタデッラ内ビバーチェ内,神奈川県,關東,044-276-9330,https://www.google.com/maps/search/?api=1&query=%E3%82%BF%E3%82%A4%E3%83%88%E3%83%BC%E3%82%B9%E3%83%86%E3%83%BC%E3%82%B7%E3%83%A7%E3%83%B3%E5%B7%9D%E5%B4%8E%20%E3%83%A9%20%E3%83%81%E3%83%83%E3%82%BF%E3%83%87%E3%83%83%E3%83%A9%20%E7%A5%9E%E5%A5%88%E5%B7%9D%E7%9C%8C%E5%B7%9D%E5%B4%8E%E5%B8%82%E5%B7%9D%E5%B4%8E%E5%8C%BA%E5%B0%8F%E5%B7%9D%E7%94%BA1-18%E3%83%A9%E3%83%81%E3%83%83%E3%82%BF%E3%83%87%E3%83%83%E3%83%A9%E5%86%85%E3%83%93%E3%83%90%E3%83%BC%E3%83%81%E3%82%A7%E5%86%85,2026-10-08,https://dcd.aikatsu.com/encore/pdf/shoplist.pdf,官方列出的設置店；未逐店確認現場稼動、台數與卡片庫存。地址定位尚未逐點核對。
イオン新百合ヶ丘ファミリーパーク,日本 神奈川県川崎市麻生区上麻生１－１９ イオン新百合ヶ丘店４Ｆ,神奈川県,關東,044-952-5283,https://www.google.com/maps/search/?api=1&query=%E3%82%A4%E3%82%AA%E3%83%B3%E6%96%B0%E7%99%BE%E5%90%88%E3%83%B6%E4%B8%98%E3%83%95%E3%82%A1%E3%83%9F%E3%83%AA%E3%83%BC%E3%83%91%E3%83%BC%E3%82%AF%20%E7%A5%9E%E5%A5%88%E5%B7%9D%E7%9C%8C%E5%B7%9D%E5%B4%8E%E5%B8%82%E9%BA%BB%E7%94%9F%E5%8C%BA%E4%B8%8A%E9%BA%BB%E7%94%9F%EF%BC%91%EF%BC%8D%EF%BC%91%EF%BC%99%20%E3%82%A4%E3%82%AA%E3%83%B3%E6%96%B0%E7%99%BE%E5%90%88%E3%83%B6%E4%B8%98%E5%BA%97%EF%BC%94%EF%BC%A6,2026-10-08,https://dcd.aikatsu.com/encore/pdf/shoplist.pdf,官方列出的設置店；未逐店確認現場稼動、台數與卡片庫存。地址定位尚未逐點核對。
ｎａｍｃｏＯＳＣ湘南シティ店,日本 神奈川県平塚市代官町３３番地１ ＯＳＣ湘南シティ内,神奈川県,關東,0463-24-1181,https://www.google.com/maps/search/?api=1&query=%EF%BD%8E%EF%BD%81%EF%BD%8D%EF%BD%83%EF%BD%8F%EF%BC%AF%EF%BC%B3%EF%BC%A3%E6%B9%98%E5%8D%97%E3%82%B7%E3%83%86%E3%82%A3%E5%BA%97%20%E7%A5%9E%E5%A5%88%E5%B7%9D%E7%9C%8C%E5%B9%B3%E5%A1%9A%E5%B8%82%E4%BB%A3%E5%AE%98%E7%94%BA%EF%BC%93%EF%BC%93%E7%95%AA%E5%9C%B0%EF%BC%91%20%EF%BC%AF%EF%BC%B3%EF%BC%A3%E6%B9%98%E5%8D%97%E3%82%B7%E3%83%86%E3%82%A3%E5%86%85,2026-10-08,https://dcd.aikatsu.com/encore/pdf/shoplist.pdf,官方列出的設置店；未逐店確認現場稼動、台數與卡片庫存。地址定位尚未逐點核對。
ｎａｍｃｏコースカベイサイドストアーズ（横須賀）,日本 神奈川県横須賀市本町２－１－１２ コースカベイサイドストアーズ５Ｆ,神奈川県,關東,0570-087608,https://www.google.com/maps/search/?api=1&query=%EF%BD%8E%EF%BD%81%EF%BD%8D%EF%BD%83%EF%BD%8F%E3%82%B3%E3%83%BC%E3%82%B9%E3%82%AB%E3%83%99%E3%82%A4%E3%82%B5%E3%82%A4%E3%83%89%E3%82%B9%E3%83%88%E3%82%A2%E3%83%BC%E3%82%BA%EF%BC%88%E6%A8%AA%E9%A0%88%E8%B3%80%EF%BC%89%20%E7%A5%9E%E5%A5%88%E5%B7%9D%E7%9C%8C%E6%A8%AA%E9%A0%88%E8%B3%80%E5%B8%82%E6%9C%AC%E7%94%BA%EF%BC%92%EF%BC%8D%EF%BC%91%EF%BC%8D%EF%BC%91%EF%BC%92%20%E3%82%B3%E3%83%BC%E3%82%B9%E3%82%AB%E3%83%99%E3%82%A4%E3%82%B5%E3%82%A4%E3%83%89%E3%82%B9%E3%83%88%E3%82%A2%E3%83%BC%E3%82%BA%EF%BC%95%EF%BC%A6,2026-10-08,https://dcd.aikatsu.com/encore/pdf/shoplist.pdf,官方列出的設置店；未逐店確認現場稼動、台數與卡片庫存。地址定位尚未逐點核對。
ｎａｍｃｏトレッサ横浜店,日本 神奈川県横浜市港北区師岡町７００番地 トレッサ横浜３Ｆ,神奈川県,關東,045-642-8772,https://www.google.com/maps/search/?api=1&query=%EF%BD%8E%EF%BD%81%EF%BD%8D%EF%BD%83%EF%BD%8F%E3%83%88%E3%83%AC%E3%83%83%E3%82%B5%E6%A8%AA%E6%B5%9C%E5%BA%97%20%E7%A5%9E%E5%A5%88%E5%B7%9D%E7%9C%8C%E6%A8%AA%E6%B5%9C%E5%B8%82%E6%B8%AF%E5%8C%97%E5%8C%BA%E5%B8%AB%E5%B2%A1%E7%94%BA%EF%BC%97%EF%BC%90%EF%BC%90%E7%95%AA%E5%9C%B0%20%E3%83%88%E3%83%AC%E3%83%83%E3%82%B5%E6%A8%AA%E6%B5%9C%EF%BC%93%EF%BC%A6,2026-10-08,https://dcd.aikatsu.com/encore/pdf/shoplist.pdf,官方列出的設置店；未逐店確認現場稼動、台數與卡片庫存。地址定位尚未逐點核對。
ｎａｍｃｏ横浜ワールドポーターズ店,日本 神奈川県横浜市中区新港二丁目２番１号 横浜ワールドポーターズ５Ｆ,神奈川県,關東,045-222-2567,https://www.google.com/maps/search/?api=1&query=%EF%BD%8E%EF%BD%81%EF%BD%8D%EF%BD%83%EF%BD%8F%E6%A8%AA%E6%B5%9C%E3%83%AF%E3%83%BC%E3%83%AB%E3%83%89%E3%83%9D%E3%83%BC%E3%82%BF%E3%83%BC%E3%82%BA%E5%BA%97%20%E7%A5%9E%E5%A5%88%E5%B7%9D%E7%9C%8C%E6%A8%AA%E6%B5%9C%E5%B8%82%E4%B8%AD%E5%8C%BA%E6%96%B0%E6%B8%AF%E4%BA%8C%E4%B8%81%E7%9B%AE%EF%BC%92%E7%95%AA%EF%BC%91%E5%8F%B7%20%E6%A8%AA%E6%B5%9C%E3%83%AF%E3%83%BC%E3%83%AB%E3%83%89%E3%83%9D%E3%83%BC%E3%82%BF%E3%83%BC%E3%82%BA%EF%BC%95%EF%BC%A6,2026-10-08,https://dcd.aikatsu.com/encore/pdf/shoplist.pdf,官方列出的設置店；未逐店確認現場稼動、台數與卡片庫存。地址定位尚未逐點核對。
ｎａｍｃｏイオンモール座間店,日本 神奈川県座間市広野台２丁目１０－４ イオンモール座間店３Ｆ,神奈川県,關東,046-244-0641,https://www.google.com/maps/search/?api=1&query=%EF%BD%8E%EF%BD%81%EF%BD%8D%EF%BD%83%EF%BD%8F%E3%82%A4%E3%82%AA%E3%83%B3%E3%83%A2%E3%83%BC%E3%83%AB%E5%BA%A7%E9%96%93%E5%BA%97%20%E7%A5%9E%E5%A5%88%E5%B7%9D%E7%9C%8C%E5%BA%A7%E9%96%93%E5%B8%82%E5%BA%83%E9%87%8E%E5%8F%B0%EF%BC%92%E4%B8%81%E7%9B%AE%EF%BC%91%EF%BC%90%EF%BC%8D%EF%BC%94%20%E3%82%A4%E3%82%AA%E3%83%B3%E3%83%A2%E3%83%BC%E3%83%AB%E5%BA%A7%E9%96%93%E5%BA%97%EF%BC%93%EF%BC%A6,2026-10-08,https://dcd.aikatsu.com/encore/pdf/shoplist.pdf,官方列出的設置店；未逐店確認現場稼動、台數與卡片庫存。地址定位尚未逐點核對。
ｎａｍｃｏラゾーナ川崎店,日本 神奈川県川崎市幸区堀川町７２－１ ＬＡＺＯＮＡ川崎プラザ４階,神奈川県,關東,044-589-3004,https://www.google.com/maps/search/?api=1&query=%EF%BD%8E%EF%BD%81%EF%BD%8D%EF%BD%83%EF%BD%8F%E3%83%A9%E3%82%BE%E3%83%BC%E3%83%8A%E5%B7%9D%E5%B4%8E%E5%BA%97%20%E7%A5%9E%E5%A5%88%E5%B7%9D%E7%9C%8C%E5%B7%9D%E5%B4%8E%E5%B8%82%E5%B9%B8%E5%8C%BA%E5%A0%80%E5%B7%9D%E7%94%BA%EF%BC%97%EF%BC%92%EF%BC%8D%EF%BC%91%20%EF%BC%AC%EF%BC%A1%EF%BC%BA%EF%BC%AF%EF%BC%AE%EF%BC%A1%E5%B7%9D%E5%B4%8E%E3%83%97%E3%83%A9%E3%82%B6%EF%BC%94%E9%9A%8E,2026-10-08,https://dcd.aikatsu.com/encore/pdf/shoplist.pdf,官方列出的設置店；未逐店確認現場稼動、台數與卡片庫存。地址定位尚未逐點核對。
ｎａｍｃｏ港北ＴＯＫＹＵ Ｓ．Ｃ．店,日本 神奈川県横浜市都筑区茅ケ崎中央５－１ 港北ＴＯＫＹＵ Ｓ．Ｃ．,神奈川県,關東,045-948-5105,https://www.google.com/maps/search/?api=1&query=%EF%BD%8E%EF%BD%81%EF%BD%8D%EF%BD%83%EF%BD%8F%E6%B8%AF%E5%8C%97%EF%BC%B4%EF%BC%AF%EF%BC%AB%EF%BC%B9%EF%BC%B5%20%EF%BC%B3%EF%BC%8E%EF%BC%A3%EF%BC%8E%E5%BA%97%20%E7%A5%9E%E5%A5%88%E5%B7%9D%E7%9C%8C%E6%A8%AA%E6%B5%9C%E5%B8%82%E9%83%BD%E7%AD%91%E5%8C%BA%E8%8C%85%E3%82%B1%E5%B4%8E%E4%B8%AD%E5%A4%AE%EF%BC%95%EF%BC%8D%EF%BC%91%20%E6%B8%AF%E5%8C%97%EF%BC%B4%EF%BC%AF%EF%BC%AB%EF%BC%B9%EF%BC%B5%20%EF%BC%B3%EF%BC%8E%EF%BC%A3%EF%BC%8E,2026-10-08,https://dcd.aikatsu.com/encore/pdf/shoplist.pdf,官方列出的設置店；未逐店確認現場稼動、台數與卡片庫存。地址定位尚未逐點核對。
ｎａｍｃｏダイナシティ小田原店,日本 神奈川県小田原市中里２０８ ４階,神奈川県,關東,0465-20-5871,https://www.google.com/maps/search/?api=1&query=%EF%BD%8E%EF%BD%81%EF%BD%8D%EF%BD%83%EF%BD%8F%E3%83%80%E3%82%A4%E3%83%8A%E3%82%B7%E3%83%86%E3%82%A3%E5%B0%8F%E7%94%B0%E5%8E%9F%E5%BA%97%20%E7%A5%9E%E5%A5%88%E5%B7%9D%E7%9C%8C%E5%B0%8F%E7%94%B0%E5%8E%9F%E5%B8%82%E4%B8%AD%E9%87%8C%EF%BC%92%EF%BC%90%EF%BC%98%20%EF%BC%94%E9%9A%8E,2026-10-08,https://dcd.aikatsu.com/encore/pdf/shoplist.pdf,官方列出的設置店；未逐店確認現場稼動、台數與卡片庫存。地址定位尚未逐點核對。
キッズプラザきゃらんど立場店,日本 神奈川県横浜市泉区中田西１－１－１５ イトーヨーカドー立場店３Ｆ,神奈川県,關東,045-805-5866,https://www.google.com/maps/search/?api=1&query=%E3%82%AD%E3%83%83%E3%82%BA%E3%83%97%E3%83%A9%E3%82%B6%E3%81%8D%E3%82%83%E3%82%89%E3%82%93%E3%81%A9%E7%AB%8B%E5%A0%B4%E5%BA%97%20%E7%A5%9E%E5%A5%88%E5%B7%9D%E7%9C%8C%E6%A8%AA%E6%B5%9C%E5%B8%82%E6%B3%89%E5%8C%BA%E4%B8%AD%E7%94%B0%E8%A5%BF%EF%BC%91%EF%BC%8D%EF%BC%91%EF%BC%8D%EF%BC%91%EF%BC%95%20%E3%82%A4%E3%83%88%E3%83%BC%E3%83%A8%E3%83%BC%E3%82%AB%E3%83%89%E3%83%BC%E7%AB%8B%E5%A0%B4%E5%BA%97%EF%BC%93%EF%BC%A6,2026-10-08,https://dcd.aikatsu.com/encore/pdf/shoplist.pdf,官方列出的設置店；未逐店確認現場稼動、台數與卡片庫存。地址定位尚未逐點核對。
ラウンドワンららぽーと湘南平塚,日本 神奈川県平塚市天沼10-1 ららぽーと湘南平塚3F,神奈川県,關東,0463-25-4051,https://www.google.com/maps/search/?api=1&query=%E3%83%A9%E3%82%A6%E3%83%B3%E3%83%89%E3%83%AF%E3%83%B3%E3%82%89%E3%82%89%E3%81%BD%E3%83%BC%E3%81%A8%E6%B9%98%E5%8D%97%E5%B9%B3%E5%A1%9A%20%E7%A5%9E%E5%A5%88%E5%B7%9D%E7%9C%8C%E5%B9%B3%E5%A1%9A%E5%B8%82%E5%A4%A9%E6%B2%BC10-1%20%E3%82%89%E3%82%89%E3%81%BD%E3%83%BC%E3%81%A8%E6%B9%98%E5%8D%97%E5%B9%B3%E5%A1%9A3F,2026-10-08,https://dcd.aikatsu.com/encore/pdf/shoplist.pdf,官方列出的設置店；未逐店確認現場稼動、台數與卡片庫存。地址定位尚未逐點核對。
ラウンドワン横浜駅西口,日本 神奈川県横浜市西区南幸2-8-16,神奈川県,關東,045-412-0880,https://www.google.com/maps/search/?api=1&query=%E3%83%A9%E3%82%A6%E3%83%B3%E3%83%89%E3%83%AF%E3%83%B3%E6%A8%AA%E6%B5%9C%E9%A7%85%E8%A5%BF%E5%8F%A3%20%E7%A5%9E%E5%A5%88%E5%B7%9D%E7%9C%8C%E6%A8%AA%E6%B5%9C%E5%B8%82%E8%A5%BF%E5%8C%BA%E5%8D%97%E5%B9%B82-8-16,2026-10-08,https://dcd.aikatsu.com/encore/pdf/shoplist.pdf,官方列出的設置店；未逐店確認現場稼動、台數與卡片庫存。地址定位尚未逐點核對。
ラウンドワンさいか屋横須賀,日本 神奈川県横須賀市大滝町1-13 さいか屋横須賀店内,神奈川県,關東,046-876-8208,https://www.google.com/maps/search/?api=1&query=%E3%83%A9%E3%82%A6%E3%83%B3%E3%83%89%E3%83%AF%E3%83%B3%E3%81%95%E3%81%84%E3%81%8B%E5%B1%8B%E6%A8%AA%E9%A0%88%E8%B3%80%20%E7%A5%9E%E5%A5%88%E5%B7%9D%E7%9C%8C%E6%A8%AA%E9%A0%88%E8%B3%80%E5%B8%82%E5%A4%A7%E6%BB%9D%E7%94%BA1-13%20%E3%81%95%E3%81%84%E3%81%8B%E5%B1%8B%E6%A8%AA%E9%A0%88%E8%B3%80%E5%BA%97%E5%86%85,2026-10-08,https://dcd.aikatsu.com/encore/pdf/shoplist.pdf,官方列出的設置店；未逐店確認現場稼動、台數與卡片庫存。地址定位尚未逐點核對。
楽市楽座湘南藤沢店,日本 神奈川県藤沢市辻堂新町４－３－５ＭｒＭＡＸ湘南藤沢ショッピングセンター２階,神奈川県,關東,0466-30-2332,https://www.google.com/maps/search/?api=1&query=%E6%A5%BD%E5%B8%82%E6%A5%BD%E5%BA%A7%E6%B9%98%E5%8D%97%E8%97%A4%E6%B2%A2%E5%BA%97%20%E7%A5%9E%E5%A5%88%E5%B7%9D%E7%9C%8C%E8%97%A4%E6%B2%A2%E5%B8%82%E8%BE%BB%E5%A0%82%E6%96%B0%E7%94%BA%EF%BC%94%EF%BC%8D%EF%BC%93%EF%BC%8D%EF%BC%95%EF%BC%AD%EF%BD%92%EF%BC%AD%EF%BC%A1%EF%BC%B8%E6%B9%98%E5%8D%97%E8%97%A4%E6%B2%A2%E3%82%B7%E3%83%A7%E3%83%83%E3%83%94%E3%83%B3%E3%82%B0%E3%82%BB%E3%83%B3%E3%82%BF%E3%83%BC%EF%BC%92%E9%9A%8E,2026-10-08,https://dcd.aikatsu.com/encore/pdf/shoplist.pdf,官方列出的設置店；未逐店確認現場稼動、台數與卡片庫存。地址定位尚未逐點核對。
アピナ山下公園店,日本 神奈川県横浜市中区新山下1-2-8,神奈川県,關東,045-628-3366,https://www.google.com/maps/search/?api=1&query=%E3%82%A2%E3%83%94%E3%83%8A%E5%B1%B1%E4%B8%8B%E5%85%AC%E5%9C%92%E5%BA%97%20%E7%A5%9E%E5%A5%88%E5%B7%9D%E7%9C%8C%E6%A8%AA%E6%B5%9C%E5%B8%82%E4%B8%AD%E5%8C%BA%E6%96%B0%E5%B1%B1%E4%B8%8B1-2-8,2026-10-08,https://dcd.aikatsu.com/encore/pdf/shoplist.pdf,官方列出的設置店；未逐店確認現場稼動、台數與卡片庫存。地址定位尚未逐點核對。
アピナ橋本店,日本 神奈川県相模原市緑区西橋本５－１－１アピナ橋本１階,神奈川県,關東,042-703-6033,https://www.google.com/maps/search/?api=1&query=%E3%82%A2%E3%83%94%E3%83%8A%E6%A9%8B%E6%9C%AC%E5%BA%97%20%E7%A5%9E%E5%A5%88%E5%B7%9D%E7%9C%8C%E7%9B%B8%E6%A8%A1%E5%8E%9F%E5%B8%82%E7%B7%91%E5%8C%BA%E8%A5%BF%E6%A9%8B%E6%9C%AC%EF%BC%95%EF%BC%8D%EF%BC%91%EF%BC%8D%EF%BC%91%E3%82%A2%E3%83%94%E3%83%8A%E6%A9%8B%E6%9C%AC%EF%BC%91%E9%9A%8E,2026-10-08,https://dcd.aikatsu.com/encore/pdf/shoplist.pdf,官方列出的設置店；未逐店確認現場稼動、台數與卡片庫存。地址定位尚未逐點核對。
神奈川レジャーランド厚木店,日本 神奈川県厚木市戸室5-31-1アツギトレリス2F,神奈川県,關東,050-1722-4336,https://www.google.com/maps/search/?api=1&query=%E7%A5%9E%E5%A5%88%E5%B7%9D%E3%83%AC%E3%82%B8%E3%83%A3%E3%83%BC%E3%83%A9%E3%83%B3%E3%83%89%E5%8E%9A%E6%9C%A8%E5%BA%97%20%E7%A5%9E%E5%A5%88%E5%B7%9D%E7%9C%8C%E5%8E%9A%E6%9C%A8%E5%B8%82%E6%88%B8%E5%AE%A45-31-1%E3%82%A2%E3%83%84%E3%82%AE%E3%83%88%E3%83%AC%E3%83%AA%E3%82%B92F,2026-10-08,https://dcd.aikatsu.com/encore/pdf/shoplist.pdf,官方列出的設置店；未逐店確認現場稼動、台數與卡片庫存。地址定位尚未逐點核對。
モーリーファンタジー六日町店,日本 新潟県南魚沼市余川3100 イオン六日町店2階,新潟県,中部,070-3100-4870,https://www.google.com/maps/search/?api=1&query=%E3%83%A2%E3%83%BC%E3%83%AA%E3%83%BC%E3%83%95%E3%82%A1%E3%83%B3%E3%82%BF%E3%82%B8%E3%83%BC%E5%85%AD%E6%97%A5%E7%94%BA%E5%BA%97%20%E6%96%B0%E6%BD%9F%E7%9C%8C%E5%8D%97%E9%AD%9A%E6%B2%BC%E5%B8%82%E4%BD%99%E5%B7%9D3100%20%E3%82%A4%E3%82%AA%E3%83%B3%E5%85%AD%E6%97%A5%E7%94%BA%E5%BA%972%E9%9A%8E,2026-10-08,https://dcd.aikatsu.com/encore/pdf/shoplist.pdf,官方列出的設置店；未逐店確認現場稼動、台數與卡片庫存。地址定位尚未逐點核對。
モーリーファンタジー上越店,日本 新潟県上越市富岡3458番地 イオン上越店2階,新潟県,中部,070-3100-4865,https://www.google.com/maps/search/?api=1&query=%E3%83%A2%E3%83%BC%E3%83%AA%E3%83%BC%E3%83%95%E3%82%A1%E3%83%B3%E3%82%BF%E3%82%B8%E3%83%BC%E4%B8%8A%E8%B6%8A%E5%BA%97%20%E6%96%B0%E6%BD%9F%E7%9C%8C%E4%B8%8A%E8%B6%8A%E5%B8%82%E5%AF%8C%E5%B2%A13458%E7%95%AA%E5%9C%B0%20%E3%82%A4%E3%82%AA%E3%83%B3%E4%B8%8A%E8%B6%8A%E5%BA%972%E9%9A%8E,2026-10-08,https://dcd.aikatsu.com/encore/pdf/shoplist.pdf,官方列出的設置店；未逐店確認現場稼動、台數與卡片庫存。地址定位尚未逐點核對。
モーリーファンタジー新潟東店,日本 新潟県新潟市東区大形本町3-1-2 イオン新潟東店3階,新潟県,中部,070-3100-4859,https://www.google.com/maps/search/?api=1&query=%E3%83%A2%E3%83%BC%E3%83%AA%E3%83%BC%E3%83%95%E3%82%A1%E3%83%B3%E3%82%BF%E3%82%B8%E3%83%BC%E6%96%B0%E6%BD%9F%E6%9D%B1%E5%BA%97%20%E6%96%B0%E6%BD%9F%E7%9C%8C%E6%96%B0%E6%BD%9F%E5%B8%82%E6%9D%B1%E5%8C%BA%E5%A4%A7%E5%BD%A2%E6%9C%AC%E7%94%BA3-1-2%20%E3%82%A4%E3%82%AA%E3%83%B3%E6%96%B0%E6%BD%9F%E6%9D%B1%E5%BA%973%E9%9A%8E,2026-10-08,https://dcd.aikatsu.com/encore/pdf/shoplist.pdf,官方列出的設置店；未逐店確認現場稼動、台數與卡片庫存。地址定位尚未逐點核對。
モーリーファンタジー小千谷店,日本 新潟県小千谷市大字平沢新田字荒田339 イオン小千谷店2階,新潟県,中部,070-3100-4030,https://www.google.com/maps/search/?api=1&query=%E3%83%A2%E3%83%BC%E3%83%AA%E3%83%BC%E3%83%95%E3%82%A1%E3%83%B3%E3%82%BF%E3%82%B8%E3%83%BC%E5%B0%8F%E5%8D%83%E8%B0%B7%E5%BA%97%20%E6%96%B0%E6%BD%9F%E7%9C%8C%E5%B0%8F%E5%8D%83%E8%B0%B7%E5%B8%82%E5%A4%A7%E5%AD%97%E5%B9%B3%E6%B2%A2%E6%96%B0%E7%94%B0%E5%AD%97%E8%8D%92%E7%94%B0339%20%E3%82%A4%E3%82%AA%E3%83%B3%E5%B0%8F%E5%8D%83%E8%B0%B7%E5%BA%972%E9%9A%8E,2026-10-08,https://dcd.aikatsu.com/encore/pdf/shoplist.pdf,官方列出的設置店；未逐店確認現場稼動、台數與卡片庫存。地址定位尚未逐點核對。
モーリーファンタジー新発田店,日本 新潟県新発田市住吉町5丁目11番5号 イオン新発田店2階,新潟県,中部,070-1596-6669,https://www.google.com/maps/search/?api=1&query=%E3%83%A2%E3%83%BC%E3%83%AA%E3%83%BC%E3%83%95%E3%82%A1%E3%83%B3%E3%82%BF%E3%82%B8%E3%83%BC%E6%96%B0%E7%99%BA%E7%94%B0%E5%BA%97%20%E6%96%B0%E6%BD%9F%E7%9C%8C%E6%96%B0%E7%99%BA%E7%94%B0%E5%B8%82%E4%BD%8F%E5%90%89%E7%94%BA5%E4%B8%81%E7%9B%AE11%E7%95%AA5%E5%8F%B7%20%E3%82%A4%E3%82%AA%E3%83%B3%E6%96%B0%E7%99%BA%E7%94%B0%E5%BA%972%E9%9A%8E,2026-10-08,https://dcd.aikatsu.com/encore/pdf/shoplist.pdf,官方列出的設置店；未逐店確認現場稼動、台數與卡片庫存。地址定位尚未逐點核對。
モーリーファンタジー新潟亀田インター店,日本 新潟県新潟市江南区下早通柳田1丁目1番1号 イオン新潟亀田インター店3階,新潟県,中部,070-3100-4575,https://www.google.com/maps/search/?api=1&query=%E3%83%A2%E3%83%BC%E3%83%AA%E3%83%BC%E3%83%95%E3%82%A1%E3%83%B3%E3%82%BF%E3%82%B8%E3%83%BC%E6%96%B0%E6%BD%9F%E4%BA%80%E7%94%B0%E3%82%A4%E3%83%B3%E3%82%BF%E3%83%BC%E5%BA%97%20%E6%96%B0%E6%BD%9F%E7%9C%8C%E6%96%B0%E6%BD%9F%E5%B8%82%E6%B1%9F%E5%8D%97%E5%8C%BA%E4%B8%8B%E6%97%A9%E9%80%9A%E6%9F%B3%E7%94%B01%E4%B8%81%E7%9B%AE1%E7%95%AA1%E5%8F%B7%20%E3%82%A4%E3%82%AA%E3%83%B3%E6%96%B0%E6%BD%9F%E4%BA%80%E7%94%B0%E3%82%A4%E3%83%B3%E3%82%BF%E3%83%BC%E5%BA%973%E9%9A%8E,2026-10-08,https://dcd.aikatsu.com/encore/pdf/shoplist.pdf,官方列出的設置店；未逐店確認現場稼動、台數與卡片庫存。地址定位尚未逐點核對。
モーリーファンタジー新潟青山店,日本 新潟県新潟市西区青山2-5-1 イオン新潟青山店２階,新潟県,中部,070-3100-4249,https://www.google.com/maps/search/?api=1&query=%E3%83%A2%E3%83%BC%E3%83%AA%E3%83%BC%E3%83%95%E3%82%A1%E3%83%B3%E3%82%BF%E3%82%B8%E3%83%BC%E6%96%B0%E6%BD%9F%E9%9D%92%E5%B1%B1%E5%BA%97%20%E6%96%B0%E6%BD%9F%E7%9C%8C%E6%96%B0%E6%BD%9F%E5%B8%82%E8%A5%BF%E5%8C%BA%E9%9D%92%E5%B1%B12-5-1%20%E3%82%A4%E3%82%AA%E3%83%B3%E6%96%B0%E6%BD%9F%E9%9D%92%E5%B1%B1%E5%BA%97%EF%BC%92%E9%9A%8E,2026-10-08,https://dcd.aikatsu.com/encore/pdf/shoplist.pdf,官方列出的設置店；未逐店確認現場稼動、台數與卡片庫存。地址定位尚未逐點核對。
モーリーファンタジー県央店,日本 新潟県燕市井土巻3-65 イオン県央店2階,新潟県,中部,070-3100-4130,https://www.google.com/maps/search/?api=1&query=%E3%83%A2%E3%83%BC%E3%83%AA%E3%83%BC%E3%83%95%E3%82%A1%E3%83%B3%E3%82%BF%E3%82%B8%E3%83%BC%E7%9C%8C%E5%A4%AE%E5%BA%97%20%E6%96%B0%E6%BD%9F%E7%9C%8C%E7%87%95%E5%B8%82%E4%BA%95%E5%9C%9F%E5%B7%BB3-65%20%E3%82%A4%E3%82%AA%E3%83%B3%E7%9C%8C%E5%A4%AE%E5%BA%972%E9%9A%8E,2026-10-08,https://dcd.aikatsu.com/encore/pdf/shoplist.pdf,官方列出的設置店；未逐店確認現場稼動、台數與卡片庫存。地址定位尚未逐點核對。
モーリーファンタジー十日町店,日本 新潟県十日町市高田町6-691 イオン十日町店1階,新潟県,中部,070-3100-7335,https://www.google.com/maps/search/?api=1&query=%E3%83%A2%E3%83%BC%E3%83%AA%E3%83%BC%E3%83%95%E3%82%A1%E3%83%B3%E3%82%BF%E3%82%B8%E3%83%BC%E5%8D%81%E6%97%A5%E7%94%BA%E5%BA%97%20%E6%96%B0%E6%BD%9F%E7%9C%8C%E5%8D%81%E6%97%A5%E7%94%BA%E5%B8%82%E9%AB%98%E7%94%B0%E7%94%BA6-691%20%E3%82%A4%E3%82%AA%E3%83%B3%E5%8D%81%E6%97%A5%E7%94%BA%E5%BA%971%E9%9A%8E,2026-10-08,https://dcd.aikatsu.com/encore/pdf/shoplist.pdf,官方列出的設置店；未逐店確認現場稼動、台數與卡片庫存。地址定位尚未逐點核對。
PALO十日町店,日本 新潟県十日町市旭町161 リオン・ドール十日町店1階,新潟県,中部,070-3100-5605,https://www.google.com/maps/search/?api=1&query=PALO%E5%8D%81%E6%97%A5%E7%94%BA%E5%BA%97%20%E6%96%B0%E6%BD%9F%E7%9C%8C%E5%8D%81%E6%97%A5%E7%94%BA%E5%B8%82%E6%97%AD%E7%94%BA161%20%E3%83%AA%E3%82%AA%E3%83%B3%E3%83%BB%E3%83%89%E3%83%BC%E3%83%AB%E5%8D%81%E6%97%A5%E7%94%BA%E5%BA%971%E9%9A%8E,2026-10-08,https://dcd.aikatsu.com/encore/pdf/shoplist.pdf,官方列出的設置店；未逐店確認現場稼動、台數與卡片庫存。地址定位尚未逐點核對。
アピタ長岡,日本 新潟県長岡市千秋２－２７８ リバーサイド千秋,新潟県,中部,0258-29-6111,https://www.google.com/maps/search/?api=1&query=%E3%82%A2%E3%83%94%E3%82%BF%E9%95%B7%E5%B2%A1%20%E6%96%B0%E6%BD%9F%E7%9C%8C%E9%95%B7%E5%B2%A1%E5%B8%82%E5%8D%83%E7%A7%8B%EF%BC%92%EF%BC%8D%EF%BC%92%EF%BC%97%EF%BC%98%20%E3%83%AA%E3%83%90%E3%83%BC%E3%82%B5%E3%82%A4%E3%83%89%E5%8D%83%E7%A7%8B,2026-10-08,https://dcd.aikatsu.com/encore/pdf/shoplist.pdf,官方列出的設置店；未逐店確認現場稼動、台數與卡片庫存。地址定位尚未逐點核對。
ＭＥＧＡドン･キホーテ柏崎,日本 新潟県柏崎市東長浜町４番１５号,新潟県,中部,0257-22-3810,https://www.google.com/maps/search/?api=1&query=%EF%BC%AD%EF%BC%A5%EF%BC%A7%EF%BC%A1%E3%83%89%E3%83%B3%EF%BD%A5%E3%82%AD%E3%83%9B%E3%83%BC%E3%83%86%E6%9F%8F%E5%B4%8E%20%E6%96%B0%E6%BD%9F%E7%9C%8C%E6%9F%8F%E5%B4%8E%E5%B8%82%E6%9D%B1%E9%95%B7%E6%B5%9C%E7%94%BA%EF%BC%94%E7%95%AA%EF%BC%91%EF%BC%95%E5%8F%B7,2026-10-08,https://dcd.aikatsu.com/encore/pdf/shoplist.pdf,官方列出的設置店；未逐店確認現場稼動、台數與卡片庫存。地址定位尚未逐點核對。
イオン村上東店,日本 新潟県村上市仲間町２００,新潟県,中部,0254-53-7200,https://www.google.com/maps/search/?api=1&query=%E3%82%A4%E3%82%AA%E3%83%B3%E6%9D%91%E4%B8%8A%E6%9D%B1%E5%BA%97%20%E6%96%B0%E6%BD%9F%E7%9C%8C%E6%9D%91%E4%B8%8A%E5%B8%82%E4%BB%B2%E9%96%93%E7%94%BA%EF%BC%92%EF%BC%90%EF%BC%90,2026-10-08,https://dcd.aikatsu.com/encore/pdf/shoplist.pdf,官方列出的設置店；未逐店確認現場稼動、台數與卡片庫存。地址定位尚未逐點核對。
アピタ新潟亀田,日本 新潟県新潟市江南区鵜ノ子４－４６６,新潟県,中部,025-383-3211,https://www.google.com/maps/search/?api=1&query=%E3%82%A2%E3%83%94%E3%82%BF%E6%96%B0%E6%BD%9F%E4%BA%80%E7%94%B0%20%E6%96%B0%E6%BD%9F%E7%9C%8C%E6%96%B0%E6%BD%9F%E5%B8%82%E6%B1%9F%E5%8D%97%E5%8C%BA%E9%B5%9C%E3%83%8E%E5%AD%90%EF%BC%94%EF%BC%8D%EF%BC%94%EF%BC%96%EF%BC%96,2026-10-08,https://dcd.aikatsu.com/encore/pdf/shoplist.pdf,官方列出的設置店；未逐店確認現場稼動、台數與卡片庫存。地址定位尚未逐點核對。
ヨドバシカメラ マルチメディア新潟駅前,日本 新潟県新潟市中央区弁天１－２－６ ヨドバシ新潟ビル,新潟県,中部,025-249-1010,https://www.google.com/maps/search/?api=1&query=%E3%83%A8%E3%83%89%E3%83%90%E3%82%B7%E3%82%AB%E3%83%A1%E3%83%A9%20%E3%83%9E%E3%83%AB%E3%83%81%E3%83%A1%E3%83%87%E3%82%A3%E3%82%A2%E6%96%B0%E6%BD%9F%E9%A7%85%E5%89%8D%20%E6%96%B0%E6%BD%9F%E7%9C%8C%E6%96%B0%E6%BD%9F%E5%B8%82%E4%B8%AD%E5%A4%AE%E5%8C%BA%E5%BC%81%E5%A4%A9%EF%BC%91%EF%BC%8D%EF%BC%92%EF%BC%8D%EF%BC%96%20%E3%83%A8%E3%83%89%E3%83%90%E3%82%B7%E6%96%B0%E6%BD%9F%E3%83%93%E3%83%AB,2026-10-08,https://dcd.aikatsu.com/encore/pdf/shoplist.pdf,官方列出的設置店；未逐店確認現場稼動、台數與卡片庫存。地址定位尚未逐點核對。
イオン新潟西店,日本 新潟県新潟市西区小新南２－１－１０,新潟県,中部,025-234-3100,https://www.google.com/maps/search/?api=1&query=%E3%82%A4%E3%82%AA%E3%83%B3%E6%96%B0%E6%BD%9F%E8%A5%BF%E5%BA%97%20%E6%96%B0%E6%BD%9F%E7%9C%8C%E6%96%B0%E6%BD%9F%E5%B8%82%E8%A5%BF%E5%8C%BA%E5%B0%8F%E6%96%B0%E5%8D%97%EF%BC%92%EF%BC%8D%EF%BC%91%EF%BC%8D%EF%BC%91%EF%BC%90,2026-10-08,https://dcd.aikatsu.com/encore/pdf/shoplist.pdf,官方列出的設置店；未逐店確認現場稼動、台數與卡片庫存。地址定位尚未逐點核對。
イオン白根店,日本 新潟県新潟市南区能登４０９－２,新潟県,中部,025-372-6200,https://www.google.com/maps/search/?api=1&query=%E3%82%A4%E3%82%AA%E3%83%B3%E7%99%BD%E6%A0%B9%E5%BA%97%20%E6%96%B0%E6%BD%9F%E7%9C%8C%E6%96%B0%E6%BD%9F%E5%B8%82%E5%8D%97%E5%8C%BA%E8%83%BD%E7%99%BB%EF%BC%94%EF%BC%90%EF%BC%99%EF%BC%8D%EF%BC%92,2026-10-08,https://dcd.aikatsu.com/encore/pdf/shoplist.pdf,官方列出的設置店；未逐店確認現場稼動、台數與卡片庫存。地址定位尚未逐點核對。
イオン長岡店,日本 新潟県長岡市古正寺１－２４９－１,新潟県,中部,0258-28-0880,https://www.google.com/maps/search/?api=1&query=%E3%82%A4%E3%82%AA%E3%83%B3%E9%95%B7%E5%B2%A1%E5%BA%97%20%E6%96%B0%E6%BD%9F%E7%9C%8C%E9%95%B7%E5%B2%A1%E5%B8%82%E5%8F%A4%E6%AD%A3%E5%AF%BA%EF%BC%91%EF%BC%8D%EF%BC%92%EF%BC%94%EF%BC%99%EF%BC%8D%EF%BC%91,2026-10-08,https://dcd.aikatsu.com/encore/pdf/shoplist.pdf,官方列出的設置店；未逐店確認現場稼動、台數與卡片庫存。地址定位尚未逐點核對。
ビックカメラ新潟店,日本 新潟県新潟市中央区花園１－１－２１ ＣｏＣｏＬｏ南館内,新潟県,中部,025-248-1111,https://www.google.com/maps/search/?api=1&query=%E3%83%93%E3%83%83%E3%82%AF%E3%82%AB%E3%83%A1%E3%83%A9%E6%96%B0%E6%BD%9F%E5%BA%97%20%E6%96%B0%E6%BD%9F%E7%9C%8C%E6%96%B0%E6%BD%9F%E5%B8%82%E4%B8%AD%E5%A4%AE%E5%8C%BA%E8%8A%B1%E5%9C%92%EF%BC%91%EF%BC%8D%EF%BC%91%EF%BC%8D%EF%BC%92%EF%BC%91%20%EF%BC%A3%EF%BD%8F%EF%BC%A3%EF%BD%8F%EF%BC%AC%EF%BD%8F%E5%8D%97%E9%A4%A8%E5%86%85,2026-10-08,https://dcd.aikatsu.com/encore/pdf/shoplist.pdf,官方列出的設置店；未逐店確認現場稼動、台數與卡片庫存。地址定位尚未逐點核對。
アピタ新潟西,日本 新潟県新潟市西区小新４７４,新潟県,中部,025-201-1711,https://www.google.com/maps/search/?api=1&query=%E3%82%A2%E3%83%94%E3%82%BF%E6%96%B0%E6%BD%9F%E8%A5%BF%20%E6%96%B0%E6%BD%9F%E7%9C%8C%E6%96%B0%E6%BD%9F%E5%B8%82%E8%A5%BF%E5%8C%BA%E5%B0%8F%E6%96%B0%EF%BC%94%EF%BC%97%EF%BC%94,2026-10-08,https://dcd.aikatsu.com/encore/pdf/shoplist.pdf,官方列出的設置店；未逐店確認現場稼動、台數與卡片庫存。地址定位尚未逐點核對。
トイザらス・ベビーザらス新潟,日本 新潟県新潟市中央区上近江４－１２－２０,新潟県,中部,025-284-4633,https://www.google.com/maps/search/?api=1&query=%E3%83%88%E3%82%A4%E3%82%B6%E3%82%89%E3%82%B9%E3%83%BB%E3%83%99%E3%83%93%E3%83%BC%E3%82%B6%E3%82%89%E3%82%B9%E6%96%B0%E6%BD%9F%20%E6%96%B0%E6%BD%9F%E7%9C%8C%E6%96%B0%E6%BD%9F%E5%B8%82%E4%B8%AD%E5%A4%AE%E5%8C%BA%E4%B8%8A%E8%BF%91%E6%B1%9F%EF%BC%94%EF%BC%8D%EF%BC%91%EF%BC%92%EF%BC%8D%EF%BC%92%EF%BC%90,2026-10-08,https://dcd.aikatsu.com/encore/pdf/shoplist.pdf,官方列出的設置店；未逐店確認現場稼動、台數與卡片庫存。地址定位尚未逐點核對。
GiGOリバーサイド千秋,日本 新潟県長岡市千秋2-278 ｱﾋﾟﾀRIVERSIDE SENSHU 長岡店 2F,新潟県,中部,070-3317-3501,https://www.google.com/maps/search/?api=1&query=GiGO%E3%83%AA%E3%83%90%E3%83%BC%E3%82%B5%E3%82%A4%E3%83%89%E5%8D%83%E7%A7%8B%20%E6%96%B0%E6%BD%9F%E7%9C%8C%E9%95%B7%E5%B2%A1%E5%B8%82%E5%8D%83%E7%A7%8B2-278%20%EF%BD%B1%EF%BE%8B%EF%BE%9F%EF%BE%80RIVERSIDE%20SENSHU%20%E9%95%B7%E5%B2%A1%E5%BA%97%202F,2026-10-08,https://dcd.aikatsu.com/encore/pdf/shoplist.pdf,官方列出的設置店；未逐店確認現場稼動、台數與卡片庫存。地址定位尚未逐點核對。
GiGOイオンモール新発田,日本 新潟県新発田市住吉町5-11-5 ｲｵﾝﾓｰﾙ新発田店 2F,新潟県,中部,070-3236-0453,https://www.google.com/maps/search/?api=1&query=GiGO%E3%82%A4%E3%82%AA%E3%83%B3%E3%83%A2%E3%83%BC%E3%83%AB%E6%96%B0%E7%99%BA%E7%94%B0%20%E6%96%B0%E6%BD%9F%E7%9C%8C%E6%96%B0%E7%99%BA%E7%94%B0%E5%B8%82%E4%BD%8F%E5%90%89%E7%94%BA5-11-5%20%EF%BD%B2%EF%BD%B5%EF%BE%9D%EF%BE%93%EF%BD%B0%EF%BE%99%E6%96%B0%E7%99%BA%E7%94%B0%E5%BA%97%202F,2026-10-08,https://dcd.aikatsu.com/encore/pdf/shoplist.pdf,官方列出的設置店；未逐店確認現場稼動、台數與卡片庫存。地址定位尚未逐點核對。
カプコサーカス新潟東店,日本 新潟県新潟市東区大形本町３－１－２イオン新潟東,新潟県,中部,025-275-3777,https://www.google.com/maps/search/?api=1&query=%E3%82%AB%E3%83%97%E3%82%B3%E3%82%B5%E3%83%BC%E3%82%AB%E3%82%B9%E6%96%B0%E6%BD%9F%E6%9D%B1%E5%BA%97%20%E6%96%B0%E6%BD%9F%E7%9C%8C%E6%96%B0%E6%BD%9F%E5%B8%82%E6%9D%B1%E5%8C%BA%E5%A4%A7%E5%BD%A2%E6%9C%AC%E7%94%BA%EF%BC%93%EF%BC%8D%EF%BC%91%EF%BC%8D%EF%BC%92%E3%82%A4%E3%82%AA%E3%83%B3%E6%96%B0%E6%BD%9F%E6%9D%B1,2026-10-08,https://dcd.aikatsu.com/encore/pdf/shoplist.pdf,官方列出的設置店；未逐店確認現場稼動、台數與卡片庫存。地址定位尚未逐點核對。
メジャーロード黒埼店,日本 新潟県新潟市西区山田3303メジャーロード黒埼,新潟県,中部,025-370-7300,https://www.google.com/maps/search/?api=1&query=%E3%83%A1%E3%82%B8%E3%83%A3%E3%83%BC%E3%83%AD%E3%83%BC%E3%83%89%E9%BB%92%E5%9F%BC%E5%BA%97%20%E6%96%B0%E6%BD%9F%E7%9C%8C%E6%96%B0%E6%BD%9F%E5%B8%82%E8%A5%BF%E5%8C%BA%E5%B1%B1%E7%94%B03303%E3%83%A1%E3%82%B8%E3%83%A3%E3%83%BC%E3%83%AD%E3%83%BC%E3%83%89%E9%BB%92%E5%9F%BC,2026-10-08,https://dcd.aikatsu.com/encore/pdf/shoplist.pdf,官方列出的設置店；未逐店確認現場稼動、台數與卡片庫存。地址定位尚未逐點核對。
メジャーロード見附店 WEST,日本 新潟県見附市上新田町516-1,新潟県,中部,0258-66-8080,https://www.google.com/maps/search/?api=1&query=%E3%83%A1%E3%82%B8%E3%83%A3%E3%83%BC%E3%83%AD%E3%83%BC%E3%83%89%E8%A6%8B%E9%99%84%E5%BA%97%20WEST%20%E6%96%B0%E6%BD%9F%E7%9C%8C%E8%A6%8B%E9%99%84%E5%B8%82%E4%B8%8A%E6%96%B0%E7%94%B0%E7%94%BA516-1,2026-10-08,https://dcd.aikatsu.com/encore/pdf/shoplist.pdf,官方列出的設置店；未逐店確認現場稼動、台數與卡片庫存。地址定位尚未逐點核對。
タイトーステーション新潟ラブラ2店,日本 新潟県新潟市中央区万代1-4-8 ラブラ23F,新潟県,中部,025-212-9435,https://www.google.com/maps/search/?api=1&query=%E3%82%BF%E3%82%A4%E3%83%88%E3%83%BC%E3%82%B9%E3%83%86%E3%83%BC%E3%82%B7%E3%83%A7%E3%83%B3%E6%96%B0%E6%BD%9F%E3%83%A9%E3%83%96%E3%83%A92%E5%BA%97%20%E6%96%B0%E6%BD%9F%E7%9C%8C%E6%96%B0%E6%BD%9F%E5%B8%82%E4%B8%AD%E5%A4%AE%E5%8C%BA%E4%B8%87%E4%BB%A31-4-8%20%E3%83%A9%E3%83%96%E3%83%A923F,2026-10-08,https://dcd.aikatsu.com/encore/pdf/shoplist.pdf,官方列出的設置店；未逐店確認現場稼動、台數與卡片庫存。地址定位尚未逐點核對。
タイトーFステーションイオン新潟西店,日本 新潟県新潟市西区小新南2－1－10イオン新潟西3F,新潟県,中部,025-201-3005,https://www.google.com/maps/search/?api=1&query=%E3%82%BF%E3%82%A4%E3%83%88%E3%83%BCF%E3%82%B9%E3%83%86%E3%83%BC%E3%82%B7%E3%83%A7%E3%83%B3%E3%82%A4%E3%82%AA%E3%83%B3%E6%96%B0%E6%BD%9F%E8%A5%BF%E5%BA%97%20%E6%96%B0%E6%BD%9F%E7%9C%8C%E6%96%B0%E6%BD%9F%E5%B8%82%E8%A5%BF%E5%8C%BA%E5%B0%8F%E6%96%B0%E5%8D%972%EF%BC%8D1%EF%BC%8D10%E3%82%A4%E3%82%AA%E3%83%B3%E6%96%B0%E6%BD%9F%E8%A5%BF3F,2026-10-08,https://dcd.aikatsu.com/encore/pdf/shoplist.pdf,官方列出的設置店；未逐店確認現場稼動、台數與卡片庫存。地址定位尚未逐點核對。
タイトーFステーション燕三条店,日本 新潟県燕市井土巻３－１５０イオン県央１階,新潟県,中部,0256-66-4015,https://www.google.com/maps/search/?api=1&query=%E3%82%BF%E3%82%A4%E3%83%88%E3%83%BCF%E3%82%B9%E3%83%86%E3%83%BC%E3%82%B7%E3%83%A7%E3%83%B3%E7%87%95%E4%B8%89%E6%9D%A1%E5%BA%97%20%E6%96%B0%E6%BD%9F%E7%9C%8C%E7%87%95%E5%B8%82%E4%BA%95%E5%9C%9F%E5%B7%BB%EF%BC%93%EF%BC%8D%EF%BC%91%EF%BC%95%EF%BC%90%E3%82%A4%E3%82%AA%E3%83%B3%E7%9C%8C%E5%A4%AE%EF%BC%91%E9%9A%8E,2026-10-08,https://dcd.aikatsu.com/encore/pdf/shoplist.pdf,官方列出的設置店；未逐店確認現場稼動、台數與卡片庫存。地址定位尚未逐點核對。
ｎａｍｃｏＤＥＫＫＹ４０１店,日本 新潟県新潟市中央区上近江４－１２－２０ ＤＥＫＫＹ４０１ ２Ｆ,新潟県,中部,025-281-2162,https://www.google.com/maps/search/?api=1&query=%EF%BD%8E%EF%BD%81%EF%BD%8D%EF%BD%83%EF%BD%8F%EF%BC%A4%EF%BC%A5%EF%BC%AB%EF%BC%AB%EF%BC%B9%EF%BC%94%EF%BC%90%EF%BC%91%E5%BA%97%20%E6%96%B0%E6%BD%9F%E7%9C%8C%E6%96%B0%E6%BD%9F%E5%B8%82%E4%B8%AD%E5%A4%AE%E5%8C%BA%E4%B8%8A%E8%BF%91%E6%B1%9F%EF%BC%94%EF%BC%8D%EF%BC%91%EF%BC%92%EF%BC%8D%EF%BC%92%EF%BC%90%20%EF%BC%A4%EF%BC%A5%EF%BC%AB%EF%BC%AB%EF%BC%B9%EF%BC%94%EF%BC%90%EF%BC%91%20%EF%BC%92%EF%BC%A6,2026-10-08,https://dcd.aikatsu.com/encore/pdf/shoplist.pdf,官方列出的設置店；未逐店確認現場稼動、台數與卡片庫存。地址定位尚未逐點核對。
ｎａｍｃｏ新潟店,日本 新潟県新潟市中央区南笹口１－１－１ ひもろぎビル２Ｆ,新潟県,中部,025-384-4980,https://www.google.com/maps/search/?api=1&query=%EF%BD%8E%EF%BD%81%EF%BD%8D%EF%BD%83%EF%BD%8F%E6%96%B0%E6%BD%9F%E5%BA%97%20%E6%96%B0%E6%BD%9F%E7%9C%8C%E6%96%B0%E6%BD%9F%E5%B8%82%E4%B8%AD%E5%A4%AE%E5%8C%BA%E5%8D%97%E7%AC%B9%E5%8F%A3%EF%BC%91%EF%BC%8D%EF%BC%91%EF%BC%8D%EF%BC%91%20%E3%81%B2%E3%82%82%E3%82%8D%E3%81%8E%E3%83%93%E3%83%AB%EF%BC%92%EF%BC%A6,2026-10-08,https://dcd.aikatsu.com/encore/pdf/shoplist.pdf,官方列出的設置店；未逐店確認現場稼動、台數與卡片庫存。地址定位尚未逐點核對。
ナムコランドイオン長岡店,日本 新潟県長岡市古正寺１丁目２４９番１ イオン長岡店内,新潟県,中部,0258-27-5961,https://www.google.com/maps/search/?api=1&query=%E3%83%8A%E3%83%A0%E3%82%B3%E3%83%A9%E3%83%B3%E3%83%89%E3%82%A4%E3%82%AA%E3%83%B3%E9%95%B7%E5%B2%A1%E5%BA%97%20%E6%96%B0%E6%BD%9F%E7%9C%8C%E9%95%B7%E5%B2%A1%E5%B8%82%E5%8F%A4%E6%AD%A3%E5%AF%BA%EF%BC%91%E4%B8%81%E7%9B%AE%EF%BC%92%EF%BC%94%EF%BC%99%E7%95%AA%EF%BC%91%20%E3%82%A4%E3%82%AA%E3%83%B3%E9%95%B7%E5%B2%A1%E5%BA%97%E5%86%85,2026-10-08,https://dcd.aikatsu.com/encore/pdf/shoplist.pdf,官方列出的設置店；未逐店確認現場稼動、台數與卡片庫存。地址定位尚未逐點核對。
ＭＥＧＡドン・キホーテ柏崎店,日本 新潟県柏崎市東長浜町４－１５ ＭＥＧＡドン・キホーテ柏崎店内２Ｆ,新潟県,中部,0257-22-1668,https://www.google.com/maps/search/?api=1&query=%EF%BC%AD%EF%BC%A5%EF%BC%A7%EF%BC%A1%E3%83%89%E3%83%B3%E3%83%BB%E3%82%AD%E3%83%9B%E3%83%BC%E3%83%86%E6%9F%8F%E5%B4%8E%E5%BA%97%20%E6%96%B0%E6%BD%9F%E7%9C%8C%E6%9F%8F%E5%B4%8E%E5%B8%82%E6%9D%B1%E9%95%B7%E6%B5%9C%E7%94%BA%EF%BC%94%EF%BC%8D%EF%BC%91%EF%BC%95%20%EF%BC%AD%EF%BC%A5%EF%BC%A7%EF%BC%A1%E3%83%89%E3%83%B3%E3%83%BB%E3%82%AD%E3%83%9B%E3%83%BC%E3%83%86%E6%9F%8F%E5%B4%8E%E5%BA%97%E5%86%85%EF%BC%92%EF%BC%A6,2026-10-08,https://dcd.aikatsu.com/encore/pdf/shoplist.pdf,官方列出的設置店；未逐店確認現場稼動、台數與卡片庫存。地址定位尚未逐點核對。
アピナ長岡店,日本 新潟県長岡市堺東町２２アピナ長岡,新潟県,中部,0258-22-5510,https://www.google.com/maps/search/?api=1&query=%E3%82%A2%E3%83%94%E3%83%8A%E9%95%B7%E5%B2%A1%E5%BA%97%20%E6%96%B0%E6%BD%9F%E7%9C%8C%E9%95%B7%E5%B2%A1%E5%B8%82%E5%A0%BA%E6%9D%B1%E7%94%BA%EF%BC%92%EF%BC%92%E3%82%A2%E3%83%94%E3%83%8A%E9%95%B7%E5%B2%A1,2026-10-08,https://dcd.aikatsu.com/encore/pdf/shoplist.pdf,官方列出的設置店；未逐店確認現場稼動、台數與卡片庫存。地址定位尚未逐點核對。
アピナ上越インター店,日本 新潟県上越市富岡3439,新潟県,中部,025-520-7013,https://www.google.com/maps/search/?api=1&query=%E3%82%A2%E3%83%94%E3%83%8A%E4%B8%8A%E8%B6%8A%E3%82%A4%E3%83%B3%E3%82%BF%E3%83%BC%E5%BA%97%20%E6%96%B0%E6%BD%9F%E7%9C%8C%E4%B8%8A%E8%B6%8A%E5%B8%82%E5%AF%8C%E5%B2%A13439,2026-10-08,https://dcd.aikatsu.com/encore/pdf/shoplist.pdf,官方列出的設置店；未逐店確認現場稼動、台數與卡片庫存。地址定位尚未逐點核對。
VIVAZONE糸魚川店,日本 新潟県糸魚川市寺島3-2-40ヴィラオレッタ糸魚川2Fゲームセンター,新潟県,中部,025-550-1388,https://www.google.com/maps/search/?api=1&query=VIVAZONE%E7%B3%B8%E9%AD%9A%E5%B7%9D%E5%BA%97%20%E6%96%B0%E6%BD%9F%E7%9C%8C%E7%B3%B8%E9%AD%9A%E5%B7%9D%E5%B8%82%E5%AF%BA%E5%B3%B63-2-40%E3%83%B4%E3%82%A3%E3%83%A9%E3%82%AA%E3%83%AC%E3%83%83%E3%82%BF%E7%B3%B8%E9%AD%9A%E5%B7%9D2F%E3%82%B2%E3%83%BC%E3%83%A0%E3%82%BB%E3%83%B3%E3%82%BF%E3%83%BC,2026-10-08,https://dcd.aikatsu.com/encore/pdf/shoplist.pdf,官方列出的設置店；未逐店確認現場稼動、台數與卡片庫存。地址定位尚未逐點核對。
モーリーファンタジー小杉店,日本 富山県射水市三ヶ2602 アル・プラザ小杉店2階,富山県,中部,070-3100-3624,https://www.google.com/maps/search/?api=1&query=%E3%83%A2%E3%83%BC%E3%83%AA%E3%83%BC%E3%83%95%E3%82%A1%E3%83%B3%E3%82%BF%E3%82%B8%E3%83%BC%E5%B0%8F%E6%9D%89%E5%BA%97%20%E5%AF%8C%E5%B1%B1%E7%9C%8C%E5%B0%84%E6%B0%B4%E5%B8%82%E4%B8%89%E3%83%B62602%20%E3%82%A2%E3%83%AB%E3%83%BB%E3%83%97%E3%83%A9%E3%82%B6%E5%B0%8F%E6%9D%89%E5%BA%972%E9%9A%8E,2026-10-08,https://dcd.aikatsu.com/encore/pdf/shoplist.pdf,官方列出的設置店；未逐店確認現場稼動、台數與卡片庫存。地址定位尚未逐點核對。
モーリーファンタジー高岡南店,日本 富山県高岡市下伏間江383 イオン高岡南店2階,富山県,中部,070-3100-3408,https://www.google.com/maps/search/?api=1&query=%E3%83%A2%E3%83%BC%E3%83%AA%E3%83%BC%E3%83%95%E3%82%A1%E3%83%B3%E3%82%BF%E3%82%B8%E3%83%BC%E9%AB%98%E5%B2%A1%E5%8D%97%E5%BA%97%20%E5%AF%8C%E5%B1%B1%E7%9C%8C%E9%AB%98%E5%B2%A1%E5%B8%82%E4%B8%8B%E4%BC%8F%E9%96%93%E6%B1%9F383%20%E3%82%A4%E3%82%AA%E3%83%B3%E9%AB%98%E5%B2%A1%E5%8D%97%E5%BA%972%E9%9A%8E,2026-10-08,https://dcd.aikatsu.com/encore/pdf/shoplist.pdf,官方列出的設置店；未逐店確認現場稼動、台數與卡片庫存。地址定位尚未逐點核對。
モーリーファンタジー高岡江尻店,日本 富山県高岡市江尻331-1 イオン高岡江尻店1階,富山県,中部,070-3100-4775,https://www.google.com/maps/search/?api=1&query=%E3%83%A2%E3%83%BC%E3%83%AA%E3%83%BC%E3%83%95%E3%82%A1%E3%83%B3%E3%82%BF%E3%82%B8%E3%83%BC%E9%AB%98%E5%B2%A1%E6%B1%9F%E5%B0%BB%E5%BA%97%20%E5%AF%8C%E5%B1%B1%E7%9C%8C%E9%AB%98%E5%B2%A1%E5%B8%82%E6%B1%9F%E5%B0%BB331-1%20%E3%82%A4%E3%82%AA%E3%83%B3%E9%AB%98%E5%B2%A1%E6%B1%9F%E5%B0%BB%E5%BA%971%E9%9A%8E,2026-10-08,https://dcd.aikatsu.com/encore/pdf/shoplist.pdf,官方列出的設置店；未逐店確認現場稼動、台數與卡片庫存。地址定位尚未逐點核對。
モーリーファンタジーとなみ店,日本 富山県砺波市中神一丁目174番地 イオンモールとなみ2階,富山県,中部,070-3100-5171,https://www.google.com/maps/search/?api=1&query=%E3%83%A2%E3%83%BC%E3%83%AA%E3%83%BC%E3%83%95%E3%82%A1%E3%83%B3%E3%82%BF%E3%82%B8%E3%83%BC%E3%81%A8%E3%81%AA%E3%81%BF%E5%BA%97%20%E5%AF%8C%E5%B1%B1%E7%9C%8C%E7%A0%BA%E6%B3%A2%E5%B8%82%E4%B8%AD%E7%A5%9E%E4%B8%80%E4%B8%81%E7%9B%AE174%E7%95%AA%E5%9C%B0%20%E3%82%A4%E3%82%AA%E3%83%B3%E3%83%A2%E3%83%BC%E3%83%AB%E3%81%A8%E3%81%AA%E3%81%BF2%E9%9A%8E,2026-10-08,https://dcd.aikatsu.com/encore/pdf/shoplist.pdf,官方列出的設置店；未逐店確認現場稼動、台數與卡片庫存。地址定位尚未逐點核對。
アピタ富山東,日本 富山県富山市上冨居３１０－１,富山県,中部,076-452-3311,https://www.google.com/maps/search/?api=1&query=%E3%82%A2%E3%83%94%E3%82%BF%E5%AF%8C%E5%B1%B1%E6%9D%B1%20%E5%AF%8C%E5%B1%B1%E7%9C%8C%E5%AF%8C%E5%B1%B1%E5%B8%82%E4%B8%8A%E5%86%A8%E5%B1%85%EF%BC%93%EF%BC%91%EF%BC%90%EF%BC%8D%EF%BC%91,2026-10-08,https://dcd.aikatsu.com/encore/pdf/shoplist.pdf,官方列出的設置店；未逐店確認現場稼動、台數與卡片庫存。地址定位尚未逐點核對。
ＭＥＧＡドン・キホーテＵＮＹ魚津,日本 富山県魚津市住吉６００,富山県,中部,0765-23-4111,https://www.google.com/maps/search/?api=1&query=%EF%BC%AD%EF%BC%A5%EF%BC%A7%EF%BC%A1%E3%83%89%E3%83%B3%E3%83%BB%E3%82%AD%E3%83%9B%E3%83%BC%E3%83%86%EF%BC%B5%EF%BC%AE%EF%BC%B9%E9%AD%9A%E6%B4%A5%20%E5%AF%8C%E5%B1%B1%E7%9C%8C%E9%AD%9A%E6%B4%A5%E5%B8%82%E4%BD%8F%E5%90%89%EF%BC%96%EF%BC%90%EF%BC%90,2026-10-08,https://dcd.aikatsu.com/encore/pdf/shoplist.pdf,官方列出的設置店；未逐店確認現場稼動、台數與卡片庫存。地址定位尚未逐點核對。
ユーズランド高岡店,日本 富山県高岡市下伏間江３８３イオン高岡南２階,富山県,中部,0766-27-2411,https://www.google.com/maps/search/?api=1&query=%E3%83%A6%E3%83%BC%E3%82%BA%E3%83%A9%E3%83%B3%E3%83%89%E9%AB%98%E5%B2%A1%E5%BA%97%20%E5%AF%8C%E5%B1%B1%E7%9C%8C%E9%AB%98%E5%B2%A1%E5%B8%82%E4%B8%8B%E4%BC%8F%E9%96%93%E6%B1%9F%EF%BC%93%EF%BC%98%EF%BC%93%E3%82%A4%E3%82%AA%E3%83%B3%E9%AB%98%E5%B2%A1%E5%8D%97%EF%BC%92%E9%9A%8E,2026-10-08,https://dcd.aikatsu.com/encore/pdf/shoplist.pdf,官方列出的設置店；未逐店確認現場稼動、台數與卡片庫存。地址定位尚未逐點核對。
GiGOマリエとやま,日本 富山県富山市桜町1丁目1番６１号 富山駅前ビルマリエとやま 4F,富山県,中部,080-7425-4865,https://www.google.com/maps/search/?api=1&query=GiGO%E3%83%9E%E3%83%AA%E3%82%A8%E3%81%A8%E3%82%84%E3%81%BE%20%E5%AF%8C%E5%B1%B1%E7%9C%8C%E5%AF%8C%E5%B1%B1%E5%B8%82%E6%A1%9C%E7%94%BA1%E4%B8%81%E7%9B%AE1%E7%95%AA%EF%BC%96%EF%BC%91%E5%8F%B7%20%E5%AF%8C%E5%B1%B1%E9%A7%85%E5%89%8D%E3%83%93%E3%83%AB%E3%83%9E%E3%83%AA%E3%82%A8%E3%81%A8%E3%82%84%E3%81%BE%204F,2026-10-08,https://dcd.aikatsu.com/encore/pdf/shoplist.pdf,官方列出的設置店；未逐店確認現場稼動、台數與卡片庫存。地址定位尚未逐點核對。
タイトーステーションファボーレ婦中店,日本 富山県富山市婦中町下轡田１６５－１フューチャーシティファボーレ２階,富山県,中部,076-466-1672,https://www.google.com/maps/search/?api=1&query=%E3%82%BF%E3%82%A4%E3%83%88%E3%83%BC%E3%82%B9%E3%83%86%E3%83%BC%E3%82%B7%E3%83%A7%E3%83%B3%E3%83%95%E3%82%A1%E3%83%9C%E3%83%BC%E3%83%AC%E5%A9%A6%E4%B8%AD%E5%BA%97%20%E5%AF%8C%E5%B1%B1%E7%9C%8C%E5%AF%8C%E5%B1%B1%E5%B8%82%E5%A9%A6%E4%B8%AD%E7%94%BA%E4%B8%8B%E8%BD%A1%E7%94%B0%EF%BC%91%EF%BC%96%EF%BC%95%EF%BC%8D%EF%BC%91%E3%83%95%E3%83%A5%E3%83%BC%E3%83%81%E3%83%A3%E3%83%BC%E3%82%B7%E3%83%86%E3%82%A3%E3%83%95%E3%82%A1%E3%83%9C%E3%83%BC%E3%83%AC%EF%BC%92%E9%9A%8E,2026-10-08,https://dcd.aikatsu.com/encore/pdf/shoplist.pdf,官方列出的設置店；未逐店確認現場稼動、台數與卡片庫存。地址定位尚未逐點核對。
ｎａｍｃｏアピタ富山店,日本 富山県富山市上袋１００番地 アピタ富山店内２Ｆ,富山県,中部,076-423-3251,https://www.google.com/maps/search/?api=1&query=%EF%BD%8E%EF%BD%81%EF%BD%8D%EF%BD%83%EF%BD%8F%E3%82%A2%E3%83%94%E3%82%BF%E5%AF%8C%E5%B1%B1%E5%BA%97%20%E5%AF%8C%E5%B1%B1%E7%9C%8C%E5%AF%8C%E5%B1%B1%E5%B8%82%E4%B8%8A%E8%A2%8B%EF%BC%91%EF%BC%90%EF%BC%90%E7%95%AA%E5%9C%B0%20%E3%82%A2%E3%83%94%E3%82%BF%E5%AF%8C%E5%B1%B1%E5%BA%97%E5%86%85%EF%BC%92%EF%BC%A6,2026-10-08,https://dcd.aikatsu.com/encore/pdf/shoplist.pdf,官方列出的設置店；未逐店確認現場稼動、台數與卡片庫存。地址定位尚未逐點核對。
アピタ富山東店ゲームコーナー,日本 富山県富山市上冨居３－８－３８ アピタ富山東店２Ｆ,富山県,中部,076-452-3370,https://www.google.com/maps/search/?api=1&query=%E3%82%A2%E3%83%94%E3%82%BF%E5%AF%8C%E5%B1%B1%E6%9D%B1%E5%BA%97%E3%82%B2%E3%83%BC%E3%83%A0%E3%82%B3%E3%83%BC%E3%83%8A%E3%83%BC%20%E5%AF%8C%E5%B1%B1%E7%9C%8C%E5%AF%8C%E5%B1%B1%E5%B8%82%E4%B8%8A%E5%86%A8%E5%B1%85%EF%BC%93%EF%BC%8D%EF%BC%98%EF%BC%8D%EF%BC%93%EF%BC%98%20%E3%82%A2%E3%83%94%E3%82%BF%E5%AF%8C%E5%B1%B1%E6%9D%B1%E5%BA%97%EF%BC%92%EF%BC%A6,2026-10-08,https://dcd.aikatsu.com/encore/pdf/shoplist.pdf,官方列出的設置店；未逐店確認現場稼動、台數與卡片庫存。地址定位尚未逐點核對。
ＭＥＧＡドン・キホーテＵＮＹ魚津店ゲームコーナー,日本 富山県魚津市住吉６００番地 ＭＥＧＡドン・キホーテＵＮＹ魚津店２Ｆ,富山県,中部,0765-23-4214,https://www.google.com/maps/search/?api=1&query=%EF%BC%AD%EF%BC%A5%EF%BC%A7%EF%BC%A1%E3%83%89%E3%83%B3%E3%83%BB%E3%82%AD%E3%83%9B%E3%83%BC%E3%83%86%EF%BC%B5%EF%BC%AE%EF%BC%B9%E9%AD%9A%E6%B4%A5%E5%BA%97%E3%82%B2%E3%83%BC%E3%83%A0%E3%82%B3%E3%83%BC%E3%83%8A%E3%83%BC%20%E5%AF%8C%E5%B1%B1%E7%9C%8C%E9%AD%9A%E6%B4%A5%E5%B8%82%E4%BD%8F%E5%90%89%EF%BC%96%EF%BC%90%EF%BC%90%E7%95%AA%E5%9C%B0%20%EF%BC%AD%EF%BC%A5%EF%BC%A7%EF%BC%A1%E3%83%89%E3%83%B3%E3%83%BB%E3%82%AD%E3%83%9B%E3%83%BC%E3%83%86%EF%BC%B5%EF%BC%AE%EF%BC%B9%E9%AD%9A%E6%B4%A5%E5%BA%97%EF%BC%92%EF%BC%A6,2026-10-08,https://dcd.aikatsu.com/encore/pdf/shoplist.pdf,官方列出的設置店；未逐店確認現場稼動、台數與卡片庫存。地址定位尚未逐點核對。
バンダイナムコＣｒｏｓｓ Ｓｔｏｒｅイオンモール高岡店,日本 富山県高岡市下伏間江３８３番地 イオンモール高岡２Ｆ,富山県,中部,0570-076510,https://www.google.com/maps/search/?api=1&query=%E3%83%90%E3%83%B3%E3%83%80%E3%82%A4%E3%83%8A%E3%83%A0%E3%82%B3%EF%BC%A3%EF%BD%92%EF%BD%8F%EF%BD%93%EF%BD%93%20%EF%BC%B3%EF%BD%94%EF%BD%8F%EF%BD%92%EF%BD%85%E3%82%A4%E3%82%AA%E3%83%B3%E3%83%A2%E3%83%BC%E3%83%AB%E9%AB%98%E5%B2%A1%E5%BA%97%20%E5%AF%8C%E5%B1%B1%E7%9C%8C%E9%AB%98%E5%B2%A1%E5%B8%82%E4%B8%8B%E4%BC%8F%E9%96%93%E6%B1%9F%EF%BC%93%EF%BC%98%EF%BC%93%E7%95%AA%E5%9C%B0%20%E3%82%A4%E3%82%AA%E3%83%B3%E3%83%A2%E3%83%BC%E3%83%AB%E9%AB%98%E5%B2%A1%EF%BC%92%EF%BC%A6,2026-10-08,https://dcd.aikatsu.com/encore/pdf/shoplist.pdf,官方列出的設置店；未逐店確認現場稼動、台數與卡片庫存。地址定位尚未逐點核對。
アピナ富山新庄店,日本 富山県富山市荒川3-2-12,富山県,中部,076-491-7700,https://www.google.com/maps/search/?api=1&query=%E3%82%A2%E3%83%94%E3%83%8A%E5%AF%8C%E5%B1%B1%E6%96%B0%E5%BA%84%E5%BA%97%20%E5%AF%8C%E5%B1%B1%E7%9C%8C%E5%AF%8C%E5%B1%B1%E5%B8%82%E8%8D%92%E5%B7%9D3-2-12,2026-10-08,https://dcd.aikatsu.com/encore/pdf/shoplist.pdf,官方列出的設置店；未逐店確認現場稼動、台數與卡片庫存。地址定位尚未逐點核對。
アピナ富山南,日本 富山県富山市堀川町355-3 マイプラザ内,富山県,中部,076-461-6644,https://www.google.com/maps/search/?api=1&query=%E3%82%A2%E3%83%94%E3%83%8A%E5%AF%8C%E5%B1%B1%E5%8D%97%20%E5%AF%8C%E5%B1%B1%E7%9C%8C%E5%AF%8C%E5%B1%B1%E5%B8%82%E5%A0%80%E5%B7%9D%E7%94%BA355-3%20%E3%83%9E%E3%82%A4%E3%83%97%E3%83%A9%E3%82%B6%E5%86%85,2026-10-08,https://dcd.aikatsu.com/encore/pdf/shoplist.pdf,官方列出的設置店；未逐店確認現場稼動、台數與卡片庫存。地址定位尚未逐點核對。
アピナ富山豊田店,日本 富山県富山市豊田町２－１２－６６アピナ富山豊田,富山県,中部,076-433-3355,https://www.google.com/maps/search/?api=1&query=%E3%82%A2%E3%83%94%E3%83%8A%E5%AF%8C%E5%B1%B1%E8%B1%8A%E7%94%B0%E5%BA%97%20%E5%AF%8C%E5%B1%B1%E7%9C%8C%E5%AF%8C%E5%B1%B1%E5%B8%82%E8%B1%8A%E7%94%B0%E7%94%BA%EF%BC%92%EF%BC%8D%EF%BC%91%EF%BC%92%EF%BC%8D%EF%BC%96%EF%BC%96%E3%82%A2%E3%83%94%E3%83%8A%E5%AF%8C%E5%B1%B1%E8%B1%8A%E7%94%B0,2026-10-08,https://dcd.aikatsu.com/encore/pdf/shoplist.pdf,官方列出的設置店；未逐店確認現場稼動、台數與卡片庫存。地址定位尚未逐點核對。
モーリーファンタジー杜の里店,日本 石川県金沢市もりの里1丁目70番地 イオン杜の里店2階,石川県,中部,070-3100-3325,https://www.google.com/maps/search/?api=1&query=%E3%83%A2%E3%83%BC%E3%83%AA%E3%83%BC%E3%83%95%E3%82%A1%E3%83%B3%E3%82%BF%E3%82%B8%E3%83%BC%E6%9D%9C%E3%81%AE%E9%87%8C%E5%BA%97%20%E7%9F%B3%E5%B7%9D%E7%9C%8C%E9%87%91%E6%B2%A2%E5%B8%82%E3%82%82%E3%82%8A%E3%81%AE%E9%87%8C1%E4%B8%81%E7%9B%AE70%E7%95%AA%E5%9C%B0%20%E3%82%A4%E3%82%AA%E3%83%B3%E6%9D%9C%E3%81%AE%E9%87%8C%E5%BA%972%E9%9A%8E,2026-10-08,https://dcd.aikatsu.com/encore/pdf/shoplist.pdf,官方列出的設置店；未逐店確認現場稼動、台數與卡片庫存。地址定位尚未逐點核對。
モーリーファンタジーかほく店,日本 石川県かほく市内日角地内タ25番 イオンかほく店2階,石川県,中部,070-3100-4838,https://www.google.com/maps/search/?api=1&query=%E3%83%A2%E3%83%BC%E3%83%AA%E3%83%BC%E3%83%95%E3%82%A1%E3%83%B3%E3%82%BF%E3%82%B8%E3%83%BC%E3%81%8B%E3%81%BB%E3%81%8F%E5%BA%97%20%E7%9F%B3%E5%B7%9D%E7%9C%8C%E3%81%8B%E3%81%BB%E3%81%8F%E5%B8%82%E5%86%85%E6%97%A5%E8%A7%92%E5%9C%B0%E5%86%85%E3%82%BF25%E7%95%AA%20%E3%82%A4%E3%82%AA%E3%83%B3%E3%81%8B%E3%81%BB%E3%81%8F%E5%BA%972%E9%9A%8E,2026-10-08,https://dcd.aikatsu.com/encore/pdf/shoplist.pdf,官方列出的設置店；未逐店確認現場稼動、台數與卡片庫存。地址定位尚未逐點核對。
モーリーファンタジー新小松店,日本 石川県小松市清六町315 イオンモール新小松３階,石川県,中部,070-3100-4001,https://www.google.com/maps/search/?api=1&query=%E3%83%A2%E3%83%BC%E3%83%AA%E3%83%BC%E3%83%95%E3%82%A1%E3%83%B3%E3%82%BF%E3%82%B8%E3%83%BC%E6%96%B0%E5%B0%8F%E6%9D%BE%E5%BA%97%20%E7%9F%B3%E5%B7%9D%E7%9C%8C%E5%B0%8F%E6%9D%BE%E5%B8%82%E6%B8%85%E5%85%AD%E7%94%BA315%20%E3%82%A4%E3%82%AA%E3%83%B3%E3%83%A2%E3%83%BC%E3%83%AB%E6%96%B0%E5%B0%8F%E6%9D%BE%EF%BC%93%E9%9A%8E,2026-10-08,https://dcd.aikatsu.com/encore/pdf/shoplist.pdf,官方列出的設置店；未逐店確認現場稼動、台數與卡片庫存。地址定位尚未逐點核對。
モーリーファンタジー白山店,日本 石川県白山市横江町1681 イオン白山店3階,石川県,中部,070-3100-3751,https://www.google.com/maps/search/?api=1&query=%E3%83%A2%E3%83%BC%E3%83%AA%E3%83%BC%E3%83%95%E3%82%A1%E3%83%B3%E3%82%BF%E3%82%B8%E3%83%BC%E7%99%BD%E5%B1%B1%E5%BA%97%20%E7%9F%B3%E5%B7%9D%E7%9C%8C%E7%99%BD%E5%B1%B1%E5%B8%82%E6%A8%AA%E6%B1%9F%E7%94%BA1681%20%E3%82%A4%E3%82%AA%E3%83%B3%E7%99%BD%E5%B1%B1%E5%BA%973%E9%9A%8E,2026-10-08,https://dcd.aikatsu.com/encore/pdf/shoplist.pdf,官方列出的設置店；未逐店確認現場稼動、台數與卡片庫存。地址定位尚未逐點核對。
イオン小松店,日本 石川県小松市平面町ア６９,石川県,中部,0761-23-6000,https://www.google.com/maps/search/?api=1&query=%E3%82%A4%E3%82%AA%E3%83%B3%E5%B0%8F%E6%9D%BE%E5%BA%97%20%E7%9F%B3%E5%B7%9D%E7%9C%8C%E5%B0%8F%E6%9D%BE%E5%B8%82%E5%B9%B3%E9%9D%A2%E7%94%BA%E3%82%A2%EF%BC%96%EF%BC%99,2026-10-08,https://dcd.aikatsu.com/encore/pdf/shoplist.pdf,官方列出的設置店；未逐店確認現場稼動、台數與卡片庫存。地址定位尚未逐點核對。
イオン松任店,日本 石川県白山市平松町１０２－１,石川県,中部,076-274-8600,https://www.google.com/maps/search/?api=1&query=%E3%82%A4%E3%82%AA%E3%83%B3%E6%9D%BE%E4%BB%BB%E5%BA%97%20%E7%9F%B3%E5%B7%9D%E7%9C%8C%E7%99%BD%E5%B1%B1%E5%B8%82%E5%B9%B3%E6%9D%BE%E7%94%BA%EF%BC%91%EF%BC%90%EF%BC%92%EF%BC%8D%EF%BC%91,2026-10-08,https://dcd.aikatsu.com/encore/pdf/shoplist.pdf,官方列出的設置店；未逐店確認現場稼動、台數與卡片庫存。地址定位尚未逐點核對。
アピタ松任,日本 石川県白山市幸明町２８０,石川県,中部,076-274-6611,https://www.google.com/maps/search/?api=1&query=%E3%82%A2%E3%83%94%E3%82%BF%E6%9D%BE%E4%BB%BB%20%E7%9F%B3%E5%B7%9D%E7%9C%8C%E7%99%BD%E5%B1%B1%E5%B8%82%E5%B9%B8%E6%98%8E%E7%94%BA%EF%BC%92%EF%BC%98%EF%BC%90,2026-10-08,https://dcd.aikatsu.com/encore/pdf/shoplist.pdf,官方列出的設置店；未逐店確認現場稼動、台數與卡片庫存。地址定位尚未逐點核對。
イオン金沢店,日本 石川県金沢市福久２－５８,石川県,中部,076-258-7588,https://www.google.com/maps/search/?api=1&query=%E3%82%A4%E3%82%AA%E3%83%B3%E9%87%91%E6%B2%A2%E5%BA%97%20%E7%9F%B3%E5%B7%9D%E7%9C%8C%E9%87%91%E6%B2%A2%E5%B8%82%E7%A6%8F%E4%B9%85%EF%BC%92%EF%BC%8D%EF%BC%95%EF%BC%98,2026-10-08,https://dcd.aikatsu.com/encore/pdf/shoplist.pdf,官方列出的設置店；未逐店確認現場稼動、台數與卡片庫存。地址定位尚未逐點核對。
イオン野々市南店,日本 石川県野々市市上林４－７４７,石川県,中部,076-246-8121,https://www.google.com/maps/search/?api=1&query=%E3%82%A4%E3%82%AA%E3%83%B3%E9%87%8E%E3%80%85%E5%B8%82%E5%8D%97%E5%BA%97%20%E7%9F%B3%E5%B7%9D%E7%9C%8C%E9%87%8E%E3%80%85%E5%B8%82%E5%B8%82%E4%B8%8A%E6%9E%97%EF%BC%94%EF%BC%8D%EF%BC%97%EF%BC%94%EF%BC%97,2026-10-08,https://dcd.aikatsu.com/encore/pdf/shoplist.pdf,官方列出的設置店；未逐店確認現場稼動、台數與卡片庫存。地址定位尚未逐點核對。
アミュージアム小松店,日本 石川県小松市園町ハ ハ23-1アル・プラザ小松店2F,石川県,中部,076-122-8990,https://www.google.com/maps/search/?api=1&query=%E3%82%A2%E3%83%9F%E3%83%A5%E3%83%BC%E3%82%B8%E3%82%A2%E3%83%A0%E5%B0%8F%E6%9D%BE%E5%BA%97%20%E7%9F%B3%E5%B7%9D%E7%9C%8C%E5%B0%8F%E6%9D%BE%E5%B8%82%E5%9C%92%E7%94%BA%E3%83%8F%20%E3%83%8F23-1%E3%82%A2%E3%83%AB%E3%83%BB%E3%83%97%E3%83%A9%E3%82%B6%E5%B0%8F%E6%9D%BE%E5%BA%972F,2026-10-08,https://dcd.aikatsu.com/encore/pdf/shoplist.pdf,官方列出的設置店；未逐店確認現場稼動、台數與卡片庫存。地址定位尚未逐點核對。
MIRAINOイオンモール白山店,日本 石川県白山市横江町土地区画整理事業施工地区内1街区イオンモール白山3階3014区画,石川県,中部,076-256-3192,https://www.google.com/maps/search/?api=1&query=MIRAINO%E3%82%A4%E3%82%AA%E3%83%B3%E3%83%A2%E3%83%BC%E3%83%AB%E7%99%BD%E5%B1%B1%E5%BA%97%20%E7%9F%B3%E5%B7%9D%E7%9C%8C%E7%99%BD%E5%B1%B1%E5%B8%82%E6%A8%AA%E6%B1%9F%E7%94%BA%E5%9C%9F%E5%9C%B0%E5%8C%BA%E7%94%BB%E6%95%B4%E7%90%86%E4%BA%8B%E6%A5%AD%E6%96%BD%E5%B7%A5%E5%9C%B0%E5%8C%BA%E5%86%851%E8%A1%97%E5%8C%BA%E3%82%A4%E3%82%AA%E3%83%B3%E3%83%A2%E3%83%BC%E3%83%AB%E7%99%BD%E5%B1%B13%E9%9A%8E3014%E5%8C%BA%E7%94%BB,2026-10-08,https://dcd.aikatsu.com/encore/pdf/shoplist.pdf,官方列出的設置店；未逐店確認現場稼動、台數與卡片庫存。地址定位尚未逐點核對。
ｎａｍｃｏアルプラザ鹿島店,日本 石川県鹿島郡中能登町井田と１－１ アルプラザ鹿島店２Ｆ,石川県,中部,070-6511-3483,https://www.google.com/maps/search/?api=1&query=%EF%BD%8E%EF%BD%81%EF%BD%8D%EF%BD%83%EF%BD%8F%E3%82%A2%E3%83%AB%E3%83%97%E3%83%A9%E3%82%B6%E9%B9%BF%E5%B3%B6%E5%BA%97%20%E7%9F%B3%E5%B7%9D%E7%9C%8C%E9%B9%BF%E5%B3%B6%E9%83%A1%E4%B8%AD%E8%83%BD%E7%99%BB%E7%94%BA%E4%BA%95%E7%94%B0%E3%81%A8%EF%BC%91%EF%BC%8D%EF%BC%91%20%E3%82%A2%E3%83%AB%E3%83%97%E3%83%A9%E3%82%B6%E9%B9%BF%E5%B3%B6%E5%BA%97%EF%BC%92%EF%BC%A6,2026-10-08,https://dcd.aikatsu.com/encore/pdf/shoplist.pdf,官方列出的設置店；未逐店確認現場稼動、台數與卡片庫存。地址定位尚未逐點核對。
楽市楽座イオンモール新小松店,日本 石川県 小松市清六町 ３１５番地 イオンモール新小松店内２Ｆ,石川県,中部,0761-58-2728,https://www.google.com/maps/search/?api=1&query=%E6%A5%BD%E5%B8%82%E6%A5%BD%E5%BA%A7%E3%82%A4%E3%82%AA%E3%83%B3%E3%83%A2%E3%83%BC%E3%83%AB%E6%96%B0%E5%B0%8F%E6%9D%BE%E5%BA%97%20%E7%9F%B3%E5%B7%9D%E7%9C%8C%20%E5%B0%8F%E6%9D%BE%E5%B8%82%E6%B8%85%E5%85%AD%E7%94%BA%20%EF%BC%93%EF%BC%91%EF%BC%95%E7%95%AA%E5%9C%B0%20%E3%82%A4%E3%82%AA%E3%83%B3%E3%83%A2%E3%83%BC%E3%83%AB%E6%96%B0%E5%B0%8F%E6%9D%BE%E5%BA%97%E5%86%85%EF%BC%92%EF%BC%A6,2026-10-08,https://dcd.aikatsu.com/encore/pdf/shoplist.pdf,官方列出的設置店；未逐店確認現場稼動、台數與卡片庫存。地址定位尚未逐點核對。
アピナ野々市店,日本 石川県野々市市白山町４－１イオンタウン野々市,石川県,中部,076-272-8100,https://www.google.com/maps/search/?api=1&query=%E3%82%A2%E3%83%94%E3%83%8A%E9%87%8E%E3%80%85%E5%B8%82%E5%BA%97%20%E7%9F%B3%E5%B7%9D%E7%9C%8C%E9%87%8E%E3%80%85%E5%B8%82%E5%B8%82%E7%99%BD%E5%B1%B1%E7%94%BA%EF%BC%94%EF%BC%8D%EF%BC%91%E3%82%A4%E3%82%AA%E3%83%B3%E3%82%BF%E3%82%A6%E3%83%B3%E9%87%8E%E3%80%85%E5%B8%82,2026-10-08,https://dcd.aikatsu.com/encore/pdf/shoplist.pdf,官方列出的設置店；未逐店確認現場稼動、台數與卡片庫存。地址定位尚未逐點核對。
バイパスレジャーランド藤江本館,日本 石川県金沢市藤江南2-41,石川県,中部,076-268-3798,https://www.google.com/maps/search/?api=1&query=%E3%83%90%E3%82%A4%E3%83%91%E3%82%B9%E3%83%AC%E3%82%B8%E3%83%A3%E3%83%BC%E3%83%A9%E3%83%B3%E3%83%89%E8%97%A4%E6%B1%9F%E6%9C%AC%E9%A4%A8%20%E7%9F%B3%E5%B7%9D%E7%9C%8C%E9%87%91%E6%B2%A2%E5%B8%82%E8%97%A4%E6%B1%9F%E5%8D%972-41,2026-10-08,https://dcd.aikatsu.com/encore/pdf/shoplist.pdf,官方列出的設置店；未逐店確認現場稼動、台數與卡片庫存。地址定位尚未逐點核對。
バイパスレジャーランド藤江新館,日本 石川県金沢市藤江南2ー105,石川県,中部,076-268-7518,https://www.google.com/maps/search/?api=1&query=%E3%83%90%E3%82%A4%E3%83%91%E3%82%B9%E3%83%AC%E3%82%B8%E3%83%A3%E3%83%BC%E3%83%A9%E3%83%B3%E3%83%89%E8%97%A4%E6%B1%9F%E6%96%B0%E9%A4%A8%20%E7%9F%B3%E5%B7%9D%E7%9C%8C%E9%87%91%E6%B2%A2%E5%B8%82%E8%97%A4%E6%B1%9F%E5%8D%972%E3%83%BC105,2026-10-08,https://dcd.aikatsu.com/encore/pdf/shoplist.pdf,官方列出的設置店；未逐店確認現場稼動、台數與卡片庫存。地址定位尚未逐點核對。
バイパスレジャーランド加賀店,日本 石川県加賀市箱宮町ヲ1-1,石川県,中部,0761-74-8007,https://www.google.com/maps/search/?api=1&query=%E3%83%90%E3%82%A4%E3%83%91%E3%82%B9%E3%83%AC%E3%82%B8%E3%83%A3%E3%83%BC%E3%83%A9%E3%83%B3%E3%83%89%E5%8A%A0%E8%B3%80%E5%BA%97%20%E7%9F%B3%E5%B7%9D%E7%9C%8C%E5%8A%A0%E8%B3%80%E5%B8%82%E7%AE%B1%E5%AE%AE%E7%94%BA%E3%83%B21-1,2026-10-08,https://dcd.aikatsu.com/encore/pdf/shoplist.pdf,官方列出的設置店；未逐店確認現場稼動、台數與卡片庫存。地址定位尚未逐點核對。
モーリーファンタジー鯖江店,日本 福井県鯖江市下河端16字下町16-1 アル・プラザ鯖江店2階,福井県,中部,070-3100-3619,https://www.google.com/maps/search/?api=1&query=%E3%83%A2%E3%83%BC%E3%83%AA%E3%83%BC%E3%83%95%E3%82%A1%E3%83%B3%E3%82%BF%E3%82%B8%E3%83%BC%E9%AF%96%E6%B1%9F%E5%BA%97%20%E7%A6%8F%E4%BA%95%E7%9C%8C%E9%AF%96%E6%B1%9F%E5%B8%82%E4%B8%8B%E6%B2%B3%E7%AB%AF16%E5%AD%97%E4%B8%8B%E7%94%BA16-1%20%E3%82%A2%E3%83%AB%E3%83%BB%E3%83%97%E3%83%A9%E3%82%B6%E9%AF%96%E6%B1%9F%E5%BA%972%E9%9A%8E,2026-10-08,https://dcd.aikatsu.com/encore/pdf/shoplist.pdf,官方列出的設置店；未逐店確認現場稼動、台數與卡片庫存。地址定位尚未逐點核對。
PALO武生店,日本 福井県越前市横市町28-14-1 エスカモール武生楽市店2階,福井県,中部,070-3100-7489,https://www.google.com/maps/search/?api=1&query=PALO%E6%AD%A6%E7%94%9F%E5%BA%97%20%E7%A6%8F%E4%BA%95%E7%9C%8C%E8%B6%8A%E5%89%8D%E5%B8%82%E6%A8%AA%E5%B8%82%E7%94%BA28-14-1%20%E3%82%A8%E3%82%B9%E3%82%AB%E3%83%A2%E3%83%BC%E3%83%AB%E6%AD%A6%E7%94%9F%E6%A5%BD%E5%B8%82%E5%BA%972%E9%9A%8E,2026-10-08,https://dcd.aikatsu.com/encore/pdf/shoplist.pdf,官方列出的設置店；未逐店確認現場稼動、台數與卡片庫存。地址定位尚未逐點核對。
アピタ福井大和田,日本 福井県福井市大和田二丁目１２３０,福井県,中部,0776-57-2211,https://www.google.com/maps/search/?api=1&query=%E3%82%A2%E3%83%94%E3%82%BF%E7%A6%8F%E4%BA%95%E5%A4%A7%E5%92%8C%E7%94%B0%20%E7%A6%8F%E4%BA%95%E7%9C%8C%E7%A6%8F%E4%BA%95%E5%B8%82%E5%A4%A7%E5%92%8C%E7%94%B0%E4%BA%8C%E4%B8%81%E7%9B%AE%EF%BC%91%EF%BC%92%EF%BC%93%EF%BC%90,2026-10-08,https://dcd.aikatsu.com/encore/pdf/shoplist.pdf,官方列出的設置店；未逐店確認現場稼動、台數與卡片庫存。地址定位尚未逐點核對。
GiGO武生,日本 福井県越前市新町3-13-4,福井県,中部,070-1459-1053,https://www.google.com/maps/search/?api=1&query=GiGO%E6%AD%A6%E7%94%9F%20%E7%A6%8F%E4%BA%95%E7%9C%8C%E8%B6%8A%E5%89%8D%E5%B8%82%E6%96%B0%E7%94%BA3-13-4,2026-10-08,https://dcd.aikatsu.com/encore/pdf/shoplist.pdf,官方列出的設置店；未逐店確認現場稼動、台數與卡片庫存。地址定位尚未逐點核對。
ｎａｍｃｏＭＥＧＡドン・キホーテＵＮＹ敦賀店,日本 福井県敦賀市中央町一丁目５番５号 ＭＥＧＡドン・キホーテＵＮＹ敦賀店２Ｆ,福井県,中部,0770-24-0870,https://www.google.com/maps/search/?api=1&query=%EF%BD%8E%EF%BD%81%EF%BD%8D%EF%BD%83%EF%BD%8F%EF%BC%AD%EF%BC%A5%EF%BC%A7%EF%BC%A1%E3%83%89%E3%83%B3%E3%83%BB%E3%82%AD%E3%83%9B%E3%83%BC%E3%83%86%EF%BC%B5%EF%BC%AE%EF%BC%B9%E6%95%A6%E8%B3%80%E5%BA%97%20%E7%A6%8F%E4%BA%95%E7%9C%8C%E6%95%A6%E8%B3%80%E5%B8%82%E4%B8%AD%E5%A4%AE%E7%94%BA%E4%B8%80%E4%B8%81%E7%9B%AE%EF%BC%95%E7%95%AA%EF%BC%95%E5%8F%B7%20%EF%BC%AD%EF%BC%A5%EF%BC%A7%EF%BC%A1%E3%83%89%E3%83%B3%E3%83%BB%E3%82%AD%E3%83%9B%E3%83%BC%E3%83%86%EF%BC%B5%EF%BC%AE%EF%BC%B9%E6%95%A6%E8%B3%80%E5%BA%97%EF%BC%92%EF%BC%A6,2026-10-08,https://dcd.aikatsu.com/encore/pdf/shoplist.pdf,官方列出的設置店；未逐店確認現場稼動、台數與卡片庫存。地址定位尚未逐點核對。
ｎａｍｃｏフェアモール福井大和田店,日本 福井県福井市大和田２－１２３０ アピタ福井大和田店２Ｆ,福井県,中部,0570-087624,https://www.google.com/maps/search/?api=1&query=%EF%BD%8E%EF%BD%81%EF%BD%8D%EF%BD%83%EF%BD%8F%E3%83%95%E3%82%A7%E3%82%A2%E3%83%A2%E3%83%BC%E3%83%AB%E7%A6%8F%E4%BA%95%E5%A4%A7%E5%92%8C%E7%94%B0%E5%BA%97%20%E7%A6%8F%E4%BA%95%E7%9C%8C%E7%A6%8F%E4%BA%95%E5%B8%82%E5%A4%A7%E5%92%8C%E7%94%B0%EF%BC%92%EF%BC%8D%EF%BC%91%EF%BC%92%EF%BC%93%EF%BC%90%20%E3%82%A2%E3%83%94%E3%82%BF%E7%A6%8F%E4%BA%95%E5%A4%A7%E5%92%8C%E7%94%B0%E5%BA%97%EF%BC%92%EF%BC%A6,2026-10-08,https://dcd.aikatsu.com/encore/pdf/shoplist.pdf,官方列出的設置店；未逐店確認現場稼動、台數與卡片庫存。地址定位尚未逐點核對。
キッズサーカスシピィ店,日本 福井県越前市新町7-8武生シピィ2F,福井県,中部,0778-42-6880,https://www.google.com/maps/search/?api=1&query=%E3%82%AD%E3%83%83%E3%82%BA%E3%82%B5%E3%83%BC%E3%82%AB%E3%82%B9%E3%82%B7%E3%83%94%E3%82%A3%E5%BA%97%20%E7%A6%8F%E4%BA%95%E7%9C%8C%E8%B6%8A%E5%89%8D%E5%B8%82%E6%96%B0%E7%94%BA7-8%E6%AD%A6%E7%94%9F%E3%82%B7%E3%83%94%E3%82%A32F,2026-10-08,https://dcd.aikatsu.com/encore/pdf/shoplist.pdf,官方列出的設置店；未逐店確認現場稼動、台數與卡片庫存。地址定位尚未逐點核對。
フクイレジャーランドワイプラザ店,日本 福井県福井市新保町北1-303ヤスサキワイプラザB棟2階,福井県,中部,0776-57-0433,https://www.google.com/maps/search/?api=1&query=%E3%83%95%E3%82%AF%E3%82%A4%E3%83%AC%E3%82%B8%E3%83%A3%E3%83%BC%E3%83%A9%E3%83%B3%E3%83%89%E3%83%AF%E3%82%A4%E3%83%97%E3%83%A9%E3%82%B6%E5%BA%97%20%E7%A6%8F%E4%BA%95%E7%9C%8C%E7%A6%8F%E4%BA%95%E5%B8%82%E6%96%B0%E4%BF%9D%E7%94%BA%E5%8C%971-303%E3%83%A4%E3%82%B9%E3%82%B5%E3%82%AD%E3%83%AF%E3%82%A4%E3%83%97%E3%83%A9%E3%82%B6B%E6%A3%9F2%E9%9A%8E,2026-10-08,https://dcd.aikatsu.com/encore/pdf/shoplist.pdf,官方列出的設置店；未逐店確認現場稼動、台數與卡片庫存。地址定位尚未逐點核對。
レッツワクワクエルパ店,日本 福井県福井市大和田2丁目1209エルパ,福井県,中部,0776-57-2528,https://www.google.com/maps/search/?api=1&query=%E3%83%AC%E3%83%83%E3%83%84%E3%83%AF%E3%82%AF%E3%83%AF%E3%82%AF%E3%82%A8%E3%83%AB%E3%83%91%E5%BA%97%20%E7%A6%8F%E4%BA%95%E7%9C%8C%E7%A6%8F%E4%BA%95%E5%B8%82%E5%A4%A7%E5%92%8C%E7%94%B02%E4%B8%81%E7%9B%AE1209%E3%82%A8%E3%83%AB%E3%83%91,2026-10-08,https://dcd.aikatsu.com/encore/pdf/shoplist.pdf,官方列出的設置店；未逐店確認現場稼動、台數與卡片庫存。地址定位尚未逐點核對。
レッツワクワクジョイランドベル店,日本 福井県福井市花堂南2丁目16－1SCベル2F,福井県,中部,0776-34-3965,https://www.google.com/maps/search/?api=1&query=%E3%83%AC%E3%83%83%E3%83%84%E3%83%AF%E3%82%AF%E3%83%AF%E3%82%AF%E3%82%B8%E3%83%A7%E3%82%A4%E3%83%A9%E3%83%B3%E3%83%89%E3%83%99%E3%83%AB%E5%BA%97%20%E7%A6%8F%E4%BA%95%E7%9C%8C%E7%A6%8F%E4%BA%95%E5%B8%82%E8%8A%B1%E5%A0%82%E5%8D%972%E4%B8%81%E7%9B%AE16%EF%BC%8D1SC%E3%83%99%E3%83%AB2F,2026-10-08,https://dcd.aikatsu.com/encore/pdf/shoplist.pdf,官方列出的設置店；未逐店確認現場稼動、台數與卡片庫存。地址定位尚未逐點核對。
ジョイランド敦賀店,日本 福井県敦賀市木崎40-12,福井県,中部,0770-37-1616,https://www.google.com/maps/search/?api=1&query=%E3%82%B8%E3%83%A7%E3%82%A4%E3%83%A9%E3%83%B3%E3%83%89%E6%95%A6%E8%B3%80%E5%BA%97%20%E7%A6%8F%E4%BA%95%E7%9C%8C%E6%95%A6%E8%B3%80%E5%B8%82%E6%9C%A8%E5%B4%8E40-12,2026-10-08,https://dcd.aikatsu.com/encore/pdf/shoplist.pdf,官方列出的設置店；未逐店確認現場稼動、台數與卡片庫存。地址定位尚未逐點核對。
モーリーファンタジー甲府昭和店,日本 山梨県中巨摩郡昭和町飯喰1505-1 イオン甲府昭和店3階,山梨県,中部,070-3100-5224,https://www.google.com/maps/search/?api=1&query=%E3%83%A2%E3%83%BC%E3%83%AA%E3%83%BC%E3%83%95%E3%82%A1%E3%83%B3%E3%82%BF%E3%82%B8%E3%83%BC%E7%94%B2%E5%BA%9C%E6%98%AD%E5%92%8C%E5%BA%97%20%E5%B1%B1%E6%A2%A8%E7%9C%8C%E4%B8%AD%E5%B7%A8%E6%91%A9%E9%83%A1%E6%98%AD%E5%92%8C%E7%94%BA%E9%A3%AF%E5%96%B01505-1%20%E3%82%A4%E3%82%AA%E3%83%B3%E7%94%B2%E5%BA%9C%E6%98%AD%E5%92%8C%E5%BA%973%E9%9A%8E,2026-10-08,https://dcd.aikatsu.com/encore/pdf/shoplist.pdf,官方列出的設置店；未逐店確認現場稼動、台數與卡片庫存。地址定位尚未逐點核對。
モーリーファンタジービバモール甲斐敷島店,日本 山梨県甲斐市中下条2000-1 ビバモール甲斐敷島店2階,山梨県,中部,070-3100-7482,https://www.google.com/maps/search/?api=1&query=%E3%83%A2%E3%83%BC%E3%83%AA%E3%83%BC%E3%83%95%E3%82%A1%E3%83%B3%E3%82%BF%E3%82%B8%E3%83%BC%E3%83%93%E3%83%90%E3%83%A2%E3%83%BC%E3%83%AB%E7%94%B2%E6%96%90%E6%95%B7%E5%B3%B6%E5%BA%97%20%E5%B1%B1%E6%A2%A8%E7%9C%8C%E7%94%B2%E6%96%90%E5%B8%82%E4%B8%AD%E4%B8%8B%E6%9D%A12000-1%20%E3%83%93%E3%83%90%E3%83%A2%E3%83%BC%E3%83%AB%E7%94%B2%E6%96%90%E6%95%B7%E5%B3%B6%E5%BA%972%E9%9A%8E,2026-10-08,https://dcd.aikatsu.com/encore/pdf/shoplist.pdf,官方列出的設置店；未逐店確認現場稼動、台數與卡片庫存。地址定位尚未逐點核對。
ドン・キホーテ河口湖インター,日本 山梨県富士吉田市松山１５９０番,山梨県,中部,0555-21-2311,https://www.google.com/maps/search/?api=1&query=%E3%83%89%E3%83%B3%E3%83%BB%E3%82%AD%E3%83%9B%E3%83%BC%E3%83%86%E6%B2%B3%E5%8F%A3%E6%B9%96%E3%82%A4%E3%83%B3%E3%82%BF%E3%83%BC%20%E5%B1%B1%E6%A2%A8%E7%9C%8C%E5%AF%8C%E5%A3%AB%E5%90%89%E7%94%B0%E5%B8%82%E6%9D%BE%E5%B1%B1%EF%BC%91%EF%BC%95%EF%BC%99%EF%BC%90%E7%95%AA,2026-10-08,https://dcd.aikatsu.com/encore/pdf/shoplist.pdf,官方列出的設置店；未逐店確認現場稼動、台數與卡片庫存。地址定位尚未逐點核對。
ヨドバシカメラ マルチメディア甲府駅前,日本 山梨県甲府市丸の内1-3-3 ヨドバシカメラ内4階玩具ゲームコーナー,山梨県,中部,055-230-1010,https://www.google.com/maps/search/?api=1&query=%E3%83%A8%E3%83%89%E3%83%90%E3%82%B7%E3%82%AB%E3%83%A1%E3%83%A9%20%E3%83%9E%E3%83%AB%E3%83%81%E3%83%A1%E3%83%87%E3%82%A3%E3%82%A2%E7%94%B2%E5%BA%9C%E9%A7%85%E5%89%8D%20%E5%B1%B1%E6%A2%A8%E7%9C%8C%E7%94%B2%E5%BA%9C%E5%B8%82%E4%B8%B8%E3%81%AE%E5%86%851-3-3%20%E3%83%A8%E3%83%89%E3%83%90%E3%82%B7%E3%82%AB%E3%83%A1%E3%83%A9%E5%86%854%E9%9A%8E%E7%8E%A9%E5%85%B7%E3%82%B2%E3%83%BC%E3%83%A0%E3%82%B3%E3%83%BC%E3%83%8A%E3%83%BC,2026-10-08,https://dcd.aikatsu.com/encore/pdf/shoplist.pdf,官方列出的設置店；未逐店確認現場稼動、台數與卡片庫存。地址定位尚未逐點核對。
イトーヨーカドー甲府昭和店,日本 山梨県中巨摩郡昭和町西条１３－１,山梨県,中部,055-268-1311,https://www.google.com/maps/search/?api=1&query=%E3%82%A4%E3%83%88%E3%83%BC%E3%83%A8%E3%83%BC%E3%82%AB%E3%83%89%E3%83%BC%E7%94%B2%E5%BA%9C%E6%98%AD%E5%92%8C%E5%BA%97%20%E5%B1%B1%E6%A2%A8%E7%9C%8C%E4%B8%AD%E5%B7%A8%E6%91%A9%E9%83%A1%E6%98%AD%E5%92%8C%E7%94%BA%E8%A5%BF%E6%9D%A1%EF%BC%91%EF%BC%93%EF%BC%8D%EF%BC%91,2026-10-08,https://dcd.aikatsu.com/encore/pdf/shoplist.pdf,官方列出的設置店；未逐店確認現場稼動、台數與卡片庫存。地址定位尚未逐點核對。
アミュージアム河口湖店,日本 山梨県南都留郡富士河口湖町船津２９８６河口湖ショッピングセンターベル３Ｆ,山梨県,中部,0555-73-1381,https://www.google.com/maps/search/?api=1&query=%E3%82%A2%E3%83%9F%E3%83%A5%E3%83%BC%E3%82%B8%E3%82%A2%E3%83%A0%E6%B2%B3%E5%8F%A3%E6%B9%96%E5%BA%97%20%E5%B1%B1%E6%A2%A8%E7%9C%8C%E5%8D%97%E9%83%BD%E7%95%99%E9%83%A1%E5%AF%8C%E5%A3%AB%E6%B2%B3%E5%8F%A3%E6%B9%96%E7%94%BA%E8%88%B9%E6%B4%A5%EF%BC%92%EF%BC%99%EF%BC%98%EF%BC%96%E6%B2%B3%E5%8F%A3%E6%B9%96%E3%82%B7%E3%83%A7%E3%83%83%E3%83%94%E3%83%B3%E3%82%B0%E3%82%BB%E3%83%B3%E3%82%BF%E3%83%BC%E3%83%99%E3%83%AB%EF%BC%93%EF%BC%A6,2026-10-08,https://dcd.aikatsu.com/encore/pdf/shoplist.pdf,官方列出的設置店；未逐店確認現場稼動、台數與卡片庫存。地址定位尚未逐點核對。
アミュージアム南アルプス店,日本 山梨県南アルプス市小笠原1423-1スーパーセンタートライアル南アルプス店1F,山梨県,中部,055-283-3100,https://www.google.com/maps/search/?api=1&query=%E3%82%A2%E3%83%9F%E3%83%A5%E3%83%BC%E3%82%B8%E3%82%A2%E3%83%A0%E5%8D%97%E3%82%A2%E3%83%AB%E3%83%97%E3%82%B9%E5%BA%97%20%E5%B1%B1%E6%A2%A8%E7%9C%8C%E5%8D%97%E3%82%A2%E3%83%AB%E3%83%97%E3%82%B9%E5%B8%82%E5%B0%8F%E7%AC%A0%E5%8E%9F1423-1%E3%82%B9%E3%83%BC%E3%83%91%E3%83%BC%E3%82%BB%E3%83%B3%E3%82%BF%E3%83%BC%E3%83%88%E3%83%A9%E3%82%A4%E3%82%A2%E3%83%AB%E5%8D%97%E3%82%A2%E3%83%AB%E3%83%97%E3%82%B9%E5%BA%971F,2026-10-08,https://dcd.aikatsu.com/encore/pdf/shoplist.pdf,官方列出的設置店；未逐店確認現場稼動、台數與卡片庫存。地址定位尚未逐點核對。
プラサカプコン甲府店,日本 山梨県中巨摩郡昭和町西条字北河原3717プラサカプコン甲府,山梨県,中部,055-236-6555,https://www.google.com/maps/search/?api=1&query=%E3%83%97%E3%83%A9%E3%82%B5%E3%82%AB%E3%83%97%E3%82%B3%E3%83%B3%E7%94%B2%E5%BA%9C%E5%BA%97%20%E5%B1%B1%E6%A2%A8%E7%9C%8C%E4%B8%AD%E5%B7%A8%E6%91%A9%E9%83%A1%E6%98%AD%E5%92%8C%E7%94%BA%E8%A5%BF%E6%9D%A1%E5%AD%97%E5%8C%97%E6%B2%B3%E5%8E%9F3717%E3%83%97%E3%83%A9%E3%82%B5%E3%82%AB%E3%83%97%E3%82%B3%E3%83%B3%E7%94%B2%E5%BA%9C,2026-10-08,https://dcd.aikatsu.com/encore/pdf/shoplist.pdf,官方列出的設置店；未逐店確認現場稼動、台數與卡片庫存。地址定位尚未逐點核對。
GAME Q,日本 山梨県富士吉田市上吉田2-5-1富士山駅ビルQSTA4階,山梨県,中部,0555-23-8961,https://www.google.com/maps/search/?api=1&query=GAME%20Q%20%E5%B1%B1%E6%A2%A8%E7%9C%8C%E5%AF%8C%E5%A3%AB%E5%90%89%E7%94%B0%E5%B8%82%E4%B8%8A%E5%90%89%E7%94%B02-5-1%E5%AF%8C%E5%A3%AB%E5%B1%B1%E9%A7%85%E3%83%93%E3%83%ABQSTA4%E9%9A%8E,2026-10-08,https://dcd.aikatsu.com/encore/pdf/shoplist.pdf,官方列出的設置店；未逐店確認現場稼動、台數與卡片庫存。地址定位尚未逐點核對。
タイトーFステーションラザウォーク甲斐双葉店,日本 山梨県甲斐市志田字柿木616－1ラザウォーク甲斐双葉アミューズメント棟2階,山梨県,中部,0551-30-7270,https://www.google.com/maps/search/?api=1&query=%E3%82%BF%E3%82%A4%E3%83%88%E3%83%BCF%E3%82%B9%E3%83%86%E3%83%BC%E3%82%B7%E3%83%A7%E3%83%B3%E3%83%A9%E3%82%B6%E3%82%A6%E3%82%A9%E3%83%BC%E3%82%AF%E7%94%B2%E6%96%90%E5%8F%8C%E8%91%89%E5%BA%97%20%E5%B1%B1%E6%A2%A8%E7%9C%8C%E7%94%B2%E6%96%90%E5%B8%82%E5%BF%97%E7%94%B0%E5%AD%97%E6%9F%BF%E6%9C%A8616%EF%BC%8D1%E3%83%A9%E3%82%B6%E3%82%A6%E3%82%A9%E3%83%BC%E3%82%AF%E7%94%B2%E6%96%90%E5%8F%8C%E8%91%89%E3%82%A2%E3%83%9F%E3%83%A5%E3%83%BC%E3%82%BA%E3%83%A1%E3%83%B3%E3%83%88%E6%A3%9F2%E9%9A%8E,2026-10-08,https://dcd.aikatsu.com/encore/pdf/shoplist.pdf,官方列出的設置店；未逐店確認現場稼動、台數與卡片庫存。地址定位尚未逐點核對。
楽市楽座イオンモール甲府店,日本 山梨県中巨摩郡昭和町飯喰1505-1イオンモール甲府昭和専門店街2階,山梨県,中部,055-269-5211,https://www.google.com/maps/search/?api=1&query=%E6%A5%BD%E5%B8%82%E6%A5%BD%E5%BA%A7%E3%82%A4%E3%82%AA%E3%83%B3%E3%83%A2%E3%83%BC%E3%83%AB%E7%94%B2%E5%BA%9C%E5%BA%97%20%E5%B1%B1%E6%A2%A8%E7%9C%8C%E4%B8%AD%E5%B7%A8%E6%91%A9%E9%83%A1%E6%98%AD%E5%92%8C%E7%94%BA%E9%A3%AF%E5%96%B01505-1%E3%82%A4%E3%82%AA%E3%83%B3%E3%83%A2%E3%83%BC%E3%83%AB%E7%94%B2%E5%BA%9C%E6%98%AD%E5%92%8C%E5%B0%82%E9%96%80%E5%BA%97%E8%A1%972%E9%9A%8E,2026-10-08,https://dcd.aikatsu.com/encore/pdf/shoplist.pdf,官方列出的設置店；未逐店確認現場稼動、台數與卡片庫存。地址定位尚未逐點核對。
モーリーファンタジー佐久平店,日本 長野県佐久市佐久平駅南11-10 イオン佐久平2階,長野県,中部,090-3913-1285,https://www.google.com/maps/search/?api=1&query=%E3%83%A2%E3%83%BC%E3%83%AA%E3%83%BC%E3%83%95%E3%82%A1%E3%83%B3%E3%82%BF%E3%82%B8%E3%83%BC%E4%BD%90%E4%B9%85%E5%B9%B3%E5%BA%97%20%E9%95%B7%E9%87%8E%E7%9C%8C%E4%BD%90%E4%B9%85%E5%B8%82%E4%BD%90%E4%B9%85%E5%B9%B3%E9%A7%85%E5%8D%9711-10%20%E3%82%A4%E3%82%AA%E3%83%B3%E4%BD%90%E4%B9%85%E5%B9%B32%E9%9A%8E,2026-10-08,https://dcd.aikatsu.com/encore/pdf/shoplist.pdf,官方列出的設置店；未逐店確認現場稼動、台數與卡片庫存。地址定位尚未逐點核對。
モーリーファンタジー南松本店,日本 長野県松本市双葉5-20 イオン南松本店2階,長野県,中部,070-3100-3618,https://www.google.com/maps/search/?api=1&query=%E3%83%A2%E3%83%BC%E3%83%AA%E3%83%BC%E3%83%95%E3%82%A1%E3%83%B3%E3%82%BF%E3%82%B8%E3%83%BC%E5%8D%97%E6%9D%BE%E6%9C%AC%E5%BA%97%20%E9%95%B7%E9%87%8E%E7%9C%8C%E6%9D%BE%E6%9C%AC%E5%B8%82%E5%8F%8C%E8%91%895-20%20%E3%82%A4%E3%82%AA%E3%83%B3%E5%8D%97%E6%9D%BE%E6%9C%AC%E5%BA%972%E9%9A%8E,2026-10-08,https://dcd.aikatsu.com/encore/pdf/shoplist.pdf,官方列出的設置店；未逐店確認現場稼動、台數與卡片庫存。地址定位尚未逐點核對。
モーリーファンタジー中野店,日本 長野県中野市大字一本木252-1 イオン中野店2階,長野県,中部,070-3100-3357,https://www.google.com/maps/search/?api=1&query=%E3%83%A2%E3%83%BC%E3%83%AA%E3%83%BC%E3%83%95%E3%82%A1%E3%83%B3%E3%82%BF%E3%82%B8%E3%83%BC%E4%B8%AD%E9%87%8E%E5%BA%97%20%E9%95%B7%E9%87%8E%E7%9C%8C%E4%B8%AD%E9%87%8E%E5%B8%82%E5%A4%A7%E5%AD%97%E4%B8%80%E6%9C%AC%E6%9C%A8252-1%20%E3%82%A4%E3%82%AA%E3%83%B3%E4%B8%AD%E9%87%8E%E5%BA%972%E9%9A%8E,2026-10-08,https://dcd.aikatsu.com/encore/pdf/shoplist.pdf,官方列出的設置店；未逐店確認現場稼動、台數與卡片庫存。地址定位尚未逐點核對。
モーリーファンタジー上田店,日本 長野県上田市常田2-12-18 イオン上田店2階,長野県,中部,070-3100-4777,https://www.google.com/maps/search/?api=1&query=%E3%83%A2%E3%83%BC%E3%83%AA%E3%83%BC%E3%83%95%E3%82%A1%E3%83%B3%E3%82%BF%E3%82%B8%E3%83%BC%E4%B8%8A%E7%94%B0%E5%BA%97%20%E9%95%B7%E9%87%8E%E7%9C%8C%E4%B8%8A%E7%94%B0%E5%B8%82%E5%B8%B8%E7%94%B02-12-18%20%E3%82%A4%E3%82%AA%E3%83%B3%E4%B8%8A%E7%94%B0%E5%BA%972%E9%9A%8E,2026-10-08,https://dcd.aikatsu.com/encore/pdf/shoplist.pdf,官方列出的設置店；未逐店確認現場稼動、台數與卡片庫存。地址定位尚未逐點核對。
モーリーファンタジー松本店,日本 長野県松本市中央4-9-51 イオンスタイル松本店3階,長野県,中部,070-3100-5054,https://www.google.com/maps/search/?api=1&query=%E3%83%A2%E3%83%BC%E3%83%AA%E3%83%BC%E3%83%95%E3%82%A1%E3%83%B3%E3%82%BF%E3%82%B8%E3%83%BC%E6%9D%BE%E6%9C%AC%E5%BA%97%20%E9%95%B7%E9%87%8E%E7%9C%8C%E6%9D%BE%E6%9C%AC%E5%B8%82%E4%B8%AD%E5%A4%AE4-9-51%20%E3%82%A4%E3%82%AA%E3%83%B3%E3%82%B9%E3%82%BF%E3%82%A4%E3%83%AB%E6%9D%BE%E6%9C%AC%E5%BA%973%E9%9A%8E,2026-10-08,https://dcd.aikatsu.com/encore/pdf/shoplist.pdf,官方列出的設置店；未逐店確認現場稼動、台數與卡片庫存。地址定位尚未逐點核對。
モーリーファンタジー須坂店,日本 長野県須坂市大字福島386-1 イオンモール須坂3階,長野県,中部,080-4886-1074,https://www.google.com/maps/search/?api=1&query=%E3%83%A2%E3%83%BC%E3%83%AA%E3%83%BC%E3%83%95%E3%82%A1%E3%83%B3%E3%82%BF%E3%82%B8%E3%83%BC%E9%A0%88%E5%9D%82%E5%BA%97%20%E9%95%B7%E9%87%8E%E7%9C%8C%E9%A0%88%E5%9D%82%E5%B8%82%E5%A4%A7%E5%AD%97%E7%A6%8F%E5%B3%B6386-1%20%E3%82%A4%E3%82%AA%E3%83%B3%E3%83%A2%E3%83%BC%E3%83%AB%E9%A0%88%E5%9D%823%E9%9A%8E,2026-10-08,https://dcd.aikatsu.com/encore/pdf/shoplist.pdf,官方列出的設置店；未逐店確認現場稼動、台數與卡片庫存。地址定位尚未逐點核對。
モーリーファンタジーそよら飯田アップルロード店,日本 長野県飯田市鼎一色456 イオンそよら飯田アップルロード店2階,長野県,中部,070-3100-5358,https://www.google.com/maps/search/?api=1&query=%E3%83%A2%E3%83%BC%E3%83%AA%E3%83%BC%E3%83%95%E3%82%A1%E3%83%B3%E3%82%BF%E3%82%B8%E3%83%BC%E3%81%9D%E3%82%88%E3%82%89%E9%A3%AF%E7%94%B0%E3%82%A2%E3%83%83%E3%83%97%E3%83%AB%E3%83%AD%E3%83%BC%E3%83%89%E5%BA%97%20%E9%95%B7%E9%87%8E%E7%9C%8C%E9%A3%AF%E7%94%B0%E5%B8%82%E9%BC%8E%E4%B8%80%E8%89%B2456%20%E3%82%A4%E3%82%AA%E3%83%B3%E3%81%9D%E3%82%88%E3%82%89%E9%A3%AF%E7%94%B0%E3%82%A2%E3%83%83%E3%83%97%E3%83%AB%E3%83%AD%E3%83%BC%E3%83%89%E5%BA%972%E9%9A%8E,2026-10-08,https://dcd.aikatsu.com/encore/pdf/shoplist.pdf,官方列出的設置店；未逐店確認現場稼動、台數與卡片庫存。地址定位尚未逐點核對。
ＭＥＧＡドン･キホーテ長野,日本 長野県長野市高田１７５８番地,長野県,中部,026-263-3810,https://www.google.com/maps/search/?api=1&query=%EF%BC%AD%EF%BC%A5%EF%BC%A7%EF%BC%A1%E3%83%89%E3%83%B3%EF%BD%A5%E3%82%AD%E3%83%9B%E3%83%BC%E3%83%86%E9%95%B7%E9%87%8E%20%E9%95%B7%E9%87%8E%E7%9C%8C%E9%95%B7%E9%87%8E%E5%B8%82%E9%AB%98%E7%94%B0%EF%BC%91%EF%BC%97%EF%BC%95%EF%BC%98%E7%95%AA%E5%9C%B0,2026-10-08,https://dcd.aikatsu.com/encore/pdf/shoplist.pdf,官方列出的設置店；未逐店確認現場稼動、台數與卡片庫存。地址定位尚未逐點核對。
イオン飯田店,日本 長野県飯田市上郷飯沼１５７５,長野県,中部,0265-52-9111,https://www.google.com/maps/search/?api=1&query=%E3%82%A4%E3%82%AA%E3%83%B3%E9%A3%AF%E7%94%B0%E5%BA%97%20%E9%95%B7%E9%87%8E%E7%9C%8C%E9%A3%AF%E7%94%B0%E5%B8%82%E4%B8%8A%E9%83%B7%E9%A3%AF%E6%B2%BC%EF%BC%91%EF%BC%95%EF%BC%97%EF%BC%95,2026-10-08,https://dcd.aikatsu.com/encore/pdf/shoplist.pdf,官方列出的設置店；未逐店確認現場稼動、台數與卡片庫存。地址定位尚未逐點核對。
イオン佐久平店,日本 長野県佐久市佐久平駅南１１－１０,長野県,中部,0267-65-8711,https://www.google.com/maps/search/?api=1&query=%E3%82%A4%E3%82%AA%E3%83%B3%E4%BD%90%E4%B9%85%E5%B9%B3%E5%BA%97%20%E9%95%B7%E9%87%8E%E7%9C%8C%E4%BD%90%E4%B9%85%E5%B8%82%E4%BD%90%E4%B9%85%E5%B9%B3%E9%A7%85%E5%8D%97%EF%BC%91%EF%BC%91%EF%BC%8D%EF%BC%91%EF%BC%90,2026-10-08,https://dcd.aikatsu.com/encore/pdf/shoplist.pdf,官方列出的設置店；未逐店確認現場稼動、台數與卡片庫存。地址定位尚未逐點核對。
トイザらス長野,日本 長野県長野市高田１１７４ ヤングファラオ２Ｆ,長野県,中部,026-221-4613,https://www.google.com/maps/search/?api=1&query=%E3%83%88%E3%82%A4%E3%82%B6%E3%82%89%E3%82%B9%E9%95%B7%E9%87%8E%20%E9%95%B7%E9%87%8E%E7%9C%8C%E9%95%B7%E9%87%8E%E5%B8%82%E9%AB%98%E7%94%B0%EF%BC%91%EF%BC%91%EF%BC%97%EF%BC%94%20%E3%83%A4%E3%83%B3%E3%82%B0%E3%83%95%E3%82%A1%E3%83%A9%E3%82%AA%EF%BC%92%EF%BC%A6,2026-10-08,https://dcd.aikatsu.com/encore/pdf/shoplist.pdf,官方列出的設置店；未逐店確認現場稼動、台數與卡片庫存。地址定位尚未逐點核對。
GiGO豊科,日本 長野県安曇野市豊科南穂高1115,長野県,中部,070-1459-1441,https://www.google.com/maps/search/?api=1&query=GiGO%E8%B1%8A%E7%A7%91%20%E9%95%B7%E9%87%8E%E7%9C%8C%E5%AE%89%E6%9B%87%E9%87%8E%E5%B8%82%E8%B1%8A%E7%A7%91%E5%8D%97%E7%A9%82%E9%AB%981115,2026-10-08,https://dcd.aikatsu.com/encore/pdf/shoplist.pdf,官方列出的設置店；未逐店確認現場稼動、台數與卡片庫存。地址定位尚未逐點核對。
サープラ長野あそびタウン,日本 長野県長野市権堂町1506番地3長電権堂第2ビル1階,長野県,中部,026-231-5015,https://www.google.com/maps/search/?api=1&query=%E3%82%B5%E3%83%BC%E3%83%97%E3%83%A9%E9%95%B7%E9%87%8E%E3%81%82%E3%81%9D%E3%81%B3%E3%82%BF%E3%82%A6%E3%83%B3%20%E9%95%B7%E9%87%8E%E7%9C%8C%E9%95%B7%E9%87%8E%E5%B8%82%E6%A8%A9%E5%A0%82%E7%94%BA1506%E7%95%AA%E5%9C%B03%E9%95%B7%E9%9B%BB%E6%A8%A9%E5%A0%82%E7%AC%AC2%E3%83%93%E3%83%AB1%E9%9A%8E,2026-10-08,https://dcd.aikatsu.com/encore/pdf/shoplist.pdf,官方列出的設置店；未逐店確認現場稼動、台數與卡片庫存。地址定位尚未逐點核對。
Hapipi Land豊科店,日本 長野県安曇野市豊科4272-10 イオン豊科店2F,長野県,中部,070-1479-5504,https://www.google.com/maps/search/?api=1&query=Hapipi%20Land%E8%B1%8A%E7%A7%91%E5%BA%97%20%E9%95%B7%E9%87%8E%E7%9C%8C%E5%AE%89%E6%9B%87%E9%87%8E%E5%B8%82%E8%B1%8A%E7%A7%914272-10%20%E3%82%A4%E3%82%AA%E3%83%B3%E8%B1%8A%E7%A7%91%E5%BA%972F,2026-10-08,https://dcd.aikatsu.com/encore/pdf/shoplist.pdf,官方列出的設置店；未逐店確認現場稼動、台數與卡片庫存。地址定位尚未逐點核對。
ソユーゲームフィールド長野三輪店,日本 長野県長野市三輪九丁目43番24号イオンタウン長野三輪2F,長野県,中部,026-263-8017,https://www.google.com/maps/search/?api=1&query=%E3%82%BD%E3%83%A6%E3%83%BC%E3%82%B2%E3%83%BC%E3%83%A0%E3%83%95%E3%82%A3%E3%83%BC%E3%83%AB%E3%83%89%E9%95%B7%E9%87%8E%E4%B8%89%E8%BC%AA%E5%BA%97%20%E9%95%B7%E9%87%8E%E7%9C%8C%E9%95%B7%E9%87%8E%E5%B8%82%E4%B8%89%E8%BC%AA%E4%B9%9D%E4%B8%81%E7%9B%AE43%E7%95%AA24%E5%8F%B7%E3%82%A4%E3%82%AA%E3%83%B3%E3%82%BF%E3%82%A6%E3%83%B3%E9%95%B7%E9%87%8E%E4%B8%89%E8%BC%AA2F,2026-10-08,https://dcd.aikatsu.com/encore/pdf/shoplist.pdf,官方列出的設置店；未逐店確認現場稼動、台數與卡片庫存。地址定位尚未逐點核對。
ｎａｍｃｏアリオ上田店,日本 長野県上田市天神３－５－１ アリオ上田１Ｆ 店番１－２１,長野県,中部,0570-087601,https://www.google.com/maps/search/?api=1&query=%EF%BD%8E%EF%BD%81%EF%BD%8D%EF%BD%83%EF%BD%8F%E3%82%A2%E3%83%AA%E3%82%AA%E4%B8%8A%E7%94%B0%E5%BA%97%20%E9%95%B7%E9%87%8E%E7%9C%8C%E4%B8%8A%E7%94%B0%E5%B8%82%E5%A4%A9%E7%A5%9E%EF%BC%93%EF%BC%8D%EF%BC%95%EF%BC%8D%EF%BC%91%20%E3%82%A2%E3%83%AA%E3%82%AA%E4%B8%8A%E7%94%B0%EF%BC%91%EF%BC%A6%20%E5%BA%97%E7%95%AA%EF%BC%91%EF%BC%8D%EF%BC%92%EF%BC%91,2026-10-08,https://dcd.aikatsu.com/encore/pdf/shoplist.pdf,官方列出的設置店；未逐店確認現場稼動、台數與卡片庫存。地址定位尚未逐點核對。
ｎａｍｃｏイオンモール佐久平店,日本 長野県佐久市佐久平駅南１１－１０ イオンモール佐久平２Ｆ,長野県,中部,0267-66-3060,https://www.google.com/maps/search/?api=1&query=%EF%BD%8E%EF%BD%81%EF%BD%8D%EF%BD%83%EF%BD%8F%E3%82%A4%E3%82%AA%E3%83%B3%E3%83%A2%E3%83%BC%E3%83%AB%E4%BD%90%E4%B9%85%E5%B9%B3%E5%BA%97%20%E9%95%B7%E9%87%8E%E7%9C%8C%E4%BD%90%E4%B9%85%E5%B8%82%E4%BD%90%E4%B9%85%E5%B9%B3%E9%A7%85%E5%8D%97%EF%BC%91%EF%BC%91%EF%BC%8D%EF%BC%91%EF%BC%90%20%E3%82%A4%E3%82%AA%E3%83%B3%E3%83%A2%E3%83%BC%E3%83%AB%E4%BD%90%E4%B9%85%E5%B9%B3%EF%BC%92%EF%BC%A6,2026-10-08,https://dcd.aikatsu.com/encore/pdf/shoplist.pdf,官方列出的設置店；未逐店確認現場稼動、台數與卡片庫存。地址定位尚未逐點核對。
楽市楽座イオンモール松本,日本 長野県松本市中央4-1371,長野県,中部,090-8628-3921,https://www.google.com/maps/search/?api=1&query=%E6%A5%BD%E5%B8%82%E6%A5%BD%E5%BA%A7%E3%82%A4%E3%82%AA%E3%83%B3%E3%83%A2%E3%83%BC%E3%83%AB%E6%9D%BE%E6%9C%AC%20%E9%95%B7%E9%87%8E%E7%9C%8C%E6%9D%BE%E6%9C%AC%E5%B8%82%E4%B8%AD%E5%A4%AE4-1371,2026-10-08,https://dcd.aikatsu.com/encore/pdf/shoplist.pdf,官方列出的設置店；未逐店確認現場稼動、台數與卡片庫存。地址定位尚未逐點核對。
アピナ長野大橋店,日本 長野県長野市若里７－９－１２アピナ長野大橋,長野県,中部,026-225-8765,https://www.google.com/maps/search/?api=1&query=%E3%82%A2%E3%83%94%E3%83%8A%E9%95%B7%E9%87%8E%E5%A4%A7%E6%A9%8B%E5%BA%97%20%E9%95%B7%E9%87%8E%E7%9C%8C%E9%95%B7%E9%87%8E%E5%B8%82%E8%8B%A5%E9%87%8C%EF%BC%97%EF%BC%8D%EF%BC%99%EF%BC%8D%EF%BC%91%EF%BC%92%E3%82%A2%E3%83%94%E3%83%8A%E9%95%B7%E9%87%8E%E5%A4%A7%E6%A9%8B,2026-10-08,https://dcd.aikatsu.com/encore/pdf/shoplist.pdf,官方列出的設置店；未逐店確認現場稼動、台數與卡片庫存。地址定位尚未逐點核對。
アピナ長野村山店,日本 長野県長野市村山５０２－１アピナ長野村山,長野県,中部,026-295-9911,https://www.google.com/maps/search/?api=1&query=%E3%82%A2%E3%83%94%E3%83%8A%E9%95%B7%E9%87%8E%E6%9D%91%E5%B1%B1%E5%BA%97%20%E9%95%B7%E9%87%8E%E7%9C%8C%E9%95%B7%E9%87%8E%E5%B8%82%E6%9D%91%E5%B1%B1%EF%BC%95%EF%BC%90%EF%BC%92%EF%BC%8D%EF%BC%91%E3%82%A2%E3%83%94%E3%83%8A%E9%95%B7%E9%87%8E%E6%9D%91%E5%B1%B1,2026-10-08,https://dcd.aikatsu.com/encore/pdf/shoplist.pdf,官方列出的設置店；未逐店確認現場稼動、台數與卡片庫存。地址定位尚未逐點核對。
アピナ長野川中島店,日本 長野県長野市川中島町御厨957-1,長野県,中部,026-214-6699,https://www.google.com/maps/search/?api=1&query=%E3%82%A2%E3%83%94%E3%83%8A%E9%95%B7%E9%87%8E%E5%B7%9D%E4%B8%AD%E5%B3%B6%E5%BA%97%20%E9%95%B7%E9%87%8E%E7%9C%8C%E9%95%B7%E9%87%8E%E5%B8%82%E5%B7%9D%E4%B8%AD%E5%B3%B6%E7%94%BA%E5%BE%A1%E5%8E%A8957-1,2026-10-08,https://dcd.aikatsu.com/encore/pdf/shoplist.pdf,官方列出的設置店；未逐店確認現場稼動、台數與卡片庫存。地址定位尚未逐點核對。
アピナ佐久インター店,日本 長野県佐久市岩村田北１－１３－１アピナ佐久インター,長野県,中部,0267-78-3399,https://www.google.com/maps/search/?api=1&query=%E3%82%A2%E3%83%94%E3%83%8A%E4%BD%90%E4%B9%85%E3%82%A4%E3%83%B3%E3%82%BF%E3%83%BC%E5%BA%97%20%E9%95%B7%E9%87%8E%E7%9C%8C%E4%BD%90%E4%B9%85%E5%B8%82%E5%B2%A9%E6%9D%91%E7%94%B0%E5%8C%97%EF%BC%91%EF%BC%8D%EF%BC%91%EF%BC%93%EF%BC%8D%EF%BC%91%E3%82%A2%E3%83%94%E3%83%8A%E4%BD%90%E4%B9%85%E3%82%A4%E3%83%B3%E3%82%BF%E3%83%BC,2026-10-08,https://dcd.aikatsu.com/encore/pdf/shoplist.pdf,官方列出的設置店；未逐店確認現場稼動、台數與卡片庫存。地址定位尚未逐點核對。
アピナ上田,日本 長野県上田市秋和３５９－１アピナ上田,長野県,中部,0268-75-8055,https://www.google.com/maps/search/?api=1&query=%E3%82%A2%E3%83%94%E3%83%8A%E4%B8%8A%E7%94%B0%20%E9%95%B7%E9%87%8E%E7%9C%8C%E4%B8%8A%E7%94%B0%E5%B8%82%E7%A7%8B%E5%92%8C%EF%BC%93%EF%BC%95%EF%BC%99%EF%BC%8D%EF%BC%91%E3%82%A2%E3%83%94%E3%83%8A%E4%B8%8A%E7%94%B0,2026-10-08,https://dcd.aikatsu.com/encore/pdf/shoplist.pdf,官方列出的設置店；未逐店確認現場稼動、台數與卡片庫存。地址定位尚未逐點核對。
ファミリーランド更埴店,日本 長野県千曲市大字桜堂字西沖333-1ベイシア更埴店内2F,長野県,中部,026-274-3422,https://www.google.com/maps/search/?api=1&query=%E3%83%95%E3%82%A1%E3%83%9F%E3%83%AA%E3%83%BC%E3%83%A9%E3%83%B3%E3%83%89%E6%9B%B4%E5%9F%B4%E5%BA%97%20%E9%95%B7%E9%87%8E%E7%9C%8C%E5%8D%83%E6%9B%B2%E5%B8%82%E5%A4%A7%E5%AD%97%E6%A1%9C%E5%A0%82%E5%AD%97%E8%A5%BF%E6%B2%96333-1%E3%83%99%E3%82%A4%E3%82%B7%E3%82%A2%E6%9B%B4%E5%9F%B4%E5%BA%97%E5%86%852F,2026-10-08,https://dcd.aikatsu.com/encore/pdf/shoplist.pdf,官方列出的設置店；未逐店確認現場稼動、台數與卡片庫存。地址定位尚未逐點核對。
アピナ松本店,日本 長野県松本市双葉１９－１０アピナ松本,長野県,中部,0263-24-1133,https://www.google.com/maps/search/?api=1&query=%E3%82%A2%E3%83%94%E3%83%8A%E6%9D%BE%E6%9C%AC%E5%BA%97%20%E9%95%B7%E9%87%8E%E7%9C%8C%E6%9D%BE%E6%9C%AC%E5%B8%82%E5%8F%8C%E8%91%89%EF%BC%91%EF%BC%99%EF%BC%8D%EF%BC%91%EF%BC%90%E3%82%A2%E3%83%94%E3%83%8A%E6%9D%BE%E6%9C%AC,2026-10-08,https://dcd.aikatsu.com/encore/pdf/shoplist.pdf,官方列出的設置店；未逐店確認現場稼動、台數與卡片庫存。地址定位尚未逐點核對。
アピナ飯田店,日本 長野県飯田市座光寺３７２７－１アピナ飯田,長野県,中部,0265-59-7711,https://www.google.com/maps/search/?api=1&query=%E3%82%A2%E3%83%94%E3%83%8A%E9%A3%AF%E7%94%B0%E5%BA%97%20%E9%95%B7%E9%87%8E%E7%9C%8C%E9%A3%AF%E7%94%B0%E5%B8%82%E5%BA%A7%E5%85%89%E5%AF%BA%EF%BC%93%EF%BC%97%EF%BC%92%EF%BC%97%EF%BC%8D%EF%BC%91%E3%82%A2%E3%83%94%E3%83%8A%E9%A3%AF%E7%94%B0,2026-10-08,https://dcd.aikatsu.com/encore/pdf/shoplist.pdf,官方列出的設置店；未逐店確認現場稼動、台數與卡片庫存。地址定位尚未逐點核對。
アピナ伊那店,日本 長野県伊那市西町５０９３アピナ伊那,長野県,中部,0265-74-8885,https://www.google.com/maps/search/?api=1&query=%E3%82%A2%E3%83%94%E3%83%8A%E4%BC%8A%E9%82%A3%E5%BA%97%20%E9%95%B7%E9%87%8E%E7%9C%8C%E4%BC%8A%E9%82%A3%E5%B8%82%E8%A5%BF%E7%94%BA%EF%BC%95%EF%BC%90%EF%BC%99%EF%BC%93%E3%82%A2%E3%83%94%E3%83%8A%E4%BC%8A%E9%82%A3,2026-10-08,https://dcd.aikatsu.com/encore/pdf/shoplist.pdf,官方列出的設置店；未逐店確認現場稼動、台數與卡片庫存。地址定位尚未逐點核對。
アピナ塩尻店,日本 長野県塩尻市広丘野村１７９４－１アピナ塩尻,長野県,中部,0263-51-5511,https://www.google.com/maps/search/?api=1&query=%E3%82%A2%E3%83%94%E3%83%8A%E5%A1%A9%E5%B0%BB%E5%BA%97%20%E9%95%B7%E9%87%8E%E7%9C%8C%E5%A1%A9%E5%B0%BB%E5%B8%82%E5%BA%83%E4%B8%98%E9%87%8E%E6%9D%91%EF%BC%91%EF%BC%97%EF%BC%99%EF%BC%94%EF%BC%8D%EF%BC%91%E3%82%A2%E3%83%94%E3%83%8A%E5%A1%A9%E5%B0%BB,2026-10-08,https://dcd.aikatsu.com/encore/pdf/shoplist.pdf,官方列出的設置店；未逐店確認現場稼動、台數與卡片庫存。地址定位尚未逐點核對。
ファンタジープラザ長野店,日本 長野県長野市高田1758 MEGAドン･キホーテ長野店2階,長野県,中部,026-263-4483,https://www.google.com/maps/search/?api=1&query=%E3%83%95%E3%82%A1%E3%83%B3%E3%82%BF%E3%82%B8%E3%83%BC%E3%83%97%E3%83%A9%E3%82%B6%E9%95%B7%E9%87%8E%E5%BA%97%20%E9%95%B7%E9%87%8E%E7%9C%8C%E9%95%B7%E9%87%8E%E5%B8%82%E9%AB%98%E7%94%B01758%20MEGA%E3%83%89%E3%83%B3%EF%BD%A5%E3%82%AD%E3%83%9B%E3%83%BC%E3%83%86%E9%95%B7%E9%87%8E%E5%BA%972%E9%9A%8E,2026-10-08,https://dcd.aikatsu.com/encore/pdf/shoplist.pdf,官方列出的設置店；未逐店確認現場稼動、台數與卡片庫存。地址定位尚未逐點核對。
ファンタジープラザ伊那店,日本 長野県伊那市西町5182-1 MEGAドン･キホーテUNY伊那店3海,長野県,中部,0265-76-8164,https://www.google.com/maps/search/?api=1&query=%E3%83%95%E3%82%A1%E3%83%B3%E3%82%BF%E3%82%B8%E3%83%BC%E3%83%97%E3%83%A9%E3%82%B6%E4%BC%8A%E9%82%A3%E5%BA%97%20%E9%95%B7%E9%87%8E%E7%9C%8C%E4%BC%8A%E9%82%A3%E5%B8%82%E8%A5%BF%E7%94%BA5182-1%20MEGA%E3%83%89%E3%83%B3%EF%BD%A5%E3%82%AD%E3%83%9B%E3%83%BC%E3%83%86UNY%E4%BC%8A%E9%82%A3%E5%BA%973%E6%B5%B7,2026-10-08,https://dcd.aikatsu.com/encore/pdf/shoplist.pdf,官方列出的設置店；未逐店確認現場稼動、台數與卡片庫存。地址定位尚未逐點核對。
ファンタジープラザ高森店,日本 長野県下伊那郡高森町山吹4515 MEGAドン･キホーテUNY高森店1階,長野県,中部,0265-49-8253,https://www.google.com/maps/search/?api=1&query=%E3%83%95%E3%82%A1%E3%83%B3%E3%82%BF%E3%82%B8%E3%83%BC%E3%83%97%E3%83%A9%E3%82%B6%E9%AB%98%E6%A3%AE%E5%BA%97%20%E9%95%B7%E9%87%8E%E7%9C%8C%E4%B8%8B%E4%BC%8A%E9%82%A3%E9%83%A1%E9%AB%98%E6%A3%AE%E7%94%BA%E5%B1%B1%E5%90%B94515%20MEGA%E3%83%89%E3%83%B3%EF%BD%A5%E3%82%AD%E3%83%9B%E3%83%BC%E3%83%86UNY%E9%AB%98%E6%A3%AE%E5%BA%971%E9%9A%8E,2026-10-08,https://dcd.aikatsu.com/encore/pdf/shoplist.pdf,官方列出的設置店；未逐店確認現場稼動、台數與卡片庫存。地址定位尚未逐點核對。
モーリーファンタジーf 岐阜店,日本 岐阜県岐阜市正木中1-2-1マーサ21北館 イオン岐阜店3階,岐阜県,中部,070-3100-3566,https://www.google.com/maps/search/?api=1&query=%E3%83%A2%E3%83%BC%E3%83%AA%E3%83%BC%E3%83%95%E3%82%A1%E3%83%B3%E3%82%BF%E3%82%B8%E3%83%BCf%20%E5%B2%90%E9%98%9C%E5%BA%97%20%E5%B2%90%E9%98%9C%E7%9C%8C%E5%B2%90%E9%98%9C%E5%B8%82%E6%AD%A3%E6%9C%A8%E4%B8%AD1-2-1%E3%83%9E%E3%83%BC%E3%82%B521%E5%8C%97%E9%A4%A8%20%E3%82%A4%E3%82%AA%E3%83%B3%E5%B2%90%E9%98%9C%E5%BA%973%E9%9A%8E,2026-10-08,https://dcd.aikatsu.com/encore/pdf/shoplist.pdf,官方列出的設置店；未逐店確認現場稼動、台數與卡片庫存。地址定位尚未逐點核對。
モーリーファンタジー関店,日本 岐阜県関市倉知516サンサンシティ・マーゴ イオン関店1階,岐阜県,中部,070-3100-3569,https://www.google.com/maps/search/?api=1&query=%E3%83%A2%E3%83%BC%E3%83%AA%E3%83%BC%E3%83%95%E3%82%A1%E3%83%B3%E3%82%BF%E3%82%B8%E3%83%BC%E9%96%A2%E5%BA%97%20%E5%B2%90%E9%98%9C%E7%9C%8C%E9%96%A2%E5%B8%82%E5%80%89%E7%9F%A5516%E3%82%B5%E3%83%B3%E3%82%B5%E3%83%B3%E3%82%B7%E3%83%86%E3%82%A3%E3%83%BB%E3%83%9E%E3%83%BC%E3%82%B4%20%E3%82%A4%E3%82%AA%E3%83%B3%E9%96%A2%E5%BA%971%E9%9A%8E,2026-10-08,https://dcd.aikatsu.com/encore/pdf/shoplist.pdf,官方列出的設置店；未逐店確認現場稼動、台數與卡片庫存。地址定位尚未逐點核對。
モーリーファンタジー大垣店,日本 岐阜県大垣市外野2丁目100番 イオン大垣店2階,岐阜県,中部,070-3100-4844,https://www.google.com/maps/search/?api=1&query=%E3%83%A2%E3%83%BC%E3%83%AA%E3%83%BC%E3%83%95%E3%82%A1%E3%83%B3%E3%82%BF%E3%82%B8%E3%83%BC%E5%A4%A7%E5%9E%A3%E5%BA%97%20%E5%B2%90%E9%98%9C%E7%9C%8C%E5%A4%A7%E5%9E%A3%E5%B8%82%E5%A4%96%E9%87%8E2%E4%B8%81%E7%9B%AE100%E7%95%AA%20%E3%82%A4%E3%82%AA%E3%83%B3%E5%A4%A7%E5%9E%A3%E5%BA%972%E9%9A%8E,2026-10-08,https://dcd.aikatsu.com/encore/pdf/shoplist.pdf,官方列出的設置店；未逐店確認現場稼動、台數與卡片庫存。地址定位尚未逐點核對。
モーリーファンタジー各務原インター店,日本 岐阜県各務原市那加萱場町3-8 イオンスタイル各務原インター3階,岐阜県,中部,070-3100-4853,https://www.google.com/maps/search/?api=1&query=%E3%83%A2%E3%83%BC%E3%83%AA%E3%83%BC%E3%83%95%E3%82%A1%E3%83%B3%E3%82%BF%E3%82%B8%E3%83%BC%E5%90%84%E5%8B%99%E5%8E%9F%E3%82%A4%E3%83%B3%E3%82%BF%E3%83%BC%E5%BA%97%20%E5%B2%90%E9%98%9C%E7%9C%8C%E5%90%84%E5%8B%99%E5%8E%9F%E5%B8%82%E9%82%A3%E5%8A%A0%E8%90%B1%E5%A0%B4%E7%94%BA3-8%20%E3%82%A4%E3%82%AA%E3%83%B3%E3%82%B9%E3%82%BF%E3%82%A4%E3%83%AB%E5%90%84%E5%8B%99%E5%8E%9F%E3%82%A4%E3%83%B3%E3%82%BF%E3%83%BC3%E9%9A%8E,2026-10-08,https://dcd.aikatsu.com/encore/pdf/shoplist.pdf,官方列出的設置店；未逐店確認現場稼動、台數與卡片庫存。地址定位尚未逐點核對。
モーリーファンタジー土岐店,日本 岐阜県土岐市土岐津町土岐口1372-1 イオンモール土岐2階,岐阜県,中部,080-3476-8036,https://www.google.com/maps/search/?api=1&query=%E3%83%A2%E3%83%BC%E3%83%AA%E3%83%BC%E3%83%95%E3%82%A1%E3%83%B3%E3%82%BF%E3%82%B8%E3%83%BC%E5%9C%9F%E5%B2%90%E5%BA%97%20%E5%B2%90%E9%98%9C%E7%9C%8C%E5%9C%9F%E5%B2%90%E5%B8%82%E5%9C%9F%E5%B2%90%E6%B4%A5%E7%94%BA%E5%9C%9F%E5%B2%90%E5%8F%A31372-1%20%E3%82%A4%E3%82%AA%E3%83%B3%E3%83%A2%E3%83%BC%E3%83%AB%E5%9C%9F%E5%B2%902%E9%9A%8E,2026-10-08,https://dcd.aikatsu.com/encore/pdf/shoplist.pdf,官方列出的設置店；未逐店確認現場稼動、台數與卡片庫存。地址定位尚未逐點核對。
ＭＥＧＡドン・キホーテＵＮＹ恵那,日本 岐阜県恵那市長島町正家２丁目２番地１７,岐阜県,中部,0573-20-0001,https://www.google.com/maps/search/?api=1&query=%EF%BC%AD%EF%BC%A5%EF%BC%A7%EF%BC%A1%E3%83%89%E3%83%B3%E3%83%BB%E3%82%AD%E3%83%9B%E3%83%BC%E3%83%86%EF%BC%B5%EF%BC%AE%EF%BC%B9%E6%81%B5%E9%82%A3%20%E5%B2%90%E9%98%9C%E7%9C%8C%E6%81%B5%E9%82%A3%E5%B8%82%E9%95%B7%E5%B3%B6%E7%94%BA%E6%AD%A3%E5%AE%B6%EF%BC%92%E4%B8%81%E7%9B%AE%EF%BC%92%E7%95%AA%E5%9C%B0%EF%BC%91%EF%BC%97,2026-10-08,https://dcd.aikatsu.com/encore/pdf/shoplist.pdf,官方列出的設置店；未逐店確認現場稼動、台數與卡片庫存。地址定位尚未逐點核對。
ピアゴ瑞浪,日本 岐阜県瑞浪市薬師町２－７２,岐阜県,中部,0572-68-5101,https://www.google.com/maps/search/?api=1&query=%E3%83%94%E3%82%A2%E3%82%B4%E7%91%9E%E6%B5%AA%20%E5%B2%90%E9%98%9C%E7%9C%8C%E7%91%9E%E6%B5%AA%E5%B8%82%E8%96%AC%E5%B8%AB%E7%94%BA%EF%BC%92%EF%BC%8D%EF%BC%97%EF%BC%92,2026-10-08,https://dcd.aikatsu.com/encore/pdf/shoplist.pdf,官方列出的設置店；未逐店確認現場稼動、台數與卡片庫存。地址定位尚未逐點核對。
ＭＥＧＡドン・キホーテＵＮＹ美濃加茂,日本 岐阜県美濃加茂市野笹町２丁目５‐６５,岐阜県,中部,0574-27-5811,https://www.google.com/maps/search/?api=1&query=%EF%BC%AD%EF%BC%A5%EF%BC%A7%EF%BC%A1%E3%83%89%E3%83%B3%E3%83%BB%E3%82%AD%E3%83%9B%E3%83%BC%E3%83%86%EF%BC%B5%EF%BC%AE%EF%BC%B9%E7%BE%8E%E6%BF%83%E5%8A%A0%E8%8C%82%20%E5%B2%90%E9%98%9C%E7%9C%8C%E7%BE%8E%E6%BF%83%E5%8A%A0%E8%8C%82%E5%B8%82%E9%87%8E%E7%AC%B9%E7%94%BA%EF%BC%92%E4%B8%81%E7%9B%AE%EF%BC%95%E2%80%90%EF%BC%96%EF%BC%95,2026-10-08,https://dcd.aikatsu.com/encore/pdf/shoplist.pdf,官方列出的設置店；未逐店確認現場稼動、台數與卡片庫存。地址定位尚未逐點核對。
アピタ各務原,日本 岐阜県各務原市鵜沼各務原町８－７,岐阜県,中部,058-384-3911,https://www.google.com/maps/search/?api=1&query=%E3%82%A2%E3%83%94%E3%82%BF%E5%90%84%E5%8B%99%E5%8E%9F%20%E5%B2%90%E9%98%9C%E7%9C%8C%E5%90%84%E5%8B%99%E5%8E%9F%E5%B8%82%E9%B5%9C%E6%B2%BC%E5%90%84%E5%8B%99%E5%8E%9F%E7%94%BA%EF%BC%98%EF%BC%8D%EF%BC%97,2026-10-08,https://dcd.aikatsu.com/encore/pdf/shoplist.pdf,官方列出的設置店；未逐店確認現場稼動、台數與卡片庫存。地址定位尚未逐點核對。
アピタ御嵩,日本 岐阜県可児郡御嵩町上恵土１０５２番１,岐阜県,中部,0574-67-6777,https://www.google.com/maps/search/?api=1&query=%E3%82%A2%E3%83%94%E3%82%BF%E5%BE%A1%E5%B5%A9%20%E5%B2%90%E9%98%9C%E7%9C%8C%E5%8F%AF%E5%85%90%E9%83%A1%E5%BE%A1%E5%B5%A9%E7%94%BA%E4%B8%8A%E6%81%B5%E5%9C%9F%EF%BC%91%EF%BC%90%EF%BC%95%EF%BC%92%E7%95%AA%EF%BC%91,2026-10-08,https://dcd.aikatsu.com/encore/pdf/shoplist.pdf,官方列出的設置店；未逐店確認現場稼動、台數與卡片庫存。地址定位尚未逐點核對。
アピタ大垣,日本 岐阜県大垣市林町６－８０－２１,岐阜県,中部,0584-83-1311,https://www.google.com/maps/search/?api=1&query=%E3%82%A2%E3%83%94%E3%82%BF%E5%A4%A7%E5%9E%A3%20%E5%B2%90%E9%98%9C%E7%9C%8C%E5%A4%A7%E5%9E%A3%E5%B8%82%E6%9E%97%E7%94%BA%EF%BC%96%EF%BC%8D%EF%BC%98%EF%BC%90%EF%BC%8D%EF%BC%92%EF%BC%91,2026-10-08,https://dcd.aikatsu.com/encore/pdf/shoplist.pdf,官方列出的設置店；未逐店確認現場稼動、台數與卡片庫存。地址定位尚未逐點核對。
アピタ北方,日本 岐阜県本巣郡北方町平成２－３,岐阜県,中部,058-323-8511,https://www.google.com/maps/search/?api=1&query=%E3%82%A2%E3%83%94%E3%82%BF%E5%8C%97%E6%96%B9%20%E5%B2%90%E9%98%9C%E7%9C%8C%E6%9C%AC%E5%B7%A3%E9%83%A1%E5%8C%97%E6%96%B9%E7%94%BA%E5%B9%B3%E6%88%90%EF%BC%92%EF%BC%8D%EF%BC%93,2026-10-08,https://dcd.aikatsu.com/encore/pdf/shoplist.pdf,官方列出的設置店；未逐店確認現場稼動、台數與卡片庫存。地址定位尚未逐點核對。
ＭＥＧＡドン・キホーテＵＮＹ岐阜,日本 岐阜県岐阜市加納神明町６丁目１番地,岐阜県,中部,058-275-3111,https://www.google.com/maps/search/?api=1&query=%EF%BC%AD%EF%BC%A5%EF%BC%A7%EF%BC%A1%E3%83%89%E3%83%B3%E3%83%BB%E3%82%AD%E3%83%9B%E3%83%BC%E3%83%86%EF%BC%B5%EF%BC%AE%EF%BC%B9%E5%B2%90%E9%98%9C%20%E5%B2%90%E9%98%9C%E7%9C%8C%E5%B2%90%E9%98%9C%E5%B8%82%E5%8A%A0%E7%B4%8D%E7%A5%9E%E6%98%8E%E7%94%BA%EF%BC%96%E4%B8%81%E7%9B%AE%EF%BC%91%E7%95%AA%E5%9C%B0,2026-10-08,https://dcd.aikatsu.com/encore/pdf/shoplist.pdf,官方列出的設置店；未逐店確認現場稼動、台數與卡片庫存。地址定位尚未逐點核對。
GiGOマーゴ関,日本 岐阜県関市倉知516 マーゴシネマ館2F,岐阜県,中部,070-1459-1931,https://www.google.com/maps/search/?api=1&query=GiGO%E3%83%9E%E3%83%BC%E3%82%B4%E9%96%A2%20%E5%B2%90%E9%98%9C%E7%9C%8C%E9%96%A2%E5%B8%82%E5%80%89%E7%9F%A5516%20%E3%83%9E%E3%83%BC%E3%82%B4%E3%82%B7%E3%83%8D%E3%83%9E%E9%A4%A82F,2026-10-08,https://dcd.aikatsu.com/encore/pdf/shoplist.pdf,官方列出的設置店；未逐店確認現場稼動、台數與卡片庫存。地址定位尚未逐點核對。
MIRAINOイオンモール土岐店,日本 岐阜県土岐市土岐津町土岐口1372番1イオンモール土岐2F,岐阜県,中部,0572-56-5256,https://www.google.com/maps/search/?api=1&query=MIRAINO%E3%82%A4%E3%82%AA%E3%83%B3%E3%83%A2%E3%83%BC%E3%83%AB%E5%9C%9F%E5%B2%90%E5%BA%97%20%E5%B2%90%E9%98%9C%E7%9C%8C%E5%9C%9F%E5%B2%90%E5%B8%82%E5%9C%9F%E5%B2%90%E6%B4%A5%E7%94%BA%E5%9C%9F%E5%B2%90%E5%8F%A31372%E7%95%AA1%E3%82%A4%E3%82%AA%E3%83%B3%E3%83%A2%E3%83%BC%E3%83%AB%E5%9C%9F%E5%B2%902F,2026-10-08,https://dcd.aikatsu.com/encore/pdf/shoplist.pdf,官方列出的設置店；未逐店確認現場稼動、台數與卡片庫存。地址定位尚未逐點核對。
大垣メトロポリス,日本 岐阜県大垣市三塚町西沼５２３－１イオンタウン大垣,岐阜県,中部,0584-75-5734,https://www.google.com/maps/search/?api=1&query=%E5%A4%A7%E5%9E%A3%E3%83%A1%E3%83%88%E3%83%AD%E3%83%9D%E3%83%AA%E3%82%B9%20%E5%B2%90%E9%98%9C%E7%9C%8C%E5%A4%A7%E5%9E%A3%E5%B8%82%E4%B8%89%E5%A1%9A%E7%94%BA%E8%A5%BF%E6%B2%BC%EF%BC%95%EF%BC%92%EF%BC%93%EF%BC%8D%EF%BC%91%E3%82%A4%E3%82%AA%E3%83%B3%E3%82%BF%E3%82%A6%E3%83%B3%E5%A4%A7%E5%9E%A3,2026-10-08,https://dcd.aikatsu.com/encore/pdf/shoplist.pdf,官方列出的設置店；未逐店確認現場稼動、台數與卡片庫存。地址定位尚未逐點核對。
ｎａｍｃｏモレラ岐阜店,日本 岐阜県本巣市三橋１１００ モレラ岐阜店２Ｆ,岐阜県,中部,058-322-2700,https://www.google.com/maps/search/?api=1&query=%EF%BD%8E%EF%BD%81%EF%BD%8D%EF%BD%83%EF%BD%8F%E3%83%A2%E3%83%AC%E3%83%A9%E5%B2%90%E9%98%9C%E5%BA%97%20%E5%B2%90%E9%98%9C%E7%9C%8C%E6%9C%AC%E5%B7%A3%E5%B8%82%E4%B8%89%E6%A9%8B%EF%BC%91%EF%BC%91%EF%BC%90%EF%BC%90%20%E3%83%A2%E3%83%AC%E3%83%A9%E5%B2%90%E9%98%9C%E5%BA%97%EF%BC%92%EF%BC%A6,2026-10-08,https://dcd.aikatsu.com/encore/pdf/shoplist.pdf,官方列出的設置店；未逐店確認現場稼動、台數與卡片庫存。地址定位尚未逐點核對。
ｎａｍｃｏカラフルタウン岐阜店,日本 岐阜県岐阜市柳津町丸野三丁目３番６ カラフルタウン岐阜内,岐阜県,中部,058-388-7658,https://www.google.com/maps/search/?api=1&query=%EF%BD%8E%EF%BD%81%EF%BD%8D%EF%BD%83%EF%BD%8F%E3%82%AB%E3%83%A9%E3%83%95%E3%83%AB%E3%82%BF%E3%82%A6%E3%83%B3%E5%B2%90%E9%98%9C%E5%BA%97%20%E5%B2%90%E9%98%9C%E7%9C%8C%E5%B2%90%E9%98%9C%E5%B8%82%E6%9F%B3%E6%B4%A5%E7%94%BA%E4%B8%B8%E9%87%8E%E4%B8%89%E4%B8%81%E7%9B%AE%EF%BC%93%E7%95%AA%EF%BC%96%20%E3%82%AB%E3%83%A9%E3%83%95%E3%83%AB%E3%82%BF%E3%82%A6%E3%83%B3%E5%B2%90%E9%98%9C%E5%86%85,2026-10-08,https://dcd.aikatsu.com/encore/pdf/shoplist.pdf,官方列出的設置店；未逐店確認現場稼動、台數與卡片庫存。地址定位尚未逐點核對。
ｎａｍｃｏイオンモール各務原インター店,日本 岐阜県各務原市那加萱場町３－８ イオンモール各務原店２Ｆ,岐阜県,中部,0570-087658,https://www.google.com/maps/search/?api=1&query=%EF%BD%8E%EF%BD%81%EF%BD%8D%EF%BD%83%EF%BD%8F%E3%82%A4%E3%82%AA%E3%83%B3%E3%83%A2%E3%83%BC%E3%83%AB%E5%90%84%E5%8B%99%E5%8E%9F%E3%82%A4%E3%83%B3%E3%82%BF%E3%83%BC%E5%BA%97%20%E5%B2%90%E9%98%9C%E7%9C%8C%E5%90%84%E5%8B%99%E5%8E%9F%E5%B8%82%E9%82%A3%E5%8A%A0%E8%90%B1%E5%A0%B4%E7%94%BA%EF%BC%93%EF%BC%8D%EF%BC%98%20%E3%82%A4%E3%82%AA%E3%83%B3%E3%83%A2%E3%83%BC%E3%83%AB%E5%90%84%E5%8B%99%E5%8E%9F%E5%BA%97%EF%BC%92%EF%BC%A6,2026-10-08,https://dcd.aikatsu.com/encore/pdf/shoplist.pdf,官方列出的設置店；未逐店確認現場稼動、台數與卡片庫存。地址定位尚未逐點核對。
ラウンドワンモレラ岐阜,日本 岐阜県本巣市三橋1100 モレラ岐阜2Fスノープラザ,岐阜県,中部,058-323-6600,https://www.google.com/maps/search/?api=1&query=%E3%83%A9%E3%82%A6%E3%83%B3%E3%83%89%E3%83%AF%E3%83%B3%E3%83%A2%E3%83%AC%E3%83%A9%E5%B2%90%E9%98%9C%20%E5%B2%90%E9%98%9C%E7%9C%8C%E6%9C%AC%E5%B7%A3%E5%B8%82%E4%B8%89%E6%A9%8B1100%20%E3%83%A2%E3%83%AC%E3%83%A9%E5%B2%90%E9%98%9C2F%E3%82%B9%E3%83%8E%E3%83%BC%E3%83%97%E3%83%A9%E3%82%B6,2026-10-08,https://dcd.aikatsu.com/encore/pdf/shoplist.pdf,官方列出的設置店；未逐店確認現場稼動、台數與卡片庫存。地址定位尚未逐點核對。
アピナ美濃加茂,日本 岐阜県美濃加茂市野笹町2-5-65 MEGAドン・キホーテUNY美濃加茂店2F,岐阜県,中部,0574-66-8558,https://www.google.com/maps/search/?api=1&query=%E3%82%A2%E3%83%94%E3%83%8A%E7%BE%8E%E6%BF%83%E5%8A%A0%E8%8C%82%20%E5%B2%90%E9%98%9C%E7%9C%8C%E7%BE%8E%E6%BF%83%E5%8A%A0%E8%8C%82%E5%B8%82%E9%87%8E%E7%AC%B9%E7%94%BA2-5-65%20MEGA%E3%83%89%E3%83%B3%E3%83%BB%E3%82%AD%E3%83%9B%E3%83%BC%E3%83%86UNY%E7%BE%8E%E6%BF%83%E5%8A%A0%E8%8C%82%E5%BA%972F,2026-10-08,https://dcd.aikatsu.com/encore/pdf/shoplist.pdf,官方列出的設置店；未逐店確認現場稼動、台數與卡片庫存。地址定位尚未逐點核對。
アピナ各務原,日本 岐阜県各務原市蘇原花園町2-9-1,岐阜県,中部,058-383-9911,https://www.google.com/maps/search/?api=1&query=%E3%82%A2%E3%83%94%E3%83%8A%E5%90%84%E5%8B%99%E5%8E%9F%20%E5%B2%90%E9%98%9C%E7%9C%8C%E5%90%84%E5%8B%99%E5%8E%9F%E5%B8%82%E8%98%87%E5%8E%9F%E8%8A%B1%E5%9C%92%E7%94%BA2-9-1,2026-10-08,https://dcd.aikatsu.com/encore/pdf/shoplist.pdf,官方列出的設置店；未逐店確認現場稼動、台數與卡片庫存。地址定位尚未逐點核對。
ACグランド茜部店,日本 岐阜県岐阜市茜部大川１－７７,岐阜県,中部,0120-505-814,https://www.google.com/maps/search/?api=1&query=AC%E3%82%B0%E3%83%A9%E3%83%B3%E3%83%89%E8%8C%9C%E9%83%A8%E5%BA%97%20%E5%B2%90%E9%98%9C%E7%9C%8C%E5%B2%90%E9%98%9C%E5%B8%82%E8%8C%9C%E9%83%A8%E5%A4%A7%E5%B7%9D%EF%BC%91%EF%BC%8D%EF%BC%97%EF%BC%97,2026-10-08,https://dcd.aikatsu.com/encore/pdf/shoplist.pdf,官方列出的設置店；未逐店確認現場稼動、台數與卡片庫存。地址定位尚未逐點核對。
アピナ本巣店,日本 岐阜県本巣市政田字下西浦1986イオンタウン本巣内,岐阜県,中部,058-323-3311,https://www.google.com/maps/search/?api=1&query=%E3%82%A2%E3%83%94%E3%83%8A%E6%9C%AC%E5%B7%A3%E5%BA%97%20%E5%B2%90%E9%98%9C%E7%9C%8C%E6%9C%AC%E5%B7%A3%E5%B8%82%E6%94%BF%E7%94%B0%E5%AD%97%E4%B8%8B%E8%A5%BF%E6%B5%A61986%E3%82%A4%E3%82%AA%E3%83%B3%E3%82%BF%E3%82%A6%E3%83%B3%E6%9C%AC%E5%B7%A3%E5%86%85,2026-10-08,https://dcd.aikatsu.com/encore/pdf/shoplist.pdf,官方列出的設置店；未逐店確認現場稼動、台數與卡片庫存。地址定位尚未逐點核對。
ファンタジックランド可児店,日本 岐阜県可児市下恵土5750ヨシヅヤ可児3階,岐阜県,中部,0574-60-0510,https://www.google.com/maps/search/?api=1&query=%E3%83%95%E3%82%A1%E3%83%B3%E3%82%BF%E3%82%B8%E3%83%83%E3%82%AF%E3%83%A9%E3%83%B3%E3%83%89%E5%8F%AF%E5%85%90%E5%BA%97%20%E5%B2%90%E9%98%9C%E7%9C%8C%E5%8F%AF%E5%85%90%E5%B8%82%E4%B8%8B%E6%81%B5%E5%9C%9F5750%E3%83%A8%E3%82%B7%E3%83%85%E3%83%A4%E5%8F%AF%E5%85%903%E9%9A%8E,2026-10-08,https://dcd.aikatsu.com/encore/pdf/shoplist.pdf,官方列出的設置店；未逐店確認現場稼動、台數與卡片庫存。地址定位尚未逐點核對。
ファンタジープラザ恵那店,日本 岐阜県恵那市長島町正家2-2-17 MEGAドン・キホーテUNY恵那店1階,岐阜県,中部,0573-25-8816,https://www.google.com/maps/search/?api=1&query=%E3%83%95%E3%82%A1%E3%83%B3%E3%82%BF%E3%82%B8%E3%83%BC%E3%83%97%E3%83%A9%E3%82%B6%E6%81%B5%E9%82%A3%E5%BA%97%20%E5%B2%90%E9%98%9C%E7%9C%8C%E6%81%B5%E9%82%A3%E5%B8%82%E9%95%B7%E5%B3%B6%E7%94%BA%E6%AD%A3%E5%AE%B62-2-17%20MEGA%E3%83%89%E3%83%B3%E3%83%BB%E3%82%AD%E3%83%9B%E3%83%BC%E3%83%86UNY%E6%81%B5%E9%82%A3%E5%BA%971%E9%9A%8E,2026-10-08,https://dcd.aikatsu.com/encore/pdf/shoplist.pdf,官方列出的設置店；未逐店確認現場稼動、台數與卡片庫存。地址定位尚未逐點核對。
モーリーファンタジー袋井店,日本 静岡県袋井市上山梨4丁目1番地の1 イオン袋井店2階,静岡県,中部,070-3100-3604,https://www.google.com/maps/search/?api=1&query=%E3%83%A2%E3%83%BC%E3%83%AA%E3%83%BC%E3%83%95%E3%82%A1%E3%83%B3%E3%82%BF%E3%82%B8%E3%83%BC%E8%A2%8B%E4%BA%95%E5%BA%97%20%E9%9D%99%E5%B2%A1%E7%9C%8C%E8%A2%8B%E4%BA%95%E5%B8%82%E4%B8%8A%E5%B1%B1%E6%A2%A84%E4%B8%81%E7%9B%AE1%E7%95%AA%E5%9C%B0%E3%81%AE1%20%E3%82%A4%E3%82%AA%E3%83%B3%E8%A2%8B%E4%BA%95%E5%BA%972%E9%9A%8E,2026-10-08,https://dcd.aikatsu.com/encore/pdf/shoplist.pdf,官方列出的設置店；未逐店確認現場稼動、台數與卡片庫存。地址定位尚未逐點核對。
モーリーファンタジー清水店,日本 静岡県静岡市清水区上原1-6-16 イオン清水店2階,静岡県,中部,070-3100-3611,https://www.google.com/maps/search/?api=1&query=%E3%83%A2%E3%83%BC%E3%83%AA%E3%83%BC%E3%83%95%E3%82%A1%E3%83%B3%E3%82%BF%E3%82%B8%E3%83%BC%E6%B8%85%E6%B0%B4%E5%BA%97%20%E9%9D%99%E5%B2%A1%E7%9C%8C%E9%9D%99%E5%B2%A1%E5%B8%82%E6%B8%85%E6%B0%B4%E5%8C%BA%E4%B8%8A%E5%8E%9F1-6-16%20%E3%82%A4%E3%82%AA%E3%83%B3%E6%B8%85%E6%B0%B4%E5%BA%972%E9%9A%8E,2026-10-08,https://dcd.aikatsu.com/encore/pdf/shoplist.pdf,官方列出的設置店；未逐店確認現場稼動、台數與卡片庫存。地址定位尚未逐點核對。
モーリーファンタジー浜松西店,日本 静岡県浜松市中央区入野町6244-1 イオン浜松西店3階,静岡県,中部,070-3100-3404,https://www.google.com/maps/search/?api=1&query=%E3%83%A2%E3%83%BC%E3%83%AA%E3%83%BC%E3%83%95%E3%82%A1%E3%83%B3%E3%82%BF%E3%82%B8%E3%83%BC%E6%B5%9C%E6%9D%BE%E8%A5%BF%E5%BA%97%20%E9%9D%99%E5%B2%A1%E7%9C%8C%E6%B5%9C%E6%9D%BE%E5%B8%82%E4%B8%AD%E5%A4%AE%E5%8C%BA%E5%85%A5%E9%87%8E%E7%94%BA6244-1%20%E3%82%A4%E3%82%AA%E3%83%B3%E6%B5%9C%E6%9D%BE%E8%A5%BF%E5%BA%973%E9%9A%8E,2026-10-08,https://dcd.aikatsu.com/encore/pdf/shoplist.pdf,官方列出的設置店；未逐店確認現場稼動、台數與卡片庫存。地址定位尚未逐點核對。
モーリーファンタジー焼津店,日本 静岡県焼津市祢宜島555 イオン焼津店2階,静岡県,中部,070-3100-3391,https://www.google.com/maps/search/?api=1&query=%E3%83%A2%E3%83%BC%E3%83%AA%E3%83%BC%E3%83%95%E3%82%A1%E3%83%B3%E3%82%BF%E3%82%B8%E3%83%BC%E7%84%BC%E6%B4%A5%E5%BA%97%20%E9%9D%99%E5%B2%A1%E7%9C%8C%E7%84%BC%E6%B4%A5%E5%B8%82%E7%A5%A2%E5%AE%9C%E5%B3%B6555%20%E3%82%A4%E3%82%AA%E3%83%B3%E7%84%BC%E6%B4%A5%E5%BA%972%E9%9A%8E,2026-10-08,https://dcd.aikatsu.com/encore/pdf/shoplist.pdf,官方列出的設置店；未逐店確認現場稼動、台數與卡片庫存。地址定位尚未逐點核對。
モーリーファンタジー富士宮店,日本 静岡県富士宮市浅間町1-8 イオン富士宮店2階,静岡県,中部,070-3100-3410,https://www.google.com/maps/search/?api=1&query=%E3%83%A2%E3%83%BC%E3%83%AA%E3%83%BC%E3%83%95%E3%82%A1%E3%83%B3%E3%82%BF%E3%82%B8%E3%83%BC%E5%AF%8C%E5%A3%AB%E5%AE%AE%E5%BA%97%20%E9%9D%99%E5%B2%A1%E7%9C%8C%E5%AF%8C%E5%A3%AB%E5%AE%AE%E5%B8%82%E6%B5%85%E9%96%93%E7%94%BA1-8%20%E3%82%A4%E3%82%AA%E3%83%B3%E5%AF%8C%E5%A3%AB%E5%AE%AE%E5%BA%972%E9%9A%8E,2026-10-08,https://dcd.aikatsu.com/encore/pdf/shoplist.pdf,官方列出的設置店；未逐店確認現場稼動、台數與卡片庫存。地址定位尚未逐點核對。
モーリーファンタジー浜松志都呂店,日本 静岡県浜松市中央区志都呂町二丁目37番1号 イオン浜松志都呂店3階,静岡県,中部,070-3100-4772,https://www.google.com/maps/search/?api=1&query=%E3%83%A2%E3%83%BC%E3%83%AA%E3%83%BC%E3%83%95%E3%82%A1%E3%83%B3%E3%82%BF%E3%82%B8%E3%83%BC%E6%B5%9C%E6%9D%BE%E5%BF%97%E9%83%BD%E5%91%82%E5%BA%97%20%E9%9D%99%E5%B2%A1%E7%9C%8C%E6%B5%9C%E6%9D%BE%E5%B8%82%E4%B8%AD%E5%A4%AE%E5%8C%BA%E5%BF%97%E9%83%BD%E5%91%82%E7%94%BA%E4%BA%8C%E4%B8%81%E7%9B%AE37%E7%95%AA1%E5%8F%B7%20%E3%82%A4%E3%82%AA%E3%83%B3%E6%B5%9C%E6%9D%BE%E5%BF%97%E9%83%BD%E5%91%82%E5%BA%973%E9%9A%8E,2026-10-08,https://dcd.aikatsu.com/encore/pdf/shoplist.pdf,官方列出的設置店；未逐店確認現場稼動、台數與卡片庫存。地址定位尚未逐點核對。
モーリーファンタジー浜松市野店,日本 静岡県浜松市東区天王町字諏訪1981-3 イオン浜松市野店2階,静岡県,中部,070-3100-4757,https://www.google.com/maps/search/?api=1&query=%E3%83%A2%E3%83%BC%E3%83%AA%E3%83%BC%E3%83%95%E3%82%A1%E3%83%B3%E3%82%BF%E3%82%B8%E3%83%BC%E6%B5%9C%E6%9D%BE%E5%B8%82%E9%87%8E%E5%BA%97%20%E9%9D%99%E5%B2%A1%E7%9C%8C%E6%B5%9C%E6%9D%BE%E5%B8%82%E6%9D%B1%E5%8C%BA%E5%A4%A9%E7%8E%8B%E7%94%BA%E5%AD%97%E8%AB%8F%E8%A8%AA1981-3%20%E3%82%A4%E3%82%AA%E3%83%B3%E6%B5%9C%E6%9D%BE%E5%B8%82%E9%87%8E%E5%BA%972%E9%9A%8E,2026-10-08,https://dcd.aikatsu.com/encore/pdf/shoplist.pdf,官方列出的設置店；未逐店確認現場稼動、台數與卡片庫存。地址定位尚未逐點核對。
モーリーファンタジーセントラルスクエア静岡店,日本 静岡県静岡市駿河区石田1-5-1 イオンセントラルスクエア静岡2階,静岡県,中部,070-3100-6097,https://www.google.com/maps/search/?api=1&query=%E3%83%A2%E3%83%BC%E3%83%AA%E3%83%BC%E3%83%95%E3%82%A1%E3%83%B3%E3%82%BF%E3%82%B8%E3%83%BC%E3%82%BB%E3%83%B3%E3%83%88%E3%83%A9%E3%83%AB%E3%82%B9%E3%82%AF%E3%82%A8%E3%82%A2%E9%9D%99%E5%B2%A1%E5%BA%97%20%E9%9D%99%E5%B2%A1%E7%9C%8C%E9%9D%99%E5%B2%A1%E5%B8%82%E9%A7%BF%E6%B2%B3%E5%8C%BA%E7%9F%B3%E7%94%B01-5-1%20%E3%82%A4%E3%82%AA%E3%83%B3%E3%82%BB%E3%83%B3%E3%83%88%E3%83%A9%E3%83%AB%E3%82%B9%E3%82%AF%E3%82%A8%E3%82%A2%E9%9D%99%E5%B2%A12%E9%9A%8E,2026-10-08,https://dcd.aikatsu.com/encore/pdf/shoplist.pdf,官方列出的設置店；未逐店確認現場稼動、台數與卡片庫存。地址定位尚未逐點核對。
モーリーファンタジーf 富士南店,日本 静岡県富士市鮫島118-10 イオンタウン富士南2階,静岡県,中部,070-3100-4493,https://www.google.com/maps/search/?api=1&query=%E3%83%A2%E3%83%BC%E3%83%AA%E3%83%BC%E3%83%95%E3%82%A1%E3%83%B3%E3%82%BF%E3%82%B8%E3%83%BCf%20%E5%AF%8C%E5%A3%AB%E5%8D%97%E5%BA%97%20%E9%9D%99%E5%B2%A1%E7%9C%8C%E5%AF%8C%E5%A3%AB%E5%B8%82%E9%AE%AB%E5%B3%B6118-10%20%E3%82%A4%E3%82%AA%E3%83%B3%E3%82%BF%E3%82%A6%E3%83%B3%E5%AF%8C%E5%A3%AB%E5%8D%972%E9%9A%8E,2026-10-08,https://dcd.aikatsu.com/encore/pdf/shoplist.pdf,官方列出的設置店；未逐店確認現場稼動、台數與卡片庫存。地址定位尚未逐點核對。
モーリーファンタジー裾野店,日本 静岡県裾野市佐野1039 マックスバリュベルシティ裾野店1階,静岡県,中部,070-3100-4625,https://www.google.com/maps/search/?api=1&query=%E3%83%A2%E3%83%BC%E3%83%AA%E3%83%BC%E3%83%95%E3%82%A1%E3%83%B3%E3%82%BF%E3%82%B8%E3%83%BC%E8%A3%BE%E9%87%8E%E5%BA%97%20%E9%9D%99%E5%B2%A1%E7%9C%8C%E8%A3%BE%E9%87%8E%E5%B8%82%E4%BD%90%E9%87%8E1039%20%E3%83%9E%E3%83%83%E3%82%AF%E3%82%B9%E3%83%90%E3%83%AA%E3%83%A5%E3%83%99%E3%83%AB%E3%82%B7%E3%83%86%E3%82%A3%E8%A3%BE%E9%87%8E%E5%BA%971%E9%9A%8E,2026-10-08,https://dcd.aikatsu.com/encore/pdf/shoplist.pdf,官方列出的設置店；未逐店確認現場稼動、台數與卡片庫存。地址定位尚未逐點核對。
ビックカメラ浜松店,日本 静岡県浜松市中区砂山町３２２－１,静岡県,中部,053-455-1111,https://www.google.com/maps/search/?api=1&query=%E3%83%93%E3%83%83%E3%82%AF%E3%82%AB%E3%83%A1%E3%83%A9%E6%B5%9C%E6%9D%BE%E5%BA%97%20%E9%9D%99%E5%B2%A1%E7%9C%8C%E6%B5%9C%E6%9D%BE%E5%B8%82%E4%B8%AD%E5%8C%BA%E7%A0%82%E5%B1%B1%E7%94%BA%EF%BC%93%EF%BC%92%EF%BC%92%EF%BC%8D%EF%BC%91,2026-10-08,https://dcd.aikatsu.com/encore/pdf/shoplist.pdf,官方列出的設置店；未逐店確認現場稼動、台數與卡片庫存。地址定位尚未逐點核對。
アピタ島田,日本 静岡県島田市宝来町８－２,静岡県,中部,0547-33-0811,https://www.google.com/maps/search/?api=1&query=%E3%82%A2%E3%83%94%E3%82%BF%E5%B3%B6%E7%94%B0%20%E9%9D%99%E5%B2%A1%E7%9C%8C%E5%B3%B6%E7%94%B0%E5%B8%82%E5%AE%9D%E6%9D%A5%E7%94%BA%EF%BC%98%EF%BC%8D%EF%BC%92,2026-10-08,https://dcd.aikatsu.com/encore/pdf/shoplist.pdf,官方列出的設置店；未逐店確認現場稼動、台數與卡片庫存。地址定位尚未逐點核對。
エディオンサントムーン柿田川,日本 静岡県駿東郡清水町伏見５８－１,静岡県,中部,055-983-6711,https://www.google.com/maps/search/?api=1&query=%E3%82%A8%E3%83%87%E3%82%A3%E3%82%AA%E3%83%B3%E3%82%B5%E3%83%B3%E3%83%88%E3%83%A0%E3%83%BC%E3%83%B3%E6%9F%BF%E7%94%B0%E5%B7%9D%20%E9%9D%99%E5%B2%A1%E7%9C%8C%E9%A7%BF%E6%9D%B1%E9%83%A1%E6%B8%85%E6%B0%B4%E7%94%BA%E4%BC%8F%E8%A6%8B%EF%BC%95%EF%BC%98%EF%BC%8D%EF%BC%91,2026-10-08,https://dcd.aikatsu.com/encore/pdf/shoplist.pdf,官方列出的設置店；未逐店確認現場稼動、台數與卡片庫存。地址定位尚未逐點核對。
ミシマトイス,日本 静岡県三島市本町３－３５,静岡県,中部,0559-75-0092,https://www.google.com/maps/search/?api=1&query=%E3%83%9F%E3%82%B7%E3%83%9E%E3%83%88%E3%82%A4%E3%82%B9%20%E9%9D%99%E5%B2%A1%E7%9C%8C%E4%B8%89%E5%B3%B6%E5%B8%82%E6%9C%AC%E7%94%BA%EF%BC%93%EF%BC%8D%EF%BC%93%EF%BC%95,2026-10-08,https://dcd.aikatsu.com/encore/pdf/shoplist.pdf,官方列出的設置店；未逐店確認現場稼動、台數與卡片庫存。地址定位尚未逐點核對。
マミー二枚橋,日本 静岡県御殿場市二枚橋２７５－２,静岡県,中部,0550-81-0270,https://www.google.com/maps/search/?api=1&query=%E3%83%9E%E3%83%9F%E3%83%BC%E4%BA%8C%E6%9E%9A%E6%A9%8B%20%E9%9D%99%E5%B2%A1%E7%9C%8C%E5%BE%A1%E6%AE%BF%E5%A0%B4%E5%B8%82%E4%BA%8C%E6%9E%9A%E6%A9%8B%EF%BC%92%EF%BC%97%EF%BC%95%EF%BC%8D%EF%BC%92,2026-10-08,https://dcd.aikatsu.com/encore/pdf/shoplist.pdf,官方列出的設置店；未逐店確認現場稼動、台數與卡片庫存。地址定位尚未逐點核對。
イトーヨーカドー三島店,日本 静岡県三島市中田町９－３０,静岡県,中部,0559-81-6111,https://www.google.com/maps/search/?api=1&query=%E3%82%A4%E3%83%88%E3%83%BC%E3%83%A8%E3%83%BC%E3%82%AB%E3%83%89%E3%83%BC%E4%B8%89%E5%B3%B6%E5%BA%97%20%E9%9D%99%E5%B2%A1%E7%9C%8C%E4%B8%89%E5%B3%B6%E5%B8%82%E4%B8%AD%E7%94%B0%E7%94%BA%EF%BC%99%EF%BC%8D%EF%BC%93%EF%BC%90,2026-10-08,https://dcd.aikatsu.com/encore/pdf/shoplist.pdf,官方列出的設置店；未逐店確認現場稼動、台數與卡片庫存。地址定位尚未逐點核對。
GiGOアピタ島田,日本 静岡県島田市宝来町8-2 ｱﾋﾟﾀ島田店 2F,静岡県,中部,070-1242-4109,https://www.google.com/maps/search/?api=1&query=GiGO%E3%82%A2%E3%83%94%E3%82%BF%E5%B3%B6%E7%94%B0%20%E9%9D%99%E5%B2%A1%E7%9C%8C%E5%B3%B6%E7%94%B0%E5%B8%82%E5%AE%9D%E6%9D%A5%E7%94%BA8-2%20%EF%BD%B1%EF%BE%8B%EF%BE%9F%EF%BE%80%E5%B3%B6%E7%94%B0%E5%BA%97%202F,2026-10-08,https://dcd.aikatsu.com/encore/pdf/shoplist.pdf,官方列出的設置店；未逐店確認現場稼動、台數與卡片庫存。地址定位尚未逐點核對。
GiGO掛川,日本 静岡県掛川市細田248,静岡県,中部,070-1459-3071,https://www.google.com/maps/search/?api=1&query=GiGO%E6%8E%9B%E5%B7%9D%20%E9%9D%99%E5%B2%A1%E7%9C%8C%E6%8E%9B%E5%B7%9D%E5%B8%82%E7%B4%B0%E7%94%B0248,2026-10-08,https://dcd.aikatsu.com/encore/pdf/shoplist.pdf,官方列出的設置店；未逐店確認現場稼動、台數與卡片庫存。地址定位尚未逐點核對。
GiGOサントムーンオアシス,日本 静岡県駿東郡清水町伏見52-1 サントムーンオアシス3階,静岡県,中部,070-1458-3407,https://www.google.com/maps/search/?api=1&query=GiGO%E3%82%B5%E3%83%B3%E3%83%88%E3%83%A0%E3%83%BC%E3%83%B3%E3%82%AA%E3%82%A2%E3%82%B7%E3%82%B9%20%E9%9D%99%E5%B2%A1%E7%9C%8C%E9%A7%BF%E6%9D%B1%E9%83%A1%E6%B8%85%E6%B0%B4%E7%94%BA%E4%BC%8F%E8%A6%8B52-1%20%E3%82%B5%E3%83%B3%E3%83%88%E3%83%A0%E3%83%BC%E3%83%B3%E3%82%AA%E3%82%A2%E3%82%B7%E3%82%B93%E9%9A%8E,2026-10-08,https://dcd.aikatsu.com/encore/pdf/shoplist.pdf,官方列出的設置店；未逐店確認現場稼動、台數與卡片庫存。地址定位尚未逐點核對。
キッズトレイン富士,日本 静岡県富士市八幡町6-3マックスバリュ富士八幡町店1Fゲームコーナー,静岡県,中部,070-2641-7530,https://www.google.com/maps/search/?api=1&query=%E3%82%AD%E3%83%83%E3%82%BA%E3%83%88%E3%83%AC%E3%82%A4%E3%83%B3%E5%AF%8C%E5%A3%AB%20%E9%9D%99%E5%B2%A1%E7%9C%8C%E5%AF%8C%E5%A3%AB%E5%B8%82%E5%85%AB%E5%B9%A1%E7%94%BA6-3%E3%83%9E%E3%83%83%E3%82%AF%E3%82%B9%E3%83%90%E3%83%AA%E3%83%A5%E5%AF%8C%E5%A3%AB%E5%85%AB%E5%B9%A1%E7%94%BA%E5%BA%971F%E3%82%B2%E3%83%BC%E3%83%A0%E3%82%B3%E3%83%BC%E3%83%8A%E3%83%BC,2026-10-08,https://dcd.aikatsu.com/encore/pdf/shoplist.pdf,官方列出的設置店；未逐店確認現場稼動、台數與卡片庫存。地址定位尚未逐點核對。
キッズトレイン伊東,日本 静岡県伊東市玖須美元和田720-143伊東ショッピングプラザデュオ2F,静岡県,中部,0557-38-0162,https://www.google.com/maps/search/?api=1&query=%E3%82%AD%E3%83%83%E3%82%BA%E3%83%88%E3%83%AC%E3%82%A4%E3%83%B3%E4%BC%8A%E6%9D%B1%20%E9%9D%99%E5%B2%A1%E7%9C%8C%E4%BC%8A%E6%9D%B1%E5%B8%82%E7%8E%96%E9%A0%88%E7%BE%8E%E5%85%83%E5%92%8C%E7%94%B0720-143%E4%BC%8A%E6%9D%B1%E3%82%B7%E3%83%A7%E3%83%83%E3%83%94%E3%83%B3%E3%82%B0%E3%83%97%E3%83%A9%E3%82%B6%E3%83%87%E3%83%A5%E3%82%AA2F,2026-10-08,https://dcd.aikatsu.com/encore/pdf/shoplist.pdf,官方列出的設置店；未逐店確認現場稼動、台數與卡片庫存。地址定位尚未逐點核對。
アミュージアム清水店,日本 静岡県静岡市清水区入船町13-15エスパルスドリームプラザ3F,静岡県,中部,0543-53-9000,https://www.google.com/maps/search/?api=1&query=%E3%82%A2%E3%83%9F%E3%83%A5%E3%83%BC%E3%82%B8%E3%82%A2%E3%83%A0%E6%B8%85%E6%B0%B4%E5%BA%97%20%E9%9D%99%E5%B2%A1%E7%9C%8C%E9%9D%99%E5%B2%A1%E5%B8%82%E6%B8%85%E6%B0%B4%E5%8C%BA%E5%85%A5%E8%88%B9%E7%94%BA13-15%E3%82%A8%E3%82%B9%E3%83%91%E3%83%AB%E3%82%B9%E3%83%89%E3%83%AA%E3%83%BC%E3%83%A0%E3%83%97%E3%83%A9%E3%82%B63F,2026-10-08,https://dcd.aikatsu.com/encore/pdf/shoplist.pdf,官方列出的設置店；未逐店確認現場稼動、台數與卡片庫存。地址定位尚未逐點核對。
アミュージアムMEGAドン・キホーテ浜松可美店,日本 静岡県浜松市中央区東若林町１１−１,静岡県,中部,080-9027-7987,https://www.google.com/maps/search/?api=1&query=%E3%82%A2%E3%83%9F%E3%83%A5%E3%83%BC%E3%82%B8%E3%82%A2%E3%83%A0MEGA%E3%83%89%E3%83%B3%E3%83%BB%E3%82%AD%E3%83%9B%E3%83%BC%E3%83%86%E6%B5%9C%E6%9D%BE%E5%8F%AF%E7%BE%8E%E5%BA%97%20%E9%9D%99%E5%B2%A1%E7%9C%8C%E6%B5%9C%E6%9D%BE%E5%B8%82%E4%B8%AD%E5%A4%AE%E5%8C%BA%E6%9D%B1%E8%8B%A5%E6%9E%97%E7%94%BA%EF%BC%91%EF%BC%91%E2%88%92%EF%BC%91,2026-10-08,https://dcd.aikatsu.com/encore/pdf/shoplist.pdf,官方列出的設置店；未逐店確認現場稼動、台數與卡片庫存。地址定位尚未逐點核對。
AMUSEMENT PARK(静岡店),日本 静岡県静岡市葵区柚木191MARKIS静岡3階,静岡県,中部,054-655-6661,https://www.google.com/maps/search/?api=1&query=AMUSEMENT%20PARK%28%E9%9D%99%E5%B2%A1%E5%BA%97%29%20%E9%9D%99%E5%B2%A1%E7%9C%8C%E9%9D%99%E5%B2%A1%E5%B8%82%E8%91%B5%E5%8C%BA%E6%9F%9A%E6%9C%A8191MARKIS%E9%9D%99%E5%B2%A13%E9%9A%8E,2026-10-08,https://dcd.aikatsu.com/encore/pdf/shoplist.pdf,官方列出的設置店；未逐店確認現場稼動、台數與卡片庫存。地址定位尚未逐點核對。
プラサカプコン志都呂店,日本 静岡県浜松市中央区志都呂2-37-1イオンモール浜松志都呂3階,静岡県,中部,053-401-4245,https://www.google.com/maps/search/?api=1&query=%E3%83%97%E3%83%A9%E3%82%B5%E3%82%AB%E3%83%97%E3%82%B3%E3%83%B3%E5%BF%97%E9%83%BD%E5%91%82%E5%BA%97%20%E9%9D%99%E5%B2%A1%E7%9C%8C%E6%B5%9C%E6%9D%BE%E5%B8%82%E4%B8%AD%E5%A4%AE%E5%8C%BA%E5%BF%97%E9%83%BD%E5%91%822-37-1%E3%82%A4%E3%82%AA%E3%83%B3%E3%83%A2%E3%83%BC%E3%83%AB%E6%B5%9C%E6%9D%BE%E5%BF%97%E9%83%BD%E5%91%823%E9%9A%8E,2026-10-08,https://dcd.aikatsu.com/encore/pdf/shoplist.pdf,官方列出的設置店；未逐店確認現場稼動、台數與卡片庫存。地址定位尚未逐點核對。
アミューズメントワールドららぽーと沼津店,日本 静岡県沼津市東椎路字東荒301-3ららぽーと沼津3F,静岡県,中部,055-929-1320,https://www.google.com/maps/search/?api=1&query=%E3%82%A2%E3%83%9F%E3%83%A5%E3%83%BC%E3%82%BA%E3%83%A1%E3%83%B3%E3%83%88%E3%83%AF%E3%83%BC%E3%83%AB%E3%83%89%E3%82%89%E3%82%89%E3%81%BD%E3%83%BC%E3%81%A8%E6%B2%BC%E6%B4%A5%E5%BA%97%20%E9%9D%99%E5%B2%A1%E7%9C%8C%E6%B2%BC%E6%B4%A5%E5%B8%82%E6%9D%B1%E6%A4%8E%E8%B7%AF%E5%AD%97%E6%9D%B1%E8%8D%92301-3%E3%82%89%E3%82%89%E3%81%BD%E3%83%BC%E3%81%A8%E6%B2%BC%E6%B4%A53F,2026-10-08,https://dcd.aikatsu.com/encore/pdf/shoplist.pdf,官方列出的設置店；未逐店確認現場稼動、台數與卡片庫存。地址定位尚未逐點核對。
サープラ沼津あそびタウン,日本 静岡県沼津市大手町1-1-5,静岡県,中部,055-926-7739,https://www.google.com/maps/search/?api=1&query=%E3%82%B5%E3%83%BC%E3%83%97%E3%83%A9%E6%B2%BC%E6%B4%A5%E3%81%82%E3%81%9D%E3%81%B3%E3%82%BF%E3%82%A6%E3%83%B3%20%E9%9D%99%E5%B2%A1%E7%9C%8C%E6%B2%BC%E6%B4%A5%E5%B8%82%E5%A4%A7%E6%89%8B%E7%94%BA1-1-5,2026-10-08,https://dcd.aikatsu.com/encore/pdf/shoplist.pdf,官方列出的設置店；未逐店確認現場稼動、台數與卡片庫存。地址定位尚未逐點核對。
サープラ静岡あそびタウン,日本 静岡県静岡市葵区伝馬町6番地の1 けやきプラザ3F,静岡県,中部,054-260-2600,https://www.google.com/maps/search/?api=1&query=%E3%82%B5%E3%83%BC%E3%83%97%E3%83%A9%E9%9D%99%E5%B2%A1%E3%81%82%E3%81%9D%E3%81%B3%E3%82%BF%E3%82%A6%E3%83%B3%20%E9%9D%99%E5%B2%A1%E7%9C%8C%E9%9D%99%E5%B2%A1%E5%B8%82%E8%91%B5%E5%8C%BA%E4%BC%9D%E9%A6%AC%E7%94%BA6%E7%95%AA%E5%9C%B0%E3%81%AE1%20%E3%81%91%E3%82%84%E3%81%8D%E3%83%97%E3%83%A9%E3%82%B63F,2026-10-08,https://dcd.aikatsu.com/encore/pdf/shoplist.pdf,官方列出的設置店；未逐店確認現場稼動、台數與卡片庫存。地址定位尚未逐點核對。
サープラ富士あそびタウン,日本 静岡県富士市永田町2-94サープラ富士あそびタウン,静岡県,中部,0545-67-7733,https://www.google.com/maps/search/?api=1&query=%E3%82%B5%E3%83%BC%E3%83%97%E3%83%A9%E5%AF%8C%E5%A3%AB%E3%81%82%E3%81%9D%E3%81%B3%E3%82%BF%E3%82%A6%E3%83%B3%20%E9%9D%99%E5%B2%A1%E7%9C%8C%E5%AF%8C%E5%A3%AB%E5%B8%82%E6%B0%B8%E7%94%B0%E7%94%BA2-94%E3%82%B5%E3%83%BC%E3%83%97%E3%83%A9%E5%AF%8C%E5%A3%AB%E3%81%82%E3%81%9D%E3%81%B3%E3%82%BF%E3%82%A6%E3%83%B3,2026-10-08,https://dcd.aikatsu.com/encore/pdf/shoplist.pdf,官方列出的設置店；未逐店確認現場稼動、台數與卡片庫存。地址定位尚未逐點核對。
サープラ焼津あそびタウン,日本 静岡県焼津市八楠3-18-5,静岡県,中部,054-628-6503,https://www.google.com/maps/search/?api=1&query=%E3%82%B5%E3%83%BC%E3%83%97%E3%83%A9%E7%84%BC%E6%B4%A5%E3%81%82%E3%81%9D%E3%81%B3%E3%82%BF%E3%82%A6%E3%83%B3%20%E9%9D%99%E5%B2%A1%E7%9C%8C%E7%84%BC%E6%B4%A5%E5%B8%82%E5%85%AB%E6%A5%A03-18-5,2026-10-08,https://dcd.aikatsu.com/encore/pdf/shoplist.pdf,官方列出的設置店；未逐店確認現場稼動、台數與卡片庫存。地址定位尚未逐點核對。
ジョイランドアミューズ原店,日本 静岡県沼津市原町中2-14-8 1F,静岡県,中部,055-968-2222,https://www.google.com/maps/search/?api=1&query=%E3%82%B8%E3%83%A7%E3%82%A4%E3%83%A9%E3%83%B3%E3%83%89%E3%82%A2%E3%83%9F%E3%83%A5%E3%83%BC%E3%82%BA%E5%8E%9F%E5%BA%97%20%E9%9D%99%E5%B2%A1%E7%9C%8C%E6%B2%BC%E6%B4%A5%E5%B8%82%E5%8E%9F%E7%94%BA%E4%B8%AD2-14-8%201F,2026-10-08,https://dcd.aikatsu.com/encore/pdf/shoplist.pdf,官方列出的設置店；未逐店確認現場稼動、台數與卡片庫存。地址定位尚未逐點核對。
タイトーステーション新浜松ザザシティ店,日本 静岡県浜松市中区鍛冶町15ザザシティ浜松西館,静岡県,中部,053-413-5256,https://www.google.com/maps/search/?api=1&query=%E3%82%BF%E3%82%A4%E3%83%88%E3%83%BC%E3%82%B9%E3%83%86%E3%83%BC%E3%82%B7%E3%83%A7%E3%83%B3%E6%96%B0%E6%B5%9C%E6%9D%BE%E3%82%B6%E3%82%B6%E3%82%B7%E3%83%86%E3%82%A3%E5%BA%97%20%E9%9D%99%E5%B2%A1%E7%9C%8C%E6%B5%9C%E6%9D%BE%E5%B8%82%E4%B8%AD%E5%8C%BA%E9%8D%9B%E5%86%B6%E7%94%BA15%E3%82%B6%E3%82%B6%E3%82%B7%E3%83%86%E3%82%A3%E6%B5%9C%E6%9D%BE%E8%A5%BF%E9%A4%A8,2026-10-08,https://dcd.aikatsu.com/encore/pdf/shoplist.pdf,官方列出的設置店；未逐店確認現場稼動、台數與卡片庫存。地址定位尚未逐點核對。
ｎａｍｃｏアピタ磐田店,日本 静岡県磐田市今之浦３－１－１１ アピタ磐田店２階,静岡県,中部,0538-86-3568,https://www.google.com/maps/search/?api=1&query=%EF%BD%8E%EF%BD%81%EF%BD%8D%EF%BD%83%EF%BD%8F%E3%82%A2%E3%83%94%E3%82%BF%E7%A3%90%E7%94%B0%E5%BA%97%20%E9%9D%99%E5%B2%A1%E7%9C%8C%E7%A3%90%E7%94%B0%E5%B8%82%E4%BB%8A%E4%B9%8B%E6%B5%A6%EF%BC%93%EF%BC%8D%EF%BC%91%EF%BC%8D%EF%BC%91%EF%BC%91%20%E3%82%A2%E3%83%94%E3%82%BF%E7%A3%90%E7%94%B0%E5%BA%97%EF%BC%92%E9%9A%8E,2026-10-08,https://dcd.aikatsu.com/encore/pdf/shoplist.pdf,官方列出的設置店；未逐店確認現場稼動、台數與卡片庫存。地址定位尚未逐點核對。
ｎａｍｃｏららぽーと磐田店,日本 静岡県磐田市高見丘１２００番地 ららぽーと磐田店２Ｆ店番２１２１０,静岡県,中部,0570-087690,https://www.google.com/maps/search/?api=1&query=%EF%BD%8E%EF%BD%81%EF%BD%8D%EF%BD%83%EF%BD%8F%E3%82%89%E3%82%89%E3%81%BD%E3%83%BC%E3%81%A8%E7%A3%90%E7%94%B0%E5%BA%97%20%E9%9D%99%E5%B2%A1%E7%9C%8C%E7%A3%90%E7%94%B0%E5%B8%82%E9%AB%98%E8%A6%8B%E4%B8%98%EF%BC%91%EF%BC%92%EF%BC%90%EF%BC%90%E7%95%AA%E5%9C%B0%20%E3%82%89%E3%82%89%E3%81%BD%E3%83%BC%E3%81%A8%E7%A3%90%E7%94%B0%E5%BA%97%EF%BC%92%EF%BC%A6%E5%BA%97%E7%95%AA%EF%BC%92%EF%BC%91%EF%BC%92%EF%BC%91%EF%BC%90,2026-10-08,https://dcd.aikatsu.com/encore/pdf/shoplist.pdf,官方列出的設置店；未逐店確認現場稼動、台數與卡片庫存。地址定位尚未逐點核對。
ｎａｍｃｏプレ葉ウォーク浜北店,日本 静岡県浜松市浜名区貴布祢１２００番地 プレ葉ウォーク浜北アピタ棟２Ｆ,静岡県,中部,053-544-7815,https://www.google.com/maps/search/?api=1&query=%EF%BD%8E%EF%BD%81%EF%BD%8D%EF%BD%83%EF%BD%8F%E3%83%97%E3%83%AC%E8%91%89%E3%82%A6%E3%82%A9%E3%83%BC%E3%82%AF%E6%B5%9C%E5%8C%97%E5%BA%97%20%E9%9D%99%E5%B2%A1%E7%9C%8C%E6%B5%9C%E6%9D%BE%E5%B8%82%E6%B5%9C%E5%90%8D%E5%8C%BA%E8%B2%B4%E5%B8%83%E7%A5%A2%EF%BC%91%EF%BC%92%EF%BC%90%EF%BC%90%E7%95%AA%E5%9C%B0%20%E3%83%97%E3%83%AC%E8%91%89%E3%82%A6%E3%82%A9%E3%83%BC%E3%82%AF%E6%B5%9C%E5%8C%97%E3%82%A2%E3%83%94%E3%82%BF%E6%A3%9F%EF%BC%92%EF%BC%A6,2026-10-08,https://dcd.aikatsu.com/encore/pdf/shoplist.pdf,官方列出的設置店；未逐店確認現場稼動、台數與卡片庫存。地址定位尚未逐點核對。
スーパーウェーブ静岡店,日本 静岡県静岡市清水区鳥坂860 フレスポ静岡2F西,静岡県,中部,054-340-5888,https://www.google.com/maps/search/?api=1&query=%E3%82%B9%E3%83%BC%E3%83%91%E3%83%BC%E3%82%A6%E3%82%A7%E3%83%BC%E3%83%96%E9%9D%99%E5%B2%A1%E5%BA%97%20%E9%9D%99%E5%B2%A1%E7%9C%8C%E9%9D%99%E5%B2%A1%E5%B8%82%E6%B8%85%E6%B0%B4%E5%8C%BA%E9%B3%A5%E5%9D%82860%20%E3%83%95%E3%83%AC%E3%82%B9%E3%83%9D%E9%9D%99%E5%B2%A12F%E8%A5%BF,2026-10-08,https://dcd.aikatsu.com/encore/pdf/shoplist.pdf,官方列出的設置店；未逐店確認現場稼動、台數與卡片庫存。地址定位尚未逐點核對。
ラウンドワン富士,日本 静岡県富士市八代町4-15,静岡県,中部,0545-51-3636,https://www.google.com/maps/search/?api=1&query=%E3%83%A9%E3%82%A6%E3%83%B3%E3%83%89%E3%83%AF%E3%83%B3%E5%AF%8C%E5%A3%AB%20%E9%9D%99%E5%B2%A1%E7%9C%8C%E5%AF%8C%E5%A3%AB%E5%B8%82%E5%85%AB%E4%BB%A3%E7%94%BA4-15,2026-10-08,https://dcd.aikatsu.com/encore/pdf/shoplist.pdf,官方列出的設置店；未逐店確認現場稼動、台數與卡片庫存。地址定位尚未逐點核對。
アピナ浜松店,日本 静岡県浜松市中央区葵西2-27-10,静岡県,中部,053-430-4800,https://www.google.com/maps/search/?api=1&query=%E3%82%A2%E3%83%94%E3%83%8A%E6%B5%9C%E6%9D%BE%E5%BA%97%20%E9%9D%99%E5%B2%A1%E7%9C%8C%E6%B5%9C%E6%9D%BE%E5%B8%82%E4%B8%AD%E5%A4%AE%E5%8C%BA%E8%91%B5%E8%A5%BF2-27-10,2026-10-08,https://dcd.aikatsu.com/encore/pdf/shoplist.pdf,官方列出的設置店；未逐店確認現場稼動、台數與卡片庫存。地址定位尚未逐點核對。
アピナ焼津店,日本 静岡県焼津市道原585シートピアYAZ焼津,静岡県,中部,054-623-8555,https://www.google.com/maps/search/?api=1&query=%E3%82%A2%E3%83%94%E3%83%8A%E7%84%BC%E6%B4%A5%E5%BA%97%20%E9%9D%99%E5%B2%A1%E7%9C%8C%E7%84%BC%E6%B4%A5%E5%B8%82%E9%81%93%E5%8E%9F585%E3%82%B7%E3%83%BC%E3%83%88%E3%83%94%E3%82%A2YAZ%E7%84%BC%E6%B4%A5,2026-10-08,https://dcd.aikatsu.com/encore/pdf/shoplist.pdf,官方列出的設置店；未逐店確認現場稼動、台數與卡片庫存。地址定位尚未逐點核對。
アピナ大須賀店,日本 静岡県掛川市西大渕3359ロックタウン,静岡県,中部,0537-63-4650,https://www.google.com/maps/search/?api=1&query=%E3%82%A2%E3%83%94%E3%83%8A%E5%A4%A7%E9%A0%88%E8%B3%80%E5%BA%97%20%E9%9D%99%E5%B2%A1%E7%9C%8C%E6%8E%9B%E5%B7%9D%E5%B8%82%E8%A5%BF%E5%A4%A7%E6%B8%953359%E3%83%AD%E3%83%83%E3%82%AF%E3%82%BF%E3%82%A6%E3%83%B3,2026-10-08,https://dcd.aikatsu.com/encore/pdf/shoplist.pdf,官方列出的設置店；未逐店確認現場稼動、台數與卡片庫存。地址定位尚未逐點核對。
アピナ磐田店,日本 静岡県磐田市西貝塚横須賀道北3690イオンタウン磐田内,静岡県,中部,0538-36-2626,https://www.google.com/maps/search/?api=1&query=%E3%82%A2%E3%83%94%E3%83%8A%E7%A3%90%E7%94%B0%E5%BA%97%20%E9%9D%99%E5%B2%A1%E7%9C%8C%E7%A3%90%E7%94%B0%E5%B8%82%E8%A5%BF%E8%B2%9D%E5%A1%9A%E6%A8%AA%E9%A0%88%E8%B3%80%E9%81%93%E5%8C%973690%E3%82%A4%E3%82%AA%E3%83%B3%E3%82%BF%E3%82%A6%E3%83%B3%E7%A3%90%E7%94%B0%E5%86%85,2026-10-08,https://dcd.aikatsu.com/encore/pdf/shoplist.pdf,官方列出的設置店；未逐店確認現場稼動、台數與卡片庫存。地址定位尚未逐點核對。
タイトーFステーションイオンモール浜松市野店,日本 静岡県浜松市中央区天王町1981-3イオンモール浜松市野2F,静岡県,中部,053-411-3047,https://www.google.com/maps/search/?api=1&query=%E3%82%BF%E3%82%A4%E3%83%88%E3%83%BCF%E3%82%B9%E3%83%86%E3%83%BC%E3%82%B7%E3%83%A7%E3%83%B3%E3%82%A4%E3%82%AA%E3%83%B3%E3%83%A2%E3%83%BC%E3%83%AB%E6%B5%9C%E6%9D%BE%E5%B8%82%E9%87%8E%E5%BA%97%20%E9%9D%99%E5%B2%A1%E7%9C%8C%E6%B5%9C%E6%9D%BE%E5%B8%82%E4%B8%AD%E5%A4%AE%E5%8C%BA%E5%A4%A9%E7%8E%8B%E7%94%BA1981-3%E3%82%A4%E3%82%AA%E3%83%B3%E3%83%A2%E3%83%BC%E3%83%AB%E6%B5%9C%E6%9D%BE%E5%B8%82%E9%87%8E2F,2026-10-08,https://dcd.aikatsu.com/encore/pdf/shoplist.pdf,官方列出的設置店；未逐店確認現場稼動、台數與卡片庫存。地址定位尚未逐點核對。
funportラフレ初生店,日本 静岡県浜松市中央区初生町626-1,静岡県,中部,053-522-7879,https://www.google.com/maps/search/?api=1&query=funport%E3%83%A9%E3%83%95%E3%83%AC%E5%88%9D%E7%94%9F%E5%BA%97%20%E9%9D%99%E5%B2%A1%E7%9C%8C%E6%B5%9C%E6%9D%BE%E5%B8%82%E4%B8%AD%E5%A4%AE%E5%8C%BA%E5%88%9D%E7%94%9F%E7%94%BA626-1,2026-10-08,https://dcd.aikatsu.com/encore/pdf/shoplist.pdf,官方列出的設置店；未逐店確認現場稼動、台數與卡片庫存。地址定位尚未逐點核對。
ポート24浜松店,日本 静岡県浜松市中央区坪井町4183ポート24浜松,静岡県,中部,053-440-5588,https://www.google.com/maps/search/?api=1&query=%E3%83%9D%E3%83%BC%E3%83%8824%E6%B5%9C%E6%9D%BE%E5%BA%97%20%E9%9D%99%E5%B2%A1%E7%9C%8C%E6%B5%9C%E6%9D%BE%E5%B8%82%E4%B8%AD%E5%A4%AE%E5%8C%BA%E5%9D%AA%E4%BA%95%E7%94%BA4183%E3%83%9D%E3%83%BC%E3%83%8824%E6%B5%9C%E6%9D%BE,2026-10-08,https://dcd.aikatsu.com/encore/pdf/shoplist.pdf,官方列出的設置店；未逐店確認現場稼動、台數與卡片庫存。地址定位尚未逐點核對。
ファンタジープラザ富士吉原店,日本 静岡県富士市国久保２丁目1番10号 MEGAドン･キホーテUNY富士吉原店2階,静岡県,中部,0545-51-2771,https://www.google.com/maps/search/?api=1&query=%E3%83%95%E3%82%A1%E3%83%B3%E3%82%BF%E3%82%B8%E3%83%BC%E3%83%97%E3%83%A9%E3%82%B6%E5%AF%8C%E5%A3%AB%E5%90%89%E5%8E%9F%E5%BA%97%20%E9%9D%99%E5%B2%A1%E7%9C%8C%E5%AF%8C%E5%A3%AB%E5%B8%82%E5%9B%BD%E4%B9%85%E4%BF%9D%EF%BC%92%E4%B8%81%E7%9B%AE1%E7%95%AA10%E5%8F%B7%20MEGA%E3%83%89%E3%83%B3%EF%BD%A5%E3%82%AD%E3%83%9B%E3%83%BC%E3%83%86UNY%E5%AF%8C%E5%A3%AB%E5%90%89%E5%8E%9F%E5%BA%972%E9%9A%8E,2026-10-08,https://dcd.aikatsu.com/encore/pdf/shoplist.pdf,官方列出的設置店；未逐店確認現場稼動、台數與卡片庫存。地址定位尚未逐點核對。
ゲーム・キング・ジョイ,日本 愛知県名古屋市中区栄3-3-32,愛知県,中部,052-241-9515,https://www.google.com/maps/search/?api=1&query=%E3%82%B2%E3%83%BC%E3%83%A0%E3%83%BB%E3%82%AD%E3%83%B3%E3%82%B0%E3%83%BB%E3%82%B8%E3%83%A7%E3%82%A4%20%E6%84%9B%E7%9F%A5%E7%9C%8C%E5%90%8D%E5%8F%A4%E5%B1%8B%E5%B8%82%E4%B8%AD%E5%8C%BA%E6%A0%843-3-32,2026-10-08,https://dcd.aikatsu.com/encore/pdf/shoplist.pdf,官方列出的設置店；未逐店確認現場稼動、台數與卡片庫存。地址定位尚未逐點核對。
クレーン横丁 極 春日井店,日本 愛知県春日井市柏井町4-17 イオン春日井ショッピングセンター4階,愛知県,中部,070-3100-5063,https://www.google.com/maps/search/?api=1&query=%E3%82%AF%E3%83%AC%E3%83%BC%E3%83%B3%E6%A8%AA%E4%B8%81%20%E6%A5%B5%20%E6%98%A5%E6%97%A5%E4%BA%95%E5%BA%97%20%E6%84%9B%E7%9F%A5%E7%9C%8C%E6%98%A5%E6%97%A5%E4%BA%95%E5%B8%82%E6%9F%8F%E4%BA%95%E7%94%BA4-17%20%E3%82%A4%E3%82%AA%E3%83%B3%E6%98%A5%E6%97%A5%E4%BA%95%E3%82%B7%E3%83%A7%E3%83%83%E3%83%94%E3%83%B3%E3%82%B0%E3%82%BB%E3%83%B3%E3%82%BF%E3%83%BC4%E9%9A%8E,2026-10-08,https://dcd.aikatsu.com/encore/pdf/shoplist.pdf,官方列出的設置店；未逐店確認現場稼動、台數與卡片庫存。地址定位尚未逐點核對。
モーリーファンタジー半田店,日本 愛知県半田市有楽町8-7 イオン半田店2階,愛知県,中部,070-3100-3583,https://www.google.com/maps/search/?api=1&query=%E3%83%A2%E3%83%BC%E3%83%AA%E3%83%BC%E3%83%95%E3%82%A1%E3%83%B3%E3%82%BF%E3%82%B8%E3%83%BC%E5%8D%8A%E7%94%B0%E5%BA%97%20%E6%84%9B%E7%9F%A5%E7%9C%8C%E5%8D%8A%E7%94%B0%E5%B8%82%E6%9C%89%E6%A5%BD%E7%94%BA8-7%20%E3%82%A4%E3%82%AA%E3%83%B3%E5%8D%8A%E7%94%B0%E5%BA%972%E9%9A%8E,2026-10-08,https://dcd.aikatsu.com/encore/pdf/shoplist.pdf,官方列出的設置店；未逐店確認現場稼動、台數與卡片庫存。地址定位尚未逐點核對。
モーリーファンタジーイオン岡崎店,日本 愛知県岡崎市戸崎町字ばら山1-1 イオンスタイル岡崎店3階,愛知県,中部,070-3100-3616,https://www.google.com/maps/search/?api=1&query=%E3%83%A2%E3%83%BC%E3%83%AA%E3%83%BC%E3%83%95%E3%82%A1%E3%83%B3%E3%82%BF%E3%82%B8%E3%83%BC%E3%82%A4%E3%82%AA%E3%83%B3%E5%B2%A1%E5%B4%8E%E5%BA%97%20%E6%84%9B%E7%9F%A5%E7%9C%8C%E5%B2%A1%E5%B4%8E%E5%B8%82%E6%88%B8%E5%B4%8E%E7%94%BA%E5%AD%97%E3%81%B0%E3%82%89%E5%B1%B11-1%20%E3%82%A4%E3%82%AA%E3%83%B3%E3%82%B9%E3%82%BF%E3%82%A4%E3%83%AB%E5%B2%A1%E5%B4%8E%E5%BA%973%E9%9A%8E,2026-10-08,https://dcd.aikatsu.com/encore/pdf/shoplist.pdf,官方列出的設置店；未逐店確認現場稼動、台數與卡片庫存。地址定位尚未逐點核對。
モーリーファンタジー豊橋南店,日本 愛知県豊橋市野依町字落合1-12 イオン豊橋南店2階,愛知県,中部,070-3100-3598,https://www.google.com/maps/search/?api=1&query=%E3%83%A2%E3%83%BC%E3%83%AA%E3%83%BC%E3%83%95%E3%82%A1%E3%83%B3%E3%82%BF%E3%82%B8%E3%83%BC%E8%B1%8A%E6%A9%8B%E5%8D%97%E5%BA%97%20%E6%84%9B%E7%9F%A5%E7%9C%8C%E8%B1%8A%E6%A9%8B%E5%B8%82%E9%87%8E%E4%BE%9D%E7%94%BA%E5%AD%97%E8%90%BD%E5%90%881-12%20%E3%82%A4%E3%82%AA%E3%83%B3%E8%B1%8A%E6%A9%8B%E5%8D%97%E5%BA%972%E9%9A%8E,2026-10-08,https://dcd.aikatsu.com/encore/pdf/shoplist.pdf,官方列出的設置店；未逐店確認現場稼動、台數與卡片庫存。地址定位尚未逐點核對。
モーリーファンタジー守山店,日本 愛知県名古屋市守山区笹ヶ根3-1228 イオン守山店2階,愛知県,中部,070-3100-3358,https://www.google.com/maps/search/?api=1&query=%E3%83%A2%E3%83%BC%E3%83%AA%E3%83%BC%E3%83%95%E3%82%A1%E3%83%B3%E3%82%BF%E3%82%B8%E3%83%BC%E5%AE%88%E5%B1%B1%E5%BA%97%20%E6%84%9B%E7%9F%A5%E7%9C%8C%E5%90%8D%E5%8F%A4%E5%B1%8B%E5%B8%82%E5%AE%88%E5%B1%B1%E5%8C%BA%E7%AC%B9%E3%83%B6%E6%A0%B93-1228%20%E3%82%A4%E3%82%AA%E3%83%B3%E5%AE%88%E5%B1%B1%E5%BA%972%E9%9A%8E,2026-10-08,https://dcd.aikatsu.com/encore/pdf/shoplist.pdf,官方列出的設置店；未逐店確認現場稼動、台數與卡片庫存。地址定位尚未逐點核對。
モーリーファンタジー三好店,日本 愛知県みよし市三好町青木91番地 イオン三好店2階,愛知県,中部,070-3100-3403,https://www.google.com/maps/search/?api=1&query=%E3%83%A2%E3%83%BC%E3%83%AA%E3%83%BC%E3%83%95%E3%82%A1%E3%83%B3%E3%82%BF%E3%82%B8%E3%83%BC%E4%B8%89%E5%A5%BD%E5%BA%97%20%E6%84%9B%E7%9F%A5%E7%9C%8C%E3%81%BF%E3%82%88%E3%81%97%E5%B8%82%E4%B8%89%E5%A5%BD%E7%94%BA%E9%9D%92%E6%9C%A891%E7%95%AA%E5%9C%B0%20%E3%82%A4%E3%82%AA%E3%83%B3%E4%B8%89%E5%A5%BD%E5%BA%972%E9%9A%8E,2026-10-08,https://dcd.aikatsu.com/encore/pdf/shoplist.pdf,官方列出的設置店；未逐店確認現場稼動、台數與卡片庫存。地址定位尚未逐點核對。
モーリーファンタジー熱田店,日本 愛知県名古屋市熱田区六野一丁目2番11号 イオン熱田店2階,愛知県,中部,070-3100-3398,https://www.google.com/maps/search/?api=1&query=%E3%83%A2%E3%83%BC%E3%83%AA%E3%83%BC%E3%83%95%E3%82%A1%E3%83%B3%E3%82%BF%E3%82%B8%E3%83%BC%E7%86%B1%E7%94%B0%E5%BA%97%20%E6%84%9B%E7%9F%A5%E7%9C%8C%E5%90%8D%E5%8F%A4%E5%B1%8B%E5%B8%82%E7%86%B1%E7%94%B0%E5%8C%BA%E5%85%AD%E9%87%8E%E4%B8%80%E4%B8%81%E7%9B%AE2%E7%95%AA11%E5%8F%B7%20%E3%82%A4%E3%82%AA%E3%83%B3%E7%86%B1%E7%94%B0%E5%BA%972%E9%9A%8E,2026-10-08,https://dcd.aikatsu.com/encore/pdf/shoplist.pdf,官方列出的設置店；未逐店確認現場稼動、台數與卡片庫存。地址定位尚未逐點核對。
モーリーファンタジー瀬戸みずの店,日本 愛知県瀬戸市みずの坂2丁目253番地 イオン瀬戸みずの店2階,愛知県,中部,070-3100-3321,https://www.google.com/maps/search/?api=1&query=%E3%83%A2%E3%83%BC%E3%83%AA%E3%83%BC%E3%83%95%E3%82%A1%E3%83%B3%E3%82%BF%E3%82%B8%E3%83%BC%E7%80%AC%E6%88%B8%E3%81%BF%E3%81%9A%E3%81%AE%E5%BA%97%20%E6%84%9B%E7%9F%A5%E7%9C%8C%E7%80%AC%E6%88%B8%E5%B8%82%E3%81%BF%E3%81%9A%E3%81%AE%E5%9D%822%E4%B8%81%E7%9B%AE253%E7%95%AA%E5%9C%B0%20%E3%82%A4%E3%82%AA%E3%83%B3%E7%80%AC%E6%88%B8%E3%81%BF%E3%81%9A%E3%81%AE%E5%BA%972%E9%9A%8E,2026-10-08,https://dcd.aikatsu.com/encore/pdf/shoplist.pdf,官方列出的設置店；未逐店確認現場稼動、台數與卡片庫存。地址定位尚未逐點核對。
モーリーファンタジー東浦店,日本 愛知県知多郡東浦町大字緒川字旭13-2 イオン東浦店1階,愛知県,中部,070-3100-3341,https://www.google.com/maps/search/?api=1&query=%E3%83%A2%E3%83%BC%E3%83%AA%E3%83%BC%E3%83%95%E3%82%A1%E3%83%B3%E3%82%BF%E3%82%B8%E3%83%BC%E6%9D%B1%E6%B5%A6%E5%BA%97%20%E6%84%9B%E7%9F%A5%E7%9C%8C%E7%9F%A5%E5%A4%9A%E9%83%A1%E6%9D%B1%E6%B5%A6%E7%94%BA%E5%A4%A7%E5%AD%97%E7%B7%92%E5%B7%9D%E5%AD%97%E6%97%AD13-2%20%E3%82%A4%E3%82%AA%E3%83%B3%E6%9D%B1%E6%B5%A6%E5%BA%971%E9%9A%8E,2026-10-08,https://dcd.aikatsu.com/encore/pdf/shoplist.pdf,官方列出的設置店；未逐店確認現場稼動、台數與卡片庫存。地址定位尚未逐點核對。
モーリーファンタジー扶桑店,日本 愛知県丹羽郡扶桑町大字南山名字高塚5-1 イオン扶桑店2階,愛知県,中部,070-3100-4780,https://www.google.com/maps/search/?api=1&query=%E3%83%A2%E3%83%BC%E3%83%AA%E3%83%BC%E3%83%95%E3%82%A1%E3%83%B3%E3%82%BF%E3%82%B8%E3%83%BC%E6%89%B6%E6%A1%91%E5%BA%97%20%E6%84%9B%E7%9F%A5%E7%9C%8C%E4%B8%B9%E7%BE%BD%E9%83%A1%E6%89%B6%E6%A1%91%E7%94%BA%E5%A4%A7%E5%AD%97%E5%8D%97%E5%B1%B1%E5%90%8D%E5%AD%97%E9%AB%98%E5%A1%9A5-1%20%E3%82%A4%E3%82%AA%E3%83%B3%E6%89%B6%E6%A1%91%E5%BA%972%E9%9A%8E,2026-10-08,https://dcd.aikatsu.com/encore/pdf/shoplist.pdf,官方列出的設置店；未逐店確認現場稼動、台數與卡片庫存。地址定位尚未逐點核對。
モーリーファンタジー木曽川店,日本 愛知県一宮市木曽川町黒田字南八ツヶ池25-1 イオン木曽川店2階,愛知県,中部,070-3100-4804,https://www.google.com/maps/search/?api=1&query=%E3%83%A2%E3%83%BC%E3%83%AA%E3%83%BC%E3%83%95%E3%82%A1%E3%83%B3%E3%82%BF%E3%82%B8%E3%83%BC%E6%9C%A8%E6%9B%BD%E5%B7%9D%E5%BA%97%20%E6%84%9B%E7%9F%A5%E7%9C%8C%E4%B8%80%E5%AE%AE%E5%B8%82%E6%9C%A8%E6%9B%BD%E5%B7%9D%E7%94%BA%E9%BB%92%E7%94%B0%E5%AD%97%E5%8D%97%E5%85%AB%E3%83%84%E3%83%B6%E6%B1%A025-1%20%E3%82%A4%E3%82%AA%E3%83%B3%E6%9C%A8%E6%9B%BD%E5%B7%9D%E5%BA%972%E9%9A%8E,2026-10-08,https://dcd.aikatsu.com/encore/pdf/shoplist.pdf,官方列出的設置店；未逐店確認現場稼動、台數與卡片庫存。地址定位尚未逐點核對。
モーリーファンタジーナゴヤドーム前店,日本 愛知県名古屋市東区矢田南4丁目102番地の3 イオンナゴヤドーム前店3階,愛知県,中部,070-3100-4753,https://www.google.com/maps/search/?api=1&query=%E3%83%A2%E3%83%BC%E3%83%AA%E3%83%BC%E3%83%95%E3%82%A1%E3%83%B3%E3%82%BF%E3%82%B8%E3%83%BC%E3%83%8A%E3%82%B4%E3%83%A4%E3%83%89%E3%83%BC%E3%83%A0%E5%89%8D%E5%BA%97%20%E6%84%9B%E7%9F%A5%E7%9C%8C%E5%90%8D%E5%8F%A4%E5%B1%8B%E5%B8%82%E6%9D%B1%E5%8C%BA%E7%9F%A2%E7%94%B0%E5%8D%974%E4%B8%81%E7%9B%AE102%E7%95%AA%E5%9C%B0%E3%81%AE3%20%E3%82%A4%E3%82%AA%E3%83%B3%E3%83%8A%E3%82%B4%E3%83%A4%E3%83%89%E3%83%BC%E3%83%A0%E5%89%8D%E5%BA%973%E9%9A%8E,2026-10-08,https://dcd.aikatsu.com/encore/pdf/shoplist.pdf,官方列出的設置店；未逐店確認現場稼動、台數與卡片庫存。地址定位尚未逐點核對。
モーリーファンタジー大高店,日本 愛知県名古屋市緑区大高町字奥平子1-1 イオン大高店3階,愛知県,中部,070-3100-4858,https://www.google.com/maps/search/?api=1&query=%E3%83%A2%E3%83%BC%E3%83%AA%E3%83%BC%E3%83%95%E3%82%A1%E3%83%B3%E3%82%BF%E3%82%B8%E3%83%BC%E5%A4%A7%E9%AB%98%E5%BA%97%20%E6%84%9B%E7%9F%A5%E7%9C%8C%E5%90%8D%E5%8F%A4%E5%B1%8B%E5%B8%82%E7%B7%91%E5%8C%BA%E5%A4%A7%E9%AB%98%E7%94%BA%E5%AD%97%E5%A5%A5%E5%B9%B3%E5%AD%901-1%20%E3%82%A4%E3%82%AA%E3%83%B3%E5%A4%A7%E9%AB%98%E5%BA%973%E9%9A%8E,2026-10-08,https://dcd.aikatsu.com/encore/pdf/shoplist.pdf,官方列出的設置店；未逐店確認現場稼動、台數與卡片庫存。地址定位尚未逐點核對。
モーリーファンタジーワンダーシティ店,日本 愛知県名古屋市西区二方町40 イオンワンダーシティ店3階,愛知県,中部,070-3100-4817,https://www.google.com/maps/search/?api=1&query=%E3%83%A2%E3%83%BC%E3%83%AA%E3%83%BC%E3%83%95%E3%82%A1%E3%83%B3%E3%82%BF%E3%82%B8%E3%83%BC%E3%83%AF%E3%83%B3%E3%83%80%E3%83%BC%E3%82%B7%E3%83%86%E3%82%A3%E5%BA%97%20%E6%84%9B%E7%9F%A5%E7%9C%8C%E5%90%8D%E5%8F%A4%E5%B1%8B%E5%B8%82%E8%A5%BF%E5%8C%BA%E4%BA%8C%E6%96%B9%E7%94%BA40%20%E3%82%A4%E3%82%AA%E3%83%B3%E3%83%AF%E3%83%B3%E3%83%80%E3%83%BC%E3%82%B7%E3%83%86%E3%82%A3%E5%BA%973%E9%9A%8E,2026-10-08,https://dcd.aikatsu.com/encore/pdf/shoplist.pdf,官方列出的設置店；未逐店確認現場稼動、台數與卡片庫存。地址定位尚未逐點核對。
モーリーファンタジー新瑞橋店,日本 愛知県名古屋市南区菊住1丁目7-10 イオン新瑞橋店3階,愛知県,中部,070-3100-5209,https://www.google.com/maps/search/?api=1&query=%E3%83%A2%E3%83%BC%E3%83%AA%E3%83%BC%E3%83%95%E3%82%A1%E3%83%B3%E3%82%BF%E3%82%B8%E3%83%BC%E6%96%B0%E7%91%9E%E6%A9%8B%E5%BA%97%20%E6%84%9B%E7%9F%A5%E7%9C%8C%E5%90%8D%E5%8F%A4%E5%B1%8B%E5%B8%82%E5%8D%97%E5%8C%BA%E8%8F%8A%E4%BD%8F1%E4%B8%81%E7%9B%AE7-10%20%E3%82%A4%E3%82%AA%E3%83%B3%E6%96%B0%E7%91%9E%E6%A9%8B%E5%BA%973%E9%9A%8E,2026-10-08,https://dcd.aikatsu.com/encore/pdf/shoplist.pdf,官方列出的設置店；未逐店確認現場稼動、台數與卡片庫存。地址定位尚未逐點核對。
モーリーファンタジー名古屋茶屋店,日本 愛知県名古屋市港区西茶屋2丁目11 イオン名古屋茶屋店3階,愛知県,中部,070-3100-5192,https://www.google.com/maps/search/?api=1&query=%E3%83%A2%E3%83%BC%E3%83%AA%E3%83%BC%E3%83%95%E3%82%A1%E3%83%B3%E3%82%BF%E3%82%B8%E3%83%BC%E5%90%8D%E5%8F%A4%E5%B1%8B%E8%8C%B6%E5%B1%8B%E5%BA%97%20%E6%84%9B%E7%9F%A5%E7%9C%8C%E5%90%8D%E5%8F%A4%E5%B1%8B%E5%B8%82%E6%B8%AF%E5%8C%BA%E8%A5%BF%E8%8C%B6%E5%B1%8B2%E4%B8%81%E7%9B%AE11%20%E3%82%A4%E3%82%AA%E3%83%B3%E5%90%8D%E5%8F%A4%E5%B1%8B%E8%8C%B6%E5%B1%8B%E5%BA%973%E9%9A%8E,2026-10-08,https://dcd.aikatsu.com/encore/pdf/shoplist.pdf,官方列出的設置店；未逐店確認現場稼動、台數與卡片庫存。地址定位尚未逐點核對。
モーリーファンタジー常滑店,日本 愛知県常滑市りんくう町2-20-3 イオンスタイル常滑店2階,愛知県,中部,070-3100-5183,https://www.google.com/maps/search/?api=1&query=%E3%83%A2%E3%83%BC%E3%83%AA%E3%83%BC%E3%83%95%E3%82%A1%E3%83%B3%E3%82%BF%E3%82%B8%E3%83%BC%E5%B8%B8%E6%BB%91%E5%BA%97%20%E6%84%9B%E7%9F%A5%E7%9C%8C%E5%B8%B8%E6%BB%91%E5%B8%82%E3%82%8A%E3%82%93%E3%81%8F%E3%81%86%E7%94%BA2-20-3%20%E3%82%A4%E3%82%AA%E3%83%B3%E3%82%B9%E3%82%BF%E3%82%A4%E3%83%AB%E5%B8%B8%E6%BB%91%E5%BA%972%E9%9A%8E,2026-10-08,https://dcd.aikatsu.com/encore/pdf/shoplist.pdf,官方列出的設置店；未逐店確認現場稼動、台數與卡片庫存。地址定位尚未逐點核對。
モーリーファンタジー長久手店,日本 愛知県長久手市勝入塚501 イオンスタイル長久手店3階,愛知県,中部,070-3100-5109,https://www.google.com/maps/search/?api=1&query=%E3%83%A2%E3%83%BC%E3%83%AA%E3%83%BC%E3%83%95%E3%82%A1%E3%83%B3%E3%82%BF%E3%82%B8%E3%83%BC%E9%95%B7%E4%B9%85%E6%89%8B%E5%BA%97%20%E6%84%9B%E7%9F%A5%E7%9C%8C%E9%95%B7%E4%B9%85%E6%89%8B%E5%B8%82%E5%8B%9D%E5%85%A5%E5%A1%9A501%20%E3%82%A4%E3%82%AA%E3%83%B3%E3%82%B9%E3%82%BF%E3%82%A4%E3%83%AB%E9%95%B7%E4%B9%85%E6%89%8B%E5%BA%973%E9%9A%8E,2026-10-08,https://dcd.aikatsu.com/encore/pdf/shoplist.pdf,官方列出的設置店；未逐店確認現場稼動、台數與卡片庫存。地址定位尚未逐點核對。
モーリーファンタジー豊田店,日本 愛知県豊田市広路1-1 イオンスタイル豊田店3階,愛知県,中部,070-3100-4619,https://www.google.com/maps/search/?api=1&query=%E3%83%A2%E3%83%BC%E3%83%AA%E3%83%BC%E3%83%95%E3%82%A1%E3%83%B3%E3%82%BF%E3%82%B8%E3%83%BC%E8%B1%8A%E7%94%B0%E5%BA%97%20%E6%84%9B%E7%9F%A5%E7%9C%8C%E8%B1%8A%E7%94%B0%E5%B8%82%E5%BA%83%E8%B7%AF1-1%20%E3%82%A4%E3%82%AA%E3%83%B3%E3%82%B9%E3%82%BF%E3%82%A4%E3%83%AB%E8%B1%8A%E7%94%B0%E5%BA%973%E9%9A%8E,2026-10-08,https://dcd.aikatsu.com/encore/pdf/shoplist.pdf,官方列出的設置店；未逐店確認現場稼動、台數與卡片庫存。地址定位尚未逐點核對。
モーリーファンタジービバホーム一宮店,日本 愛知県一宮市羽衣2-5-2 ビバホーム一宮店2階,愛知県,中部,070-3100-4109,https://www.google.com/maps/search/?api=1&query=%E3%83%A2%E3%83%BC%E3%83%AA%E3%83%BC%E3%83%95%E3%82%A1%E3%83%B3%E3%82%BF%E3%82%B8%E3%83%BC%E3%83%93%E3%83%90%E3%83%9B%E3%83%BC%E3%83%A0%E4%B8%80%E5%AE%AE%E5%BA%97%20%E6%84%9B%E7%9F%A5%E7%9C%8C%E4%B8%80%E5%AE%AE%E5%B8%82%E7%BE%BD%E8%A1%A32-5-2%20%E3%83%93%E3%83%90%E3%83%9B%E3%83%BC%E3%83%A0%E4%B8%80%E5%AE%AE%E5%BA%972%E9%9A%8E,2026-10-08,https://dcd.aikatsu.com/encore/pdf/shoplist.pdf,官方列出的設置店；未逐店確認現場稼動、台數與卡片庫存。地址定位尚未逐點核對。
モーリーファンタジーt-FACE店,日本 愛知県豊田市西町6-85-1 t-FACEＡ館8階,愛知県,中部,090-3913-1144,https://www.google.com/maps/search/?api=1&query=%E3%83%A2%E3%83%BC%E3%83%AA%E3%83%BC%E3%83%95%E3%82%A1%E3%83%B3%E3%82%BF%E3%82%B8%E3%83%BCt-FACE%E5%BA%97%20%E6%84%9B%E7%9F%A5%E7%9C%8C%E8%B1%8A%E7%94%B0%E5%B8%82%E8%A5%BF%E7%94%BA6-85-1%20t-FACE%EF%BC%A1%E9%A4%A88%E9%9A%8E,2026-10-08,https://dcd.aikatsu.com/encore/pdf/shoplist.pdf,官方列出的設置店；未逐店確認現場稼動、台數與卡片庫存。地址定位尚未逐點核對。
モーリーファンタジー新豊川店,日本 愛知県豊川市白鳥町兎足1-16 イオンモール豊川3階,愛知県,中部,070-3100-4234,https://www.google.com/maps/search/?api=1&query=%E3%83%A2%E3%83%BC%E3%83%AA%E3%83%BC%E3%83%95%E3%82%A1%E3%83%B3%E3%82%BF%E3%82%B8%E3%83%BC%E6%96%B0%E8%B1%8A%E5%B7%9D%E5%BA%97%20%E6%84%9B%E7%9F%A5%E7%9C%8C%E8%B1%8A%E5%B7%9D%E5%B8%82%E7%99%BD%E9%B3%A5%E7%94%BA%E5%85%8E%E8%B6%B31-16%20%E3%82%A4%E3%82%AA%E3%83%B3%E3%83%A2%E3%83%BC%E3%83%AB%E8%B1%8A%E5%B7%9D3%E9%9A%8E,2026-10-08,https://dcd.aikatsu.com/encore/pdf/shoplist.pdf,官方列出的設置店；未逐店確認現場稼動、台數與卡片庫存。地址定位尚未逐點核對。
モーリーファンタジー豊川開運通店,日本 愛知県豊川市開運通り2-31 イオン豊川店2階,愛知県,中部,070-3100-4110,https://www.google.com/maps/search/?api=1&query=%E3%83%A2%E3%83%BC%E3%83%AA%E3%83%BC%E3%83%95%E3%82%A1%E3%83%B3%E3%82%BF%E3%82%B8%E3%83%BC%E8%B1%8A%E5%B7%9D%E9%96%8B%E9%81%8B%E9%80%9A%E5%BA%97%20%E6%84%9B%E7%9F%A5%E7%9C%8C%E8%B1%8A%E5%B7%9D%E5%B8%82%E9%96%8B%E9%81%8B%E9%80%9A%E3%82%8A2-31%20%E3%82%A4%E3%82%AA%E3%83%B3%E8%B1%8A%E5%B7%9D%E5%BA%972%E9%9A%8E,2026-10-08,https://dcd.aikatsu.com/encore/pdf/shoplist.pdf,官方列出的設置店；未逐店確認現場稼動、台數與卡片庫存。地址定位尚未逐點核對。
モーリーファンタジー名古屋東店,日本 愛知県名古屋市名東区猪子石原2-1701 イオン名古屋東店１階,愛知県,中部,070-3100-4640,https://www.google.com/maps/search/?api=1&query=%E3%83%A2%E3%83%BC%E3%83%AA%E3%83%BC%E3%83%95%E3%82%A1%E3%83%B3%E3%82%BF%E3%82%B8%E3%83%BC%E5%90%8D%E5%8F%A4%E5%B1%8B%E6%9D%B1%E5%BA%97%20%E6%84%9B%E7%9F%A5%E7%9C%8C%E5%90%8D%E5%8F%A4%E5%B1%8B%E5%B8%82%E5%90%8D%E6%9D%B1%E5%8C%BA%E7%8C%AA%E5%AD%90%E7%9F%B3%E5%8E%9F2-1701%20%E3%82%A4%E3%82%AA%E3%83%B3%E5%90%8D%E5%8F%A4%E5%B1%8B%E6%9D%B1%E5%BA%97%EF%BC%91%E9%9A%8E,2026-10-08,https://dcd.aikatsu.com/encore/pdf/shoplist.pdf,官方列出的設置店；未逐店確認現場稼動、台數與卡片庫存。地址定位尚未逐點核對。
ＭＥＧＡドン・キホーテ豊橋,日本 愛知県豊橋市藤沢町１４１,愛知県,中部,0532-38-9211,https://www.google.com/maps/search/?api=1&query=%EF%BC%AD%EF%BC%A5%EF%BC%A7%EF%BC%A1%E3%83%89%E3%83%B3%E3%83%BB%E3%82%AD%E3%83%9B%E3%83%BC%E3%83%86%E8%B1%8A%E6%A9%8B%20%E6%84%9B%E7%9F%A5%E7%9C%8C%E8%B1%8A%E6%A9%8B%E5%B8%82%E8%97%A4%E6%B2%A2%E7%94%BA%EF%BC%91%EF%BC%94%EF%BC%91,2026-10-08,https://dcd.aikatsu.com/encore/pdf/shoplist.pdf,官方列出的設置店；未逐店確認現場稼動、台數與卡片庫存。地址定位尚未逐點核對。
アピタ安城南,日本 愛知県安城市桜井町貝戸尻６０,愛知県,中部,0566-99-6911,https://www.google.com/maps/search/?api=1&query=%E3%82%A2%E3%83%94%E3%82%BF%E5%AE%89%E5%9F%8E%E5%8D%97%20%E6%84%9B%E7%9F%A5%E7%9C%8C%E5%AE%89%E5%9F%8E%E5%B8%82%E6%A1%9C%E4%BA%95%E7%94%BA%E8%B2%9D%E6%88%B8%E5%B0%BB%EF%BC%96%EF%BC%90,2026-10-08,https://dcd.aikatsu.com/encore/pdf/shoplist.pdf,官方列出的設置店；未逐店確認現場稼動、台數與卡片庫存。地址定位尚未逐點核對。
アピタ知立,日本 愛知県知立市長篠町大山１８－１,愛知県,中部,0566-85-3611,https://www.google.com/maps/search/?api=1&query=%E3%82%A2%E3%83%94%E3%82%BF%E7%9F%A5%E7%AB%8B%20%E6%84%9B%E7%9F%A5%E7%9C%8C%E7%9F%A5%E7%AB%8B%E5%B8%82%E9%95%B7%E7%AF%A0%E7%94%BA%E5%A4%A7%E5%B1%B1%EF%BC%91%EF%BC%98%EF%BC%8D%EF%BC%91,2026-10-08,https://dcd.aikatsu.com/encore/pdf/shoplist.pdf,官方列出的設置店；未逐店確認現場稼動、台數與卡片庫存。地址定位尚未逐點核對。
アピタ東海荒尾,日本 愛知県東海市荒尾町山王前２０,愛知県,中部,052-601-9777,https://www.google.com/maps/search/?api=1&query=%E3%82%A2%E3%83%94%E3%82%BF%E6%9D%B1%E6%B5%B7%E8%8D%92%E5%B0%BE%20%E6%84%9B%E7%9F%A5%E7%9C%8C%E6%9D%B1%E6%B5%B7%E5%B8%82%E8%8D%92%E5%B0%BE%E7%94%BA%E5%B1%B1%E7%8E%8B%E5%89%8D%EF%BC%92%EF%BC%90,2026-10-08,https://dcd.aikatsu.com/encore/pdf/shoplist.pdf,官方列出的設置店；未逐店確認現場稼動、台數與卡片庫存。地址定位尚未逐點核對。
ビックカメラ名古屋ＪＲゲートタワー店,日本 愛知県名古屋市中村区名駅１－１－３,愛知県,中部,052-569-1111,https://www.google.com/maps/search/?api=1&query=%E3%83%93%E3%83%83%E3%82%AF%E3%82%AB%E3%83%A1%E3%83%A9%E5%90%8D%E5%8F%A4%E5%B1%8B%EF%BC%AA%EF%BC%B2%E3%82%B2%E3%83%BC%E3%83%88%E3%82%BF%E3%83%AF%E3%83%BC%E5%BA%97%20%E6%84%9B%E7%9F%A5%E7%9C%8C%E5%90%8D%E5%8F%A4%E5%B1%8B%E5%B8%82%E4%B8%AD%E6%9D%91%E5%8C%BA%E5%90%8D%E9%A7%85%EF%BC%91%EF%BC%8D%EF%BC%91%EF%BC%8D%EF%BC%93,2026-10-08,https://dcd.aikatsu.com/encore/pdf/shoplist.pdf,官方列出的設置店；未逐店確認現場稼動、台數與卡片庫存。地址定位尚未逐點核對。
イオン小牧店,日本 愛知県小牧市東１－１２６,愛知県,中部,0568-74-2311,https://www.google.com/maps/search/?api=1&query=%E3%82%A4%E3%82%AA%E3%83%B3%E5%B0%8F%E7%89%A7%E5%BA%97%20%E6%84%9B%E7%9F%A5%E7%9C%8C%E5%B0%8F%E7%89%A7%E5%B8%82%E6%9D%B1%EF%BC%91%EF%BC%8D%EF%BC%91%EF%BC%92%EF%BC%96,2026-10-08,https://dcd.aikatsu.com/encore/pdf/shoplist.pdf,官方列出的設置店；未逐店確認現場稼動、台數與卡片庫存。地址定位尚未逐點核對。
アピタ岩倉,日本 愛知県岩倉市旭町１－２５,愛知県,中部,0587-66-7111,https://www.google.com/maps/search/?api=1&query=%E3%82%A2%E3%83%94%E3%82%BF%E5%B2%A9%E5%80%89%20%E6%84%9B%E7%9F%A5%E7%9C%8C%E5%B2%A9%E5%80%89%E5%B8%82%E6%97%AD%E7%94%BA%EF%BC%91%EF%BC%8D%EF%BC%92%EF%BC%95,2026-10-08,https://dcd.aikatsu.com/encore/pdf/shoplist.pdf,官方列出的設置店；未逐店確認現場稼動、台數與卡片庫存。地址定位尚未逐點核對。
アピタ一宮,日本 愛知県一宮市両郷町１－２,愛知県,中部,0586-71-1211,https://www.google.com/maps/search/?api=1&query=%E3%82%A2%E3%83%94%E3%82%BF%E4%B8%80%E5%AE%AE%20%E6%84%9B%E7%9F%A5%E7%9C%8C%E4%B8%80%E5%AE%AE%E5%B8%82%E4%B8%A1%E9%83%B7%E7%94%BA%EF%BC%91%EF%BC%8D%EF%BC%92,2026-10-08,https://dcd.aikatsu.com/encore/pdf/shoplist.pdf,官方列出的設置店；未逐店確認現場稼動、台數與卡片庫存。地址定位尚未逐點核對。
アピタ稲沢,日本 愛知県稲沢市天池五反田町1番地,愛知県,中部,0587-24-9211,https://www.google.com/maps/search/?api=1&query=%E3%82%A2%E3%83%94%E3%82%BF%E7%A8%B2%E6%B2%A2%20%E6%84%9B%E7%9F%A5%E7%9C%8C%E7%A8%B2%E6%B2%A2%E5%B8%82%E5%A4%A9%E6%B1%A0%E4%BA%94%E5%8F%8D%E7%94%B0%E7%94%BA1%E7%95%AA%E5%9C%B0,2026-10-08,https://dcd.aikatsu.com/encore/pdf/shoplist.pdf,官方列出的設置店；未逐店確認現場稼動、台數與卡片庫存。地址定位尚未逐點核對。
ビックカメラ名古屋駅西店,日本 愛知県名古屋市中村区椿町６－９,愛知県,中部,052-459-1111,https://www.google.com/maps/search/?api=1&query=%E3%83%93%E3%83%83%E3%82%AF%E3%82%AB%E3%83%A1%E3%83%A9%E5%90%8D%E5%8F%A4%E5%B1%8B%E9%A7%85%E8%A5%BF%E5%BA%97%20%E6%84%9B%E7%9F%A5%E7%9C%8C%E5%90%8D%E5%8F%A4%E5%B1%8B%E5%B8%82%E4%B8%AD%E6%9D%91%E5%8C%BA%E6%A4%BF%E7%94%BA%EF%BC%96%EF%BC%8D%EF%BC%99,2026-10-08,https://dcd.aikatsu.com/encore/pdf/shoplist.pdf,官方列出的設置店；未逐店確認現場稼動、台數與卡片庫存。地址定位尚未逐點核對。
アピタ鳴海,日本 愛知県名古屋市緑区鳴海町伝治山３－９,愛知県,中部,052-892-2411,https://www.google.com/maps/search/?api=1&query=%E3%82%A2%E3%83%94%E3%82%BF%E9%B3%B4%E6%B5%B7%20%E6%84%9B%E7%9F%A5%E7%9C%8C%E5%90%8D%E5%8F%A4%E5%B1%8B%E5%B8%82%E7%B7%91%E5%8C%BA%E9%B3%B4%E6%B5%B7%E7%94%BA%E4%BC%9D%E6%B2%BB%E5%B1%B1%EF%BC%93%EF%BC%8D%EF%BC%99,2026-10-08,https://dcd.aikatsu.com/encore/pdf/shoplist.pdf,官方列出的設置店；未逐店確認現場稼動、台數與卡片庫存。地址定位尚未逐點核對。
アピタ千代田橋,日本 愛知県名古屋市千種区千代田橋２－１－１,愛知県,中部,052-722-2811,https://www.google.com/maps/search/?api=1&query=%E3%82%A2%E3%83%94%E3%82%BF%E5%8D%83%E4%BB%A3%E7%94%B0%E6%A9%8B%20%E6%84%9B%E7%9F%A5%E7%9C%8C%E5%90%8D%E5%8F%A4%E5%B1%8B%E5%B8%82%E5%8D%83%E7%A8%AE%E5%8C%BA%E5%8D%83%E4%BB%A3%E7%94%B0%E6%A9%8B%EF%BC%92%EF%BC%8D%EF%BC%91%EF%BC%8D%EF%BC%91,2026-10-08,https://dcd.aikatsu.com/encore/pdf/shoplist.pdf,官方列出的設置店；未逐店確認現場稼動、台數與卡片庫存。地址定位尚未逐點核對。
ヨドバシカメラ サンシャインサカエ,日本 愛知県名古屋市中区錦3丁目24-4 3階,愛知県,中部,052-265-1010,https://www.google.com/maps/search/?api=1&query=%E3%83%A8%E3%83%89%E3%83%90%E3%82%B7%E3%82%AB%E3%83%A1%E3%83%A9%20%E3%82%B5%E3%83%B3%E3%82%B7%E3%83%A3%E3%82%A4%E3%83%B3%E3%82%B5%E3%82%AB%E3%82%A8%20%E6%84%9B%E7%9F%A5%E7%9C%8C%E5%90%8D%E5%8F%A4%E5%B1%8B%E5%B8%82%E4%B8%AD%E5%8C%BA%E9%8C%A63%E4%B8%81%E7%9B%AE24-4%203%E9%9A%8E,2026-10-08,https://dcd.aikatsu.com/encore/pdf/shoplist.pdf,官方列出的設置店；未逐店確認現場稼動、台數與卡片庫存。地址定位尚未逐點核對。
アピタ港,日本 愛知県名古屋市港区当知２丁目１５０１,愛知県,中部,052-384-1111,https://www.google.com/maps/search/?api=1&query=%E3%82%A2%E3%83%94%E3%82%BF%E6%B8%AF%20%E6%84%9B%E7%9F%A5%E7%9C%8C%E5%90%8D%E5%8F%A4%E5%B1%8B%E5%B8%82%E6%B8%AF%E5%8C%BA%E5%BD%93%E7%9F%A5%EF%BC%92%E4%B8%81%E7%9B%AE%EF%BC%91%EF%BC%95%EF%BC%90%EF%BC%91,2026-10-08,https://dcd.aikatsu.com/encore/pdf/shoplist.pdf,官方列出的設置店；未逐店確認現場稼動、台數與卡片庫存。地址定位尚未逐點核對。
ヨドバシカメラ マルチメディア名鉄名古屋,日本 愛知県名古屋市中村区名駅１－２－１,愛知県,中部,052-561-1010,https://www.google.com/maps/search/?api=1&query=%E3%83%A8%E3%83%89%E3%83%90%E3%82%B7%E3%82%AB%E3%83%A1%E3%83%A9%20%E3%83%9E%E3%83%AB%E3%83%81%E3%83%A1%E3%83%87%E3%82%A3%E3%82%A2%E5%90%8D%E9%89%84%E5%90%8D%E5%8F%A4%E5%B1%8B%20%E6%84%9B%E7%9F%A5%E7%9C%8C%E5%90%8D%E5%8F%A4%E5%B1%8B%E5%B8%82%E4%B8%AD%E6%9D%91%E5%8C%BA%E5%90%8D%E9%A7%85%EF%BC%91%EF%BC%8D%EF%BC%92%EF%BC%8D%EF%BC%91,2026-10-08,https://dcd.aikatsu.com/encore/pdf/shoplist.pdf,官方列出的設置店；未逐店確認現場稼動、台數與卡片庫存。地址定位尚未逐點核對。
イオン高橋店,日本 愛知県豊田市東山町１－５－１,愛知県,中部,0565-88-6511,https://www.google.com/maps/search/?api=1&query=%E3%82%A4%E3%82%AA%E3%83%B3%E9%AB%98%E6%A9%8B%E5%BA%97%20%E6%84%9B%E7%9F%A5%E7%9C%8C%E8%B1%8A%E7%94%B0%E5%B8%82%E6%9D%B1%E5%B1%B1%E7%94%BA%EF%BC%91%EF%BC%8D%EF%BC%95%EF%BC%8D%EF%BC%91,2026-10-08,https://dcd.aikatsu.com/encore/pdf/shoplist.pdf,官方列出的設置店；未逐店確認現場稼動、台數與卡片庫存。地址定位尚未逐點核對。
アピタ長久手,日本 愛知県長久手市戸田谷９０１－１,愛知県,中部,0561-63-6777,https://www.google.com/maps/search/?api=1&query=%E3%82%A2%E3%83%94%E3%82%BF%E9%95%B7%E4%B9%85%E6%89%8B%20%E6%84%9B%E7%9F%A5%E7%9C%8C%E9%95%B7%E4%B9%85%E6%89%8B%E5%B8%82%E6%88%B8%E7%94%B0%E8%B0%B7%EF%BC%99%EF%BC%90%EF%BC%91%EF%BC%8D%EF%BC%91,2026-10-08,https://dcd.aikatsu.com/encore/pdf/shoplist.pdf,官方列出的設置店；未逐店確認現場稼動、台數與卡片庫存。地址定位尚未逐點核對。
タイトーFステーション弥富,日本 愛知県弥富市五明蒲原1371-4,愛知県,中部,0567-66-1500,https://www.google.com/maps/search/?api=1&query=%E3%82%BF%E3%82%A4%E3%83%88%E3%83%BCF%E3%82%B9%E3%83%86%E3%83%BC%E3%82%B7%E3%83%A7%E3%83%B3%E5%BC%A5%E5%AF%8C%20%E6%84%9B%E7%9F%A5%E7%9C%8C%E5%BC%A5%E5%AF%8C%E5%B8%82%E4%BA%94%E6%98%8E%E8%92%B2%E5%8E%9F1371-4,2026-10-08,https://dcd.aikatsu.com/encore/pdf/shoplist.pdf,官方列出的設置店；未逐店確認現場稼動、台數與卡片庫存。地址定位尚未逐點核對。
ユーズランド東浦店,日本 愛知県知多郡東浦町緒川旭13－2イオンモール東浦2階,愛知県,中部,0562-82-2782,https://www.google.com/maps/search/?api=1&query=%E3%83%A6%E3%83%BC%E3%82%BA%E3%83%A9%E3%83%B3%E3%83%89%E6%9D%B1%E6%B5%A6%E5%BA%97%20%E6%84%9B%E7%9F%A5%E7%9C%8C%E7%9F%A5%E5%A4%9A%E9%83%A1%E6%9D%B1%E6%B5%A6%E7%94%BA%E7%B7%92%E5%B7%9D%E6%97%AD13%EF%BC%8D2%E3%82%A4%E3%82%AA%E3%83%B3%E3%83%A2%E3%83%BC%E3%83%AB%E6%9D%B1%E6%B5%A62%E9%9A%8E,2026-10-08,https://dcd.aikatsu.com/encore/pdf/shoplist.pdf,官方列出的設置店；未逐店確認現場稼動、台數與卡片庫存。地址定位尚未逐點核對。
GiGO春日井,日本 愛知県春日井市岩野町4180,愛知県,中部,070-1459-2427,https://www.google.com/maps/search/?api=1&query=GiGO%E6%98%A5%E6%97%A5%E4%BA%95%20%E6%84%9B%E7%9F%A5%E7%9C%8C%E6%98%A5%E6%97%A5%E4%BA%95%E5%B8%82%E5%B2%A9%E9%87%8E%E7%94%BA4180,2026-10-08,https://dcd.aikatsu.com/encore/pdf/shoplist.pdf,官方列出的設置店；未逐店確認現場稼動、台數與卡片庫存。地址定位尚未逐點核對。
GiGO北岡崎,日本 愛知県岡崎市錦町2番地4,愛知県,中部,070-1393-5583,https://www.google.com/maps/search/?api=1&query=GiGO%E5%8C%97%E5%B2%A1%E5%B4%8E%20%E6%84%9B%E7%9F%A5%E7%9C%8C%E5%B2%A1%E5%B4%8E%E5%B8%82%E9%8C%A6%E7%94%BA2%E7%95%AA%E5%9C%B04,2026-10-08,https://dcd.aikatsu.com/encore/pdf/shoplist.pdf,官方列出的設置店；未逐店確認現場稼動、台數與卡片庫存。地址定位尚未逐點核對。
GiGOイオンタウン刈谷,日本 愛知県刈谷市東境町京和１,愛知県,中部,070-1459-3212,https://www.google.com/maps/search/?api=1&query=GiGO%E3%82%A4%E3%82%AA%E3%83%B3%E3%82%BF%E3%82%A6%E3%83%B3%E5%88%88%E8%B0%B7%20%E6%84%9B%E7%9F%A5%E7%9C%8C%E5%88%88%E8%B0%B7%E5%B8%82%E6%9D%B1%E5%A2%83%E7%94%BA%E4%BA%AC%E5%92%8C%EF%BC%91,2026-10-08,https://dcd.aikatsu.com/encore/pdf/shoplist.pdf,官方列出的設置店；未逐店確認現場稼動、台數與卡片庫存。地址定位尚未逐點核對。
GiGOイオンタウン名西,日本 愛知県名古屋市西区香呑町6-49-1 イオンタウン名西 2F,愛知県,中部,070-1459-2624,https://www.google.com/maps/search/?api=1&query=GiGO%E3%82%A4%E3%82%AA%E3%83%B3%E3%82%BF%E3%82%A6%E3%83%B3%E5%90%8D%E8%A5%BF%20%E6%84%9B%E7%9F%A5%E7%9C%8C%E5%90%8D%E5%8F%A4%E5%B1%8B%E5%B8%82%E8%A5%BF%E5%8C%BA%E9%A6%99%E5%91%91%E7%94%BA6-49-1%20%E3%82%A4%E3%82%AA%E3%83%B3%E3%82%BF%E3%82%A6%E3%83%B3%E5%90%8D%E8%A5%BF%202F,2026-10-08,https://dcd.aikatsu.com/encore/pdf/shoplist.pdf,官方列出的設置店；未逐店確認現場稼動、台數與卡片庫存。地址定位尚未逐點核對。
GiGO安城,日本 愛知県安城市百石町2-35-13,愛知県,中部,070-1459-2615,https://www.google.com/maps/search/?api=1&query=GiGO%E5%AE%89%E5%9F%8E%20%E6%84%9B%E7%9F%A5%E7%9C%8C%E5%AE%89%E5%9F%8E%E5%B8%82%E7%99%BE%E7%9F%B3%E7%94%BA2-35-13,2026-10-08,https://dcd.aikatsu.com/encore/pdf/shoplist.pdf,官方列出的設置店；未逐店確認現場稼動、台數與卡片庫存。地址定位尚未逐點核對。
GiGOアピタ安城南,日本 愛知県安城市桜井町貝戸尻60 ｱﾋﾟﾀ安城南店 2F,愛知県,中部,070-1275-2977,https://www.google.com/maps/search/?api=1&query=GiGO%E3%82%A2%E3%83%94%E3%82%BF%E5%AE%89%E5%9F%8E%E5%8D%97%20%E6%84%9B%E7%9F%A5%E7%9C%8C%E5%AE%89%E5%9F%8E%E5%B8%82%E6%A1%9C%E4%BA%95%E7%94%BA%E8%B2%9D%E6%88%B8%E5%B0%BB60%20%EF%BD%B1%EF%BE%8B%EF%BE%9F%EF%BE%80%E5%AE%89%E5%9F%8E%E5%8D%97%E5%BA%97%202F,2026-10-08,https://dcd.aikatsu.com/encore/pdf/shoplist.pdf,官方列出的設置店；未逐店確認現場稼動、台數與卡片庫存。地址定位尚未逐點核對。
GiGOイオンモール木曽川,日本 愛知県一宮市木曽川町黒田字南八ツヶ池25-1 イオンモール木曽川3F​,愛知県,中部,070-1458-3893,https://www.google.com/maps/search/?api=1&query=GiGO%E3%82%A4%E3%82%AA%E3%83%B3%E3%83%A2%E3%83%BC%E3%83%AB%E6%9C%A8%E6%9B%BD%E5%B7%9D%20%E6%84%9B%E7%9F%A5%E7%9C%8C%E4%B8%80%E5%AE%AE%E5%B8%82%E6%9C%A8%E6%9B%BD%E5%B7%9D%E7%94%BA%E9%BB%92%E7%94%B0%E5%AD%97%E5%8D%97%E5%85%AB%E3%83%84%E3%83%B6%E6%B1%A025-1%20%E3%82%A4%E3%82%AA%E3%83%B3%E3%83%A2%E3%83%BC%E3%83%AB%E6%9C%A8%E6%9B%BD%E5%B7%9D3F%E2%80%8B,2026-10-08,https://dcd.aikatsu.com/encore/pdf/shoplist.pdf,官方列出的設置店；未逐店確認現場稼動、台數與卡片庫存。地址定位尚未逐點核對。
GiGO豊橋飯村,日本 愛知県豊橋市飯村町字西山25-121,愛知県,中部,070-1459-2804,https://www.google.com/maps/search/?api=1&query=GiGO%E8%B1%8A%E6%A9%8B%E9%A3%AF%E6%9D%91%20%E6%84%9B%E7%9F%A5%E7%9C%8C%E8%B1%8A%E6%A9%8B%E5%B8%82%E9%A3%AF%E6%9D%91%E7%94%BA%E5%AD%97%E8%A5%BF%E5%B1%B125-121,2026-10-08,https://dcd.aikatsu.com/encore/pdf/shoplist.pdf,官方列出的設置店；未逐店確認現場稼動、台數與卡片庫存。地址定位尚未逐點核對。
GiGOマーケットスクエアささしま,日本 愛知県名古屋市中村区平池町4丁目60番地14号,愛知県,中部,070-1458-1766,https://www.google.com/maps/search/?api=1&query=GiGO%E3%83%9E%E3%83%BC%E3%82%B1%E3%83%83%E3%83%88%E3%82%B9%E3%82%AF%E3%82%A8%E3%82%A2%E3%81%95%E3%81%95%E3%81%97%E3%81%BE%20%E6%84%9B%E7%9F%A5%E7%9C%8C%E5%90%8D%E5%8F%A4%E5%B1%8B%E5%B8%82%E4%B8%AD%E6%9D%91%E5%8C%BA%E5%B9%B3%E6%B1%A0%E7%94%BA4%E4%B8%81%E7%9B%AE60%E7%95%AA%E5%9C%B014%E5%8F%B7,2026-10-08,https://dcd.aikatsu.com/encore/pdf/shoplist.pdf,官方列出的設置店；未逐店確認現場稼動、台數與卡片庫存。地址定位尚未逐點核對。
アミュージアム津島店,日本 愛知県津島市大字津島字北新開351ヨシズヤ津島本店 シネマ館2F,愛知県,中部,0567-26-3055,https://www.google.com/maps/search/?api=1&query=%E3%82%A2%E3%83%9F%E3%83%A5%E3%83%BC%E3%82%B8%E3%82%A2%E3%83%A0%E6%B4%A5%E5%B3%B6%E5%BA%97%20%E6%84%9B%E7%9F%A5%E7%9C%8C%E6%B4%A5%E5%B3%B6%E5%B8%82%E5%A4%A7%E5%AD%97%E6%B4%A5%E5%B3%B6%E5%AD%97%E5%8C%97%E6%96%B0%E9%96%8B351%E3%83%A8%E3%82%B7%E3%82%BA%E3%83%A4%E6%B4%A5%E5%B3%B6%E6%9C%AC%E5%BA%97%20%E3%82%B7%E3%83%8D%E3%83%9E%E9%A4%A82F,2026-10-08,https://dcd.aikatsu.com/encore/pdf/shoplist.pdf,官方列出的設置店；未逐店確認現場稼動、台數與卡片庫存。地址定位尚未逐點核對。
NICOPAウイングタウン岡崎店,日本 愛知県岡崎市羽根町小豆坂3ウイングタウン2階,愛知県,中部,0564-72-8477,https://www.google.com/maps/search/?api=1&query=NICOPA%E3%82%A6%E3%82%A4%E3%83%B3%E3%82%B0%E3%82%BF%E3%82%A6%E3%83%B3%E5%B2%A1%E5%B4%8E%E5%BA%97%20%E6%84%9B%E7%9F%A5%E7%9C%8C%E5%B2%A1%E5%B4%8E%E5%B8%82%E7%BE%BD%E6%A0%B9%E7%94%BA%E5%B0%8F%E8%B1%86%E5%9D%823%E3%82%A6%E3%82%A4%E3%83%B3%E3%82%B0%E3%82%BF%E3%82%A6%E3%83%B32%E9%9A%8E,2026-10-08,https://dcd.aikatsu.com/encore/pdf/shoplist.pdf,官方列出的設置店；未逐店確認現場稼動、台數與卡片庫存。地址定位尚未逐點核對。
NICOPA千種店,日本 愛知県名古屋市千種区千種2-16-13イオンタウン千種2F,愛知県,中部,052-753-6886,https://www.google.com/maps/search/?api=1&query=NICOPA%E5%8D%83%E7%A8%AE%E5%BA%97%20%E6%84%9B%E7%9F%A5%E7%9C%8C%E5%90%8D%E5%8F%A4%E5%B1%8B%E5%B8%82%E5%8D%83%E7%A8%AE%E5%8C%BA%E5%8D%83%E7%A8%AE2-16-13%E3%82%A4%E3%82%AA%E3%83%B3%E3%82%BF%E3%82%A6%E3%83%B3%E5%8D%83%E7%A8%AE2F,2026-10-08,https://dcd.aikatsu.com/encore/pdf/shoplist.pdf,官方列出的設置店；未逐店確認現場稼動、台數與卡片庫存。地址定位尚未逐點核對。
NICOPA新守山店,日本 愛知県名古屋市守山区新守山2830アピタ新守山2階,愛知県,中部,070-2236-2213,https://www.google.com/maps/search/?api=1&query=NICOPA%E6%96%B0%E5%AE%88%E5%B1%B1%E5%BA%97%20%E6%84%9B%E7%9F%A5%E7%9C%8C%E5%90%8D%E5%8F%A4%E5%B1%8B%E5%B8%82%E5%AE%88%E5%B1%B1%E5%8C%BA%E6%96%B0%E5%AE%88%E5%B1%B12830%E3%82%A2%E3%83%94%E3%82%BF%E6%96%B0%E5%AE%88%E5%B1%B12%E9%9A%8E,2026-10-08,https://dcd.aikatsu.com/encore/pdf/shoplist.pdf,官方列出的設置店；未逐店確認現場稼動、台數與卡片庫存。地址定位尚未逐點核對。
NICOPAなるぱーく店,日本 愛知県名古屋市緑区浦里3-232なるぱーく2階,愛知県,中部,052-848-6946,https://www.google.com/maps/search/?api=1&query=NICOPA%E3%81%AA%E3%82%8B%E3%81%B1%E3%83%BC%E3%81%8F%E5%BA%97%20%E6%84%9B%E7%9F%A5%E7%9C%8C%E5%90%8D%E5%8F%A4%E5%B1%8B%E5%B8%82%E7%B7%91%E5%8C%BA%E6%B5%A6%E9%87%8C3-232%E3%81%AA%E3%82%8B%E3%81%B1%E3%83%BC%E3%81%8F2%E9%9A%8E,2026-10-08,https://dcd.aikatsu.com/encore/pdf/shoplist.pdf,官方列出的設置店；未逐店確認現場稼動、台數與卡片庫存。地址定位尚未逐點核對。
ゲームランド岡崎店,日本 愛知県岡崎市戸崎町外山38-5イオンモール岡崎,愛知県,中部,0564-72-6233,https://www.google.com/maps/search/?api=1&query=%E3%82%B2%E3%83%BC%E3%83%A0%E3%83%A9%E3%83%B3%E3%83%89%E5%B2%A1%E5%B4%8E%E5%BA%97%20%E6%84%9B%E7%9F%A5%E7%9C%8C%E5%B2%A1%E5%B4%8E%E5%B8%82%E6%88%B8%E5%B4%8E%E7%94%BA%E5%A4%96%E5%B1%B138-5%E3%82%A4%E3%82%AA%E3%83%B3%E3%83%A2%E3%83%BC%E3%83%AB%E5%B2%A1%E5%B4%8E,2026-10-08,https://dcd.aikatsu.com/encore/pdf/shoplist.pdf,官方列出的設置店；未逐店確認現場稼動、台數與卡片庫存。地址定位尚未逐點核對。
アミューズファクトリー常滑店,日本 愛知県常滑市りんくう町2丁目20番3イオンモール常滑2階,愛知県,中部,0569-36-1535,https://www.google.com/maps/search/?api=1&query=%E3%82%A2%E3%83%9F%E3%83%A5%E3%83%BC%E3%82%BA%E3%83%95%E3%82%A1%E3%82%AF%E3%83%88%E3%83%AA%E3%83%BC%E5%B8%B8%E6%BB%91%E5%BA%97%20%E6%84%9B%E7%9F%A5%E7%9C%8C%E5%B8%B8%E6%BB%91%E5%B8%82%E3%82%8A%E3%82%93%E3%81%8F%E3%81%86%E7%94%BA2%E4%B8%81%E7%9B%AE20%E7%95%AA3%E3%82%A4%E3%82%AA%E3%83%B3%E3%83%A2%E3%83%BC%E3%83%AB%E5%B8%B8%E6%BB%912%E9%9A%8E,2026-10-08,https://dcd.aikatsu.com/encore/pdf/shoplist.pdf,官方列出的設置店；未逐店確認現場稼動、台數與卡片庫存。地址定位尚未逐點核對。
プラサカプコン稲沢店,日本 愛知県稲沢市長野7丁目1-2リーフウォーク稲沢2階,愛知県,中部,0587-33-3222,https://www.google.com/maps/search/?api=1&query=%E3%83%97%E3%83%A9%E3%82%B5%E3%82%AB%E3%83%97%E3%82%B3%E3%83%B3%E7%A8%B2%E6%B2%A2%E5%BA%97%20%E6%84%9B%E7%9F%A5%E7%9C%8C%E7%A8%B2%E6%B2%A2%E5%B8%82%E9%95%B7%E9%87%8E7%E4%B8%81%E7%9B%AE1-2%E3%83%AA%E3%83%BC%E3%83%95%E3%82%A6%E3%82%A9%E3%83%BC%E3%82%AF%E7%A8%B2%E6%B2%A22%E9%9A%8E,2026-10-08,https://dcd.aikatsu.com/encore/pdf/shoplist.pdf,官方列出的設置店；未逐店確認現場稼動、台數與卡片庫存。地址定位尚未逐點核對。
MIRAINOイオンモール豊川,日本 愛知県豊川市白鳥町兎足1-16 イオンモール豊川3F,愛知県,中部,0533-95-7810,https://www.google.com/maps/search/?api=1&query=MIRAINO%E3%82%A4%E3%82%AA%E3%83%B3%E3%83%A2%E3%83%BC%E3%83%AB%E8%B1%8A%E5%B7%9D%20%E6%84%9B%E7%9F%A5%E7%9C%8C%E8%B1%8A%E5%B7%9D%E5%B8%82%E7%99%BD%E9%B3%A5%E7%94%BA%E5%85%8E%E8%B6%B31-16%20%E3%82%A4%E3%82%AA%E3%83%B3%E3%83%A2%E3%83%BC%E3%83%AB%E8%B1%8A%E5%B7%9D3F,2026-10-08,https://dcd.aikatsu.com/encore/pdf/shoplist.pdf,官方列出的設置店；未逐店確認現場稼動、台數與卡片庫存。地址定位尚未逐點核對。
プラサカプコン徳重店,日本 愛知県名古屋市緑区元徳重徳重18番地の44ヒルズウォーク徳重ガーデンズ,愛知県,中部,052-746-0080,https://www.google.com/maps/search/?api=1&query=%E3%83%97%E3%83%A9%E3%82%B5%E3%82%AB%E3%83%97%E3%82%B3%E3%83%B3%E5%BE%B3%E9%87%8D%E5%BA%97%20%E6%84%9B%E7%9F%A5%E7%9C%8C%E5%90%8D%E5%8F%A4%E5%B1%8B%E5%B8%82%E7%B7%91%E5%8C%BA%E5%85%83%E5%BE%B3%E9%87%8D%E5%BE%B3%E9%87%8D18%E7%95%AA%E5%9C%B0%E3%81%AE44%E3%83%92%E3%83%AB%E3%82%BA%E3%82%A6%E3%82%A9%E3%83%BC%E3%82%AF%E5%BE%B3%E9%87%8D%E3%82%AC%E3%83%BC%E3%83%87%E3%83%B3%E3%82%BA,2026-10-08,https://dcd.aikatsu.com/encore/pdf/shoplist.pdf,官方列出的設置店；未逐店確認現場稼動、台數與卡片庫存。地址定位尚未逐點核對。
豊川メトロポリス,日本 愛知県豊川市下長山町上アライ１４－１豊川コロナワールド,愛知県,中部,0533-85-6540,https://www.google.com/maps/search/?api=1&query=%E8%B1%8A%E5%B7%9D%E3%83%A1%E3%83%88%E3%83%AD%E3%83%9D%E3%83%AA%E3%82%B9%20%E6%84%9B%E7%9F%A5%E7%9C%8C%E8%B1%8A%E5%B7%9D%E5%B8%82%E4%B8%8B%E9%95%B7%E5%B1%B1%E7%94%BA%E4%B8%8A%E3%82%A2%E3%83%A9%E3%82%A4%EF%BC%91%EF%BC%94%EF%BC%8D%EF%BC%91%E8%B1%8A%E5%B7%9D%E3%82%B3%E3%83%AD%E3%83%8A%E3%83%AF%E3%83%BC%E3%83%AB%E3%83%89,2026-10-08,https://dcd.aikatsu.com/encore/pdf/shoplist.pdf,官方列出的設置店；未逐店確認現場稼動、台數與卡片庫存。地址定位尚未逐點核對。
安城メトロポリス,日本 愛知県安城市浜富町6-8安城メトロポリス,愛知県,中部,0566-74-8238,https://www.google.com/maps/search/?api=1&query=%E5%AE%89%E5%9F%8E%E3%83%A1%E3%83%88%E3%83%AD%E3%83%9D%E3%83%AA%E3%82%B9%20%E6%84%9B%E7%9F%A5%E7%9C%8C%E5%AE%89%E5%9F%8E%E5%B8%82%E6%B5%9C%E5%AF%8C%E7%94%BA6-8%E5%AE%89%E5%9F%8E%E3%83%A1%E3%83%88%E3%83%AD%E3%83%9D%E3%83%AA%E3%82%B9,2026-10-08,https://dcd.aikatsu.com/encore/pdf/shoplist.pdf,官方列出的設置店；未逐店確認現場稼動、台數與卡片庫存。地址定位尚未逐點核對。
アミューズメントワールドメトロポリスららぽーと安城店,日本 愛知県大東町9番‐30 3F 32000号室,愛知県,中部,0566-33-9287,https://www.google.com/maps/search/?api=1&query=%E3%82%A2%E3%83%9F%E3%83%A5%E3%83%BC%E3%82%BA%E3%83%A1%E3%83%B3%E3%83%88%E3%83%AF%E3%83%BC%E3%83%AB%E3%83%89%E3%83%A1%E3%83%88%E3%83%AD%E3%83%9D%E3%83%AA%E3%82%B9%E3%82%89%E3%82%89%E3%81%BD%E3%83%BC%E3%81%A8%E5%AE%89%E5%9F%8E%E5%BA%97%20%E6%84%9B%E7%9F%A5%E7%9C%8C%E5%A4%A7%E6%9D%B1%E7%94%BA9%E7%95%AA%E2%80%9030%203F%2032000%E5%8F%B7%E5%AE%A4,2026-10-08,https://dcd.aikatsu.com/encore/pdf/shoplist.pdf,官方列出的設置店；未逐店確認現場稼動、台數與卡片庫存。地址定位尚未逐點核對。
アミューズメントワールドメトロポリス小牧店,日本 愛知県小牧市村中新町３３,愛知県,中部,0568-71-0005,https://www.google.com/maps/search/?api=1&query=%E3%82%A2%E3%83%9F%E3%83%A5%E3%83%BC%E3%82%BA%E3%83%A1%E3%83%B3%E3%83%88%E3%83%AF%E3%83%BC%E3%83%AB%E3%83%89%E3%83%A1%E3%83%88%E3%83%AD%E3%83%9D%E3%83%AA%E3%82%B9%E5%B0%8F%E7%89%A7%E5%BA%97%20%E6%84%9B%E7%9F%A5%E7%9C%8C%E5%B0%8F%E7%89%A7%E5%B8%82%E6%9D%91%E4%B8%AD%E6%96%B0%E7%94%BA%EF%BC%93%EF%BC%93,2026-10-08,https://dcd.aikatsu.com/encore/pdf/shoplist.pdf,官方列出的設置店；未逐店確認現場稼動、台數與卡片庫存。地址定位尚未逐點核對。
アミューズメントワールドメトロポリス中川店,日本 愛知県名古屋市中川区江松３丁目１１０,愛知県,中部,052-303-9701,https://www.google.com/maps/search/?api=1&query=%E3%82%A2%E3%83%9F%E3%83%A5%E3%83%BC%E3%82%BA%E3%83%A1%E3%83%B3%E3%83%88%E3%83%AF%E3%83%BC%E3%83%AB%E3%83%89%E3%83%A1%E3%83%88%E3%83%AD%E3%83%9D%E3%83%AA%E3%82%B9%E4%B8%AD%E5%B7%9D%E5%BA%97%20%E6%84%9B%E7%9F%A5%E7%9C%8C%E5%90%8D%E5%8F%A4%E5%B1%8B%E5%B8%82%E4%B8%AD%E5%B7%9D%E5%8C%BA%E6%B1%9F%E6%9D%BE%EF%BC%93%E4%B8%81%E7%9B%AE%EF%BC%91%EF%BC%91%EF%BC%90,2026-10-08,https://dcd.aikatsu.com/encore/pdf/shoplist.pdf,官方列出的設置店；未逐店確認現場稼動、台數與卡片庫存。地址定位尚未逐點核對。
ソユーゲームフィールド鳴海店,日本 愛知県名古屋市緑区鳴海町字伝治山3番地9アピタ鳴海店2F,愛知県,中部,052-899-0720,https://www.google.com/maps/search/?api=1&query=%E3%82%BD%E3%83%A6%E3%83%BC%E3%82%B2%E3%83%BC%E3%83%A0%E3%83%95%E3%82%A3%E3%83%BC%E3%83%AB%E3%83%89%E9%B3%B4%E6%B5%B7%E5%BA%97%20%E6%84%9B%E7%9F%A5%E7%9C%8C%E5%90%8D%E5%8F%A4%E5%B1%8B%E5%B8%82%E7%B7%91%E5%8C%BA%E9%B3%B4%E6%B5%B7%E7%94%BA%E5%AD%97%E4%BC%9D%E6%B2%BB%E5%B1%B13%E7%95%AA%E5%9C%B09%E3%82%A2%E3%83%94%E3%82%BF%E9%B3%B4%E6%B5%B7%E5%BA%972F,2026-10-08,https://dcd.aikatsu.com/encore/pdf/shoplist.pdf,官方列出的設置店；未逐店確認現場稼動、台數與卡片庫存。地址定位尚未逐點核對。
タイトーステーション名古屋名駅店,日本 愛知県名古屋市中村区名駅4丁目10-22,愛知県,中部,052-526-3773,https://www.google.com/maps/search/?api=1&query=%E3%82%BF%E3%82%A4%E3%83%88%E3%83%BC%E3%82%B9%E3%83%86%E3%83%BC%E3%82%B7%E3%83%A7%E3%83%B3%E5%90%8D%E5%8F%A4%E5%B1%8B%E5%90%8D%E9%A7%85%E5%BA%97%20%E6%84%9B%E7%9F%A5%E7%9C%8C%E5%90%8D%E5%8F%A4%E5%B1%8B%E5%B8%82%E4%B8%AD%E6%9D%91%E5%8C%BA%E5%90%8D%E9%A7%854%E4%B8%81%E7%9B%AE10-22,2026-10-08,https://dcd.aikatsu.com/encore/pdf/shoplist.pdf,官方列出的設置店；未逐店確認現場稼動、台數與卡片庫存。地址定位尚未逐點核對。
タイトーステーション大須店,日本 愛知県名古屋市中区大須3-20-7タイトーステーション大須,愛知県,中部,052-253-9015,https://www.google.com/maps/search/?api=1&query=%E3%82%BF%E3%82%A4%E3%83%88%E3%83%BC%E3%82%B9%E3%83%86%E3%83%BC%E3%82%B7%E3%83%A7%E3%83%B3%E5%A4%A7%E9%A0%88%E5%BA%97%20%E6%84%9B%E7%9F%A5%E7%9C%8C%E5%90%8D%E5%8F%A4%E5%B1%8B%E5%B8%82%E4%B8%AD%E5%8C%BA%E5%A4%A7%E9%A0%883-20-7%E3%82%BF%E3%82%A4%E3%83%88%E3%83%BC%E3%82%B9%E3%83%86%E3%83%BC%E3%82%B7%E3%83%A7%E3%83%B3%E5%A4%A7%E9%A0%88,2026-10-08,https://dcd.aikatsu.com/encore/pdf/shoplist.pdf,官方列出的設置店；未逐店確認現場稼動、台數與卡片庫存。地址定位尚未逐點核對。
タイトーステーション豊田GAZA店,日本 愛知県豊田市喜多町1丁目140番地GAZA3F,愛知県,中部,0565-31-4350,https://www.google.com/maps/search/?api=1&query=%E3%82%BF%E3%82%A4%E3%83%88%E3%83%BC%E3%82%B9%E3%83%86%E3%83%BC%E3%82%B7%E3%83%A7%E3%83%B3%E8%B1%8A%E7%94%B0GAZA%E5%BA%97%20%E6%84%9B%E7%9F%A5%E7%9C%8C%E8%B1%8A%E7%94%B0%E5%B8%82%E5%96%9C%E5%A4%9A%E7%94%BA1%E4%B8%81%E7%9B%AE140%E7%95%AA%E5%9C%B0GAZA3F,2026-10-08,https://dcd.aikatsu.com/encore/pdf/shoplist.pdf,官方列出的設置店；未逐店確認現場稼動、台數與卡片庫存。地址定位尚未逐點核對。
アズパークファミリータウン,日本 愛知県名古屋市中川区新家１丁目２４２１番地 アズパークＳＣ２Ｆ,愛知県,中部,052-432-5461,https://www.google.com/maps/search/?api=1&query=%E3%82%A2%E3%82%BA%E3%83%91%E3%83%BC%E3%82%AF%E3%83%95%E3%82%A1%E3%83%9F%E3%83%AA%E3%83%BC%E3%82%BF%E3%82%A6%E3%83%B3%20%E6%84%9B%E7%9F%A5%E7%9C%8C%E5%90%8D%E5%8F%A4%E5%B1%8B%E5%B8%82%E4%B8%AD%E5%B7%9D%E5%8C%BA%E6%96%B0%E5%AE%B6%EF%BC%91%E4%B8%81%E7%9B%AE%EF%BC%92%EF%BC%94%EF%BC%92%EF%BC%91%E7%95%AA%E5%9C%B0%20%E3%82%A2%E3%82%BA%E3%83%91%E3%83%BC%E3%82%AF%EF%BC%B3%EF%BC%A3%EF%BC%92%EF%BC%A6,2026-10-08,https://dcd.aikatsu.com/encore/pdf/shoplist.pdf,官方列出的設置店；未逐店確認現場稼動、台數與卡片庫存。地址定位尚未逐點核對。
ｎａｍｃｏリーフウォーク稲沢店,日本 愛知県稲沢市下津穂所１－１－１ リーフウォーク稲沢ツリー棟２Ｆ,愛知県,中部,0587-50-4020,https://www.google.com/maps/search/?api=1&query=%EF%BD%8E%EF%BD%81%EF%BD%8D%EF%BD%83%EF%BD%8F%E3%83%AA%E3%83%BC%E3%83%95%E3%82%A6%E3%82%A9%E3%83%BC%E3%82%AF%E7%A8%B2%E6%B2%A2%E5%BA%97%20%E6%84%9B%E7%9F%A5%E7%9C%8C%E7%A8%B2%E6%B2%A2%E5%B8%82%E4%B8%8B%E6%B4%A5%E7%A9%82%E6%89%80%EF%BC%91%EF%BC%8D%EF%BC%91%EF%BC%8D%EF%BC%91%20%E3%83%AA%E3%83%BC%E3%83%95%E3%82%A6%E3%82%A9%E3%83%BC%E3%82%AF%E7%A8%B2%E6%B2%A2%E3%83%84%E3%83%AA%E3%83%BC%E6%A3%9F%EF%BC%92%EF%BC%A6,2026-10-08,https://dcd.aikatsu.com/encore/pdf/shoplist.pdf,官方列出的設置店；未逐店確認現場稼動、台數與卡片庫存。地址定位尚未逐點核對。
ｎａｍｃｏららぽーと愛知東郷店,日本 愛知県愛知郡東郷町東郷中央土地区画事業６２街区１、３ ららぽーと愛知東郷３Ｆ,愛知県,中部,0570-025157,https://www.google.com/maps/search/?api=1&query=%EF%BD%8E%EF%BD%81%EF%BD%8D%EF%BD%83%EF%BD%8F%E3%82%89%E3%82%89%E3%81%BD%E3%83%BC%E3%81%A8%E6%84%9B%E7%9F%A5%E6%9D%B1%E9%83%B7%E5%BA%97%20%E6%84%9B%E7%9F%A5%E7%9C%8C%E6%84%9B%E7%9F%A5%E9%83%A1%E6%9D%B1%E9%83%B7%E7%94%BA%E6%9D%B1%E9%83%B7%E4%B8%AD%E5%A4%AE%E5%9C%9F%E5%9C%B0%E5%8C%BA%E7%94%BB%E4%BA%8B%E6%A5%AD%EF%BC%96%EF%BC%92%E8%A1%97%E5%8C%BA%EF%BC%91%E3%80%81%EF%BC%93%20%E3%82%89%E3%82%89%E3%81%BD%E3%83%BC%E3%81%A8%E6%84%9B%E7%9F%A5%E6%9D%B1%E9%83%B7%EF%BC%93%EF%BC%A6,2026-10-08,https://dcd.aikatsu.com/encore/pdf/shoplist.pdf,官方列出的設置店；未逐店確認現場稼動、台數與卡片庫存。地址定位尚未逐點核對。
ｎａｍｃｏららぽーと名古屋みなとアクルス店,日本 愛知県名古屋市港区港明２丁目３番２号 ららぽーと名古屋みなとアクルス店３Ｆ,愛知県,中部,052-655-5800,https://www.google.com/maps/search/?api=1&query=%EF%BD%8E%EF%BD%81%EF%BD%8D%EF%BD%83%EF%BD%8F%E3%82%89%E3%82%89%E3%81%BD%E3%83%BC%E3%81%A8%E5%90%8D%E5%8F%A4%E5%B1%8B%E3%81%BF%E3%81%AA%E3%81%A8%E3%82%A2%E3%82%AF%E3%83%AB%E3%82%B9%E5%BA%97%20%E6%84%9B%E7%9F%A5%E7%9C%8C%E5%90%8D%E5%8F%A4%E5%B1%8B%E5%B8%82%E6%B8%AF%E5%8C%BA%E6%B8%AF%E6%98%8E%EF%BC%92%E4%B8%81%E7%9B%AE%EF%BC%93%E7%95%AA%EF%BC%92%E5%8F%B7%20%E3%82%89%E3%82%89%E3%81%BD%E3%83%BC%E3%81%A8%E5%90%8D%E5%8F%A4%E5%B1%8B%E3%81%BF%E3%81%AA%E3%81%A8%E3%82%A2%E3%82%AF%E3%83%AB%E3%82%B9%E5%BA%97%EF%BC%93%EF%BC%A6,2026-10-08,https://dcd.aikatsu.com/encore/pdf/shoplist.pdf,官方列出的設置店；未逐店確認現場稼動、台數與卡片庫存。地址定位尚未逐點核對。
ｎａｍｃｏイオンモールナゴヤドーム前店,日本 愛知県名古屋市東区矢田南４－１０２－３ イオンモールナゴヤドーム前３Ｆ,愛知県,中部,0570-087637,https://www.google.com/maps/search/?api=1&query=%EF%BD%8E%EF%BD%81%EF%BD%8D%EF%BD%83%EF%BD%8F%E3%82%A4%E3%82%AA%E3%83%B3%E3%83%A2%E3%83%BC%E3%83%AB%E3%83%8A%E3%82%B4%E3%83%A4%E3%83%89%E3%83%BC%E3%83%A0%E5%89%8D%E5%BA%97%20%E6%84%9B%E7%9F%A5%E7%9C%8C%E5%90%8D%E5%8F%A4%E5%B1%8B%E5%B8%82%E6%9D%B1%E5%8C%BA%E7%9F%A2%E7%94%B0%E5%8D%97%EF%BC%94%EF%BC%8D%EF%BC%91%EF%BC%90%EF%BC%92%EF%BC%8D%EF%BC%93%20%E3%82%A4%E3%82%AA%E3%83%B3%E3%83%A2%E3%83%BC%E3%83%AB%E3%83%8A%E3%82%B4%E3%83%A4%E3%83%89%E3%83%BC%E3%83%A0%E5%89%8D%EF%BC%93%EF%BC%A6,2026-10-08,https://dcd.aikatsu.com/encore/pdf/shoplist.pdf,官方列出的設置店；未逐店確認現場稼動、台數與卡片庫存。地址定位尚未逐點核對。
ｎａｍｃｏエアポートウォーク名古屋店,日本 愛知県西春日井郡豊山町大字豊場字林先１番地８,愛知県,中部,0568-39-0765,https://www.google.com/maps/search/?api=1&query=%EF%BD%8E%EF%BD%81%EF%BD%8D%EF%BD%83%EF%BD%8F%E3%82%A8%E3%82%A2%E3%83%9D%E3%83%BC%E3%83%88%E3%82%A6%E3%82%A9%E3%83%BC%E3%82%AF%E5%90%8D%E5%8F%A4%E5%B1%8B%E5%BA%97%20%E6%84%9B%E7%9F%A5%E7%9C%8C%E8%A5%BF%E6%98%A5%E6%97%A5%E4%BA%95%E9%83%A1%E8%B1%8A%E5%B1%B1%E7%94%BA%E5%A4%A7%E5%AD%97%E8%B1%8A%E5%A0%B4%E5%AD%97%E6%9E%97%E5%85%88%EF%BC%91%E7%95%AA%E5%9C%B0%EF%BC%98,2026-10-08,https://dcd.aikatsu.com/encore/pdf/shoplist.pdf,官方列出的設置店；未逐店確認現場稼動、台數與卡片庫存。地址定位尚未逐點核對。
ｎａｍｃｏイオンモール大高店,日本 愛知県名古屋市緑区南大高二丁目４５０ イオンモール大高３Ｆ,愛知県,中部,0570-087636,https://www.google.com/maps/search/?api=1&query=%EF%BD%8E%EF%BD%81%EF%BD%8D%EF%BD%83%EF%BD%8F%E3%82%A4%E3%82%AA%E3%83%B3%E3%83%A2%E3%83%BC%E3%83%AB%E5%A4%A7%E9%AB%98%E5%BA%97%20%E6%84%9B%E7%9F%A5%E7%9C%8C%E5%90%8D%E5%8F%A4%E5%B1%8B%E5%B8%82%E7%B7%91%E5%8C%BA%E5%8D%97%E5%A4%A7%E9%AB%98%E4%BA%8C%E4%B8%81%E7%9B%AE%EF%BC%94%EF%BC%95%EF%BC%90%20%E3%82%A4%E3%82%AA%E3%83%B3%E3%83%A2%E3%83%BC%E3%83%AB%E5%A4%A7%E9%AB%98%EF%BC%93%EF%BC%A6,2026-10-08,https://dcd.aikatsu.com/encore/pdf/shoplist.pdf,官方列出的設置店；未逐店確認現場稼動、台數與卡片庫存。地址定位尚未逐點核對。
ｎａｍｃｏイオンモール熱田店,日本 愛知県名古屋市熱田区六野１－２－１１ イオンモール熱田４Ｆ,愛知県,中部,052-889-2230,https://www.google.com/maps/search/?api=1&query=%EF%BD%8E%EF%BD%81%EF%BD%8D%EF%BD%83%EF%BD%8F%E3%82%A4%E3%82%AA%E3%83%B3%E3%83%A2%E3%83%BC%E3%83%AB%E7%86%B1%E7%94%B0%E5%BA%97%20%E6%84%9B%E7%9F%A5%E7%9C%8C%E5%90%8D%E5%8F%A4%E5%B1%8B%E5%B8%82%E7%86%B1%E7%94%B0%E5%8C%BA%E5%85%AD%E9%87%8E%EF%BC%91%EF%BC%8D%EF%BC%92%EF%BC%8D%EF%BC%91%EF%BC%91%20%E3%82%A4%E3%82%AA%E3%83%B3%E3%83%A2%E3%83%BC%E3%83%AB%E7%86%B1%E7%94%B0%EF%BC%94%EF%BC%A6,2026-10-08,https://dcd.aikatsu.com/encore/pdf/shoplist.pdf,官方列出的設置店；未逐店確認現場稼動、台數與卡片庫存。地址定位尚未逐點核對。
ｎａｍｃｏイオンモール長久手２号店,日本 愛知県長久手市勝入塚５０１ イオンモール長久手４Ｆ,愛知県,中部,0561-76-5156,https://www.google.com/maps/search/?api=1&query=%EF%BD%8E%EF%BD%81%EF%BD%8D%EF%BD%83%EF%BD%8F%E3%82%A4%E3%82%AA%E3%83%B3%E3%83%A2%E3%83%BC%E3%83%AB%E9%95%B7%E4%B9%85%E6%89%8B%EF%BC%92%E5%8F%B7%E5%BA%97%20%E6%84%9B%E7%9F%A5%E7%9C%8C%E9%95%B7%E4%B9%85%E6%89%8B%E5%B8%82%E5%8B%9D%E5%85%A5%E5%A1%9A%EF%BC%95%EF%BC%90%EF%BC%91%20%E3%82%A4%E3%82%AA%E3%83%B3%E3%83%A2%E3%83%BC%E3%83%AB%E9%95%B7%E4%B9%85%E6%89%8B%EF%BC%94%EF%BC%A6,2026-10-08,https://dcd.aikatsu.com/encore/pdf/shoplist.pdf,官方列出的設置店；未逐店確認現場稼動、台數與卡片庫存。地址定位尚未逐點核對。
ｎａｍｃｏ則武新町店,日本 愛知県名古屋市西区則武新町３－１－１７ イオンモール名古屋ノリタケガーデン,愛知県,中部,052-414-5270,https://www.google.com/maps/search/?api=1&query=%EF%BD%8E%EF%BD%81%EF%BD%8D%EF%BD%83%EF%BD%8F%E5%89%87%E6%AD%A6%E6%96%B0%E7%94%BA%E5%BA%97%20%E6%84%9B%E7%9F%A5%E7%9C%8C%E5%90%8D%E5%8F%A4%E5%B1%8B%E5%B8%82%E8%A5%BF%E5%8C%BA%E5%89%87%E6%AD%A6%E6%96%B0%E7%94%BA%EF%BC%93%EF%BC%8D%EF%BC%91%EF%BC%8D%EF%BC%91%EF%BC%97%20%E3%82%A4%E3%82%AA%E3%83%B3%E3%83%A2%E3%83%BC%E3%83%AB%E5%90%8D%E5%8F%A4%E5%B1%8B%E3%83%8E%E3%83%AA%E3%82%BF%E3%82%B1%E3%82%AC%E3%83%BC%E3%83%87%E3%83%B3,2026-10-08,https://dcd.aikatsu.com/encore/pdf/shoplist.pdf,官方列出的設置店；未逐店確認現場稼動、台數與卡片庫存。地址定位尚未逐點核對。
ｎａｍｃｏアピタ稲沢店,日本 愛知県稲沢市天池五反田町１番地 アピタ稲沢店,愛知県,中部,0587-34-1110,https://www.google.com/maps/search/?api=1&query=%EF%BD%8E%EF%BD%81%EF%BD%8D%EF%BD%83%EF%BD%8F%E3%82%A2%E3%83%94%E3%82%BF%E7%A8%B2%E6%B2%A2%E5%BA%97%20%E6%84%9B%E7%9F%A5%E7%9C%8C%E7%A8%B2%E6%B2%A2%E5%B8%82%E5%A4%A9%E6%B1%A0%E4%BA%94%E5%8F%8D%E7%94%B0%E7%94%BA%EF%BC%91%E7%95%AA%E5%9C%B0%20%E3%82%A2%E3%83%94%E3%82%BF%E7%A8%B2%E6%B2%A2%E5%BA%97,2026-10-08,https://dcd.aikatsu.com/encore/pdf/shoplist.pdf,官方列出的設置店；未逐店確認現場稼動、台數與卡片庫存。地址定位尚未逐點核對。
アイカツ！オフィシャルストア名古屋,日本 愛知県名古屋市西区二方町４０番,愛知県,中部,0570-076581,https://www.google.com/maps/search/?api=1&query=%E3%82%A2%E3%82%A4%E3%82%AB%E3%83%84%EF%BC%81%E3%82%AA%E3%83%95%E3%82%A3%E3%82%B7%E3%83%A3%E3%83%AB%E3%82%B9%E3%83%88%E3%82%A2%E5%90%8D%E5%8F%A4%E5%B1%8B%20%E6%84%9B%E7%9F%A5%E7%9C%8C%E5%90%8D%E5%8F%A4%E5%B1%8B%E5%B8%82%E8%A5%BF%E5%8C%BA%E4%BA%8C%E6%96%B9%E7%94%BA%EF%BC%94%EF%BC%90%E7%95%AA,2026-10-08,https://dcd.aikatsu.com/encore/pdf/shoplist.pdf,官方列出的設置店；未逐店確認現場稼動、台數與卡片庫存。地址定位尚未逐點核對。
バンダイナムコＣｒｏｓｓ Ｓｔｏｒｅ名古屋,日本 愛知県名古屋市西区二方町４０番,愛知県,中部,0570-076581,https://www.google.com/maps/search/?api=1&query=%E3%83%90%E3%83%B3%E3%83%80%E3%82%A4%E3%83%8A%E3%83%A0%E3%82%B3%EF%BC%A3%EF%BD%92%EF%BD%8F%EF%BD%93%EF%BD%93%20%EF%BC%B3%EF%BD%94%EF%BD%8F%EF%BD%92%EF%BD%85%E5%90%8D%E5%8F%A4%E5%B1%8B%20%E6%84%9B%E7%9F%A5%E7%9C%8C%E5%90%8D%E5%8F%A4%E5%B1%8B%E5%B8%82%E8%A5%BF%E5%8C%BA%E4%BA%8C%E6%96%B9%E7%94%BA%EF%BC%94%EF%BC%90%E7%95%AA,2026-10-08,https://dcd.aikatsu.com/encore/pdf/shoplist.pdf,官方列出的設置店；未逐店確認現場稼動、台數與卡片庫存。地址定位尚未逐點核對。
namcoヨシヅヤ清州店,日本 愛知県清須市西市場5-5-3 ヨシヅヤ清州店3階,愛知県,中部,052-408-2921,https://www.google.com/maps/search/?api=1&query=namco%E3%83%A8%E3%82%B7%E3%83%85%E3%83%A4%E6%B8%85%E5%B7%9E%E5%BA%97%20%E6%84%9B%E7%9F%A5%E7%9C%8C%E6%B8%85%E9%A0%88%E5%B8%82%E8%A5%BF%E5%B8%82%E5%A0%B45-5-3%20%E3%83%A8%E3%82%B7%E3%83%85%E3%83%A4%E6%B8%85%E5%B7%9E%E5%BA%973%E9%9A%8E,2026-10-08,https://dcd.aikatsu.com/encore/pdf/shoplist.pdf,官方列出的設置店；未逐店確認現場稼動、台數與卡片庫存。地址定位尚未逐點核對。
ラウンドワンスタジアム ヨロッカ春日井店,日本 愛知県春日井市六軒屋町東丘22 iias春日井 3010区画,愛知県,中部,0568-86-1600,https://www.google.com/maps/search/?api=1&query=%E3%83%A9%E3%82%A6%E3%83%B3%E3%83%89%E3%83%AF%E3%83%B3%E3%82%B9%E3%82%BF%E3%82%B8%E3%82%A2%E3%83%A0%20%E3%83%A8%E3%83%AD%E3%83%83%E3%82%AB%E6%98%A5%E6%97%A5%E4%BA%95%E5%BA%97%20%E6%84%9B%E7%9F%A5%E7%9C%8C%E6%98%A5%E6%97%A5%E4%BA%95%E5%B8%82%E5%85%AD%E8%BB%92%E5%B1%8B%E7%94%BA%E6%9D%B1%E4%B8%9822%20iias%E6%98%A5%E6%97%A5%E4%BA%95%203010%E5%8C%BA%E7%94%BB,2026-10-08,https://dcd.aikatsu.com/encore/pdf/shoplist.pdf,官方列出的設置店；未逐店確認現場稼動、台數與卡片庫存。地址定位尚未逐點核對。
楽市楽座イオンモール名古屋茶屋,日本 愛知県名古屋市港区西茶屋２－１１イオンモール名古屋茶屋３階,愛知県,中部,052-398-6274,https://www.google.com/maps/search/?api=1&query=%E6%A5%BD%E5%B8%82%E6%A5%BD%E5%BA%A7%E3%82%A4%E3%82%AA%E3%83%B3%E3%83%A2%E3%83%BC%E3%83%AB%E5%90%8D%E5%8F%A4%E5%B1%8B%E8%8C%B6%E5%B1%8B%20%E6%84%9B%E7%9F%A5%E7%9C%8C%E5%90%8D%E5%8F%A4%E5%B1%8B%E5%B8%82%E6%B8%AF%E5%8C%BA%E8%A5%BF%E8%8C%B6%E5%B1%8B%EF%BC%92%EF%BC%8D%EF%BC%91%EF%BC%91%E3%82%A4%E3%82%AA%E3%83%B3%E3%83%A2%E3%83%BC%E3%83%AB%E5%90%8D%E5%8F%A4%E5%B1%8B%E8%8C%B6%E5%B1%8B%EF%BC%93%E9%9A%8E,2026-10-08,https://dcd.aikatsu.com/encore/pdf/shoplist.pdf,官方列出的設置店；未逐店確認現場稼動、台數與卡片庫存。地址定位尚未逐點核對。
楽市楽座イオンモール扶桑店,日本 愛知県丹羽郡扶桑町南山名高塚5番地イオンモール扶桑2階,愛知県,中部,0587-93-7132,https://www.google.com/maps/search/?api=1&query=%E6%A5%BD%E5%B8%82%E6%A5%BD%E5%BA%A7%E3%82%A4%E3%82%AA%E3%83%B3%E3%83%A2%E3%83%BC%E3%83%AB%E6%89%B6%E6%A1%91%E5%BA%97%20%E6%84%9B%E7%9F%A5%E7%9C%8C%E4%B8%B9%E7%BE%BD%E9%83%A1%E6%89%B6%E6%A1%91%E7%94%BA%E5%8D%97%E5%B1%B1%E5%90%8D%E9%AB%98%E5%A1%9A5%E7%95%AA%E5%9C%B0%E3%82%A4%E3%82%AA%E3%83%B3%E3%83%A2%E3%83%BC%E3%83%AB%E6%89%B6%E6%A1%912%E9%9A%8E,2026-10-08,https://dcd.aikatsu.com/encore/pdf/shoplist.pdf,官方列出的設置店；未逐店確認現場稼動、台數與卡片庫存。地址定位尚未逐點核對。
アピナ蒲郡店,日本 愛知県蒲郡市鹿島町浅井新田1-26 クラスポ蒲郡2F,愛知県,中部,0533-95-7007,https://www.google.com/maps/search/?api=1&query=%E3%82%A2%E3%83%94%E3%83%8A%E8%92%B2%E9%83%A1%E5%BA%97%20%E6%84%9B%E7%9F%A5%E7%9C%8C%E8%92%B2%E9%83%A1%E5%B8%82%E9%B9%BF%E5%B3%B6%E7%94%BA%E6%B5%85%E4%BA%95%E6%96%B0%E7%94%B01-26%20%E3%82%AF%E3%83%A9%E3%82%B9%E3%83%9D%E8%92%B2%E9%83%A12F,2026-10-08,https://dcd.aikatsu.com/encore/pdf/shoplist.pdf,官方列出的設置店；未逐店確認現場稼動、台數與卡片庫存。地址定位尚未逐點核對。
アピナ一宮店,日本 愛知県一宮市新生1-1-1 イチ＊ビルB1F,愛知県,中部,0586-52-2545,https://www.google.com/maps/search/?api=1&query=%E3%82%A2%E3%83%94%E3%83%8A%E4%B8%80%E5%AE%AE%E5%BA%97%20%E6%84%9B%E7%9F%A5%E7%9C%8C%E4%B8%80%E5%AE%AE%E5%B8%82%E6%96%B0%E7%94%9F1-1-1%20%E3%82%A4%E3%83%81%EF%BC%8A%E3%83%93%E3%83%ABB1F,2026-10-08,https://dcd.aikatsu.com/encore/pdf/shoplist.pdf,官方列出的設置店；未逐店確認現場稼動、台數與卡片庫存。地址定位尚未逐點核對。
アピナ太田川店,日本 愛知県東海市 大田町 下浜田102-1 ラスパ太田川南館2F,愛知県,中部,0562-57-8288,https://www.google.com/maps/search/?api=1&query=%E3%82%A2%E3%83%94%E3%83%8A%E5%A4%AA%E7%94%B0%E5%B7%9D%E5%BA%97%20%E6%84%9B%E7%9F%A5%E7%9C%8C%E6%9D%B1%E6%B5%B7%E5%B8%82%20%E5%A4%A7%E7%94%B0%E7%94%BA%20%E4%B8%8B%E6%B5%9C%E7%94%B0102-1%20%E3%83%A9%E3%82%B9%E3%83%91%E5%A4%AA%E7%94%B0%E5%B7%9D%E5%8D%97%E9%A4%A82F,2026-10-08,https://dcd.aikatsu.com/encore/pdf/shoplist.pdf,官方列出的設置店；未逐店確認現場稼動、台數與卡片庫存。地址定位尚未逐點核對。
アピナ豊橋店,日本 愛知県豊橋市藤沢町141メガ・ドン・キホーテ豊橋店アミューズメント1階,愛知県,中部,0532-46-8822,https://www.google.com/maps/search/?api=1&query=%E3%82%A2%E3%83%94%E3%83%8A%E8%B1%8A%E6%A9%8B%E5%BA%97%20%E6%84%9B%E7%9F%A5%E7%9C%8C%E8%B1%8A%E6%A9%8B%E5%B8%82%E8%97%A4%E6%B2%A2%E7%94%BA141%E3%83%A1%E3%82%AC%E3%83%BB%E3%83%89%E3%83%B3%E3%83%BB%E3%82%AD%E3%83%9B%E3%83%BC%E3%83%86%E8%B1%8A%E6%A9%8B%E5%BA%97%E3%82%A2%E3%83%9F%E3%83%A5%E3%83%BC%E3%82%BA%E3%83%A1%E3%83%B3%E3%83%881%E9%9A%8E,2026-10-08,https://dcd.aikatsu.com/encore/pdf/shoplist.pdf,官方列出的設置店；未逐店確認現場稼動、台數與卡片庫存。地址定位尚未逐點核對。
ファンタジックランド高浜店,日本 愛知県高浜市神明町８－２０－１Ｔぽーと２階,愛知県,中部,0566-52-7463,https://www.google.com/maps/search/?api=1&query=%E3%83%95%E3%82%A1%E3%83%B3%E3%82%BF%E3%82%B8%E3%83%83%E3%82%AF%E3%83%A9%E3%83%B3%E3%83%89%E9%AB%98%E6%B5%9C%E5%BA%97%20%E6%84%9B%E7%9F%A5%E7%9C%8C%E9%AB%98%E6%B5%9C%E5%B8%82%E7%A5%9E%E6%98%8E%E7%94%BA%EF%BC%98%EF%BC%8D%EF%BC%92%EF%BC%90%EF%BC%8D%EF%BC%91%EF%BC%B4%E3%81%BD%E3%83%BC%E3%81%A8%EF%BC%92%E9%9A%8E,2026-10-08,https://dcd.aikatsu.com/encore/pdf/shoplist.pdf,官方列出的設置店；未逐店確認現場稼動、台數與卡片庫存。地址定位尚未逐點核對。
シャオ店内ムー大陸,日本 愛知県西尾市下町御城下23－1シャオ店内,愛知県,中部,0563-57-8139,https://www.google.com/maps/search/?api=1&query=%E3%82%B7%E3%83%A3%E3%82%AA%E5%BA%97%E5%86%85%E3%83%A0%E3%83%BC%E5%A4%A7%E9%99%B8%20%E6%84%9B%E7%9F%A5%E7%9C%8C%E8%A5%BF%E5%B0%BE%E5%B8%82%E4%B8%8B%E7%94%BA%E5%BE%A1%E5%9F%8E%E4%B8%8B23%EF%BC%8D1%E3%82%B7%E3%83%A3%E3%82%AA%E5%BA%97%E5%86%85,2026-10-08,https://dcd.aikatsu.com/encore/pdf/shoplist.pdf,官方列出的設置店；未逐店確認現場稼動、台數與卡片庫存。地址定位尚未逐點核對。
ドリームプラネット今池店,日本 愛知県名古屋市千種区今池5-10-1ドンキホーテ今池店3F,愛知県,中部,052-439-6177,https://www.google.com/maps/search/?api=1&query=%E3%83%89%E3%83%AA%E3%83%BC%E3%83%A0%E3%83%97%E3%83%A9%E3%83%8D%E3%83%83%E3%83%88%E4%BB%8A%E6%B1%A0%E5%BA%97%20%E6%84%9B%E7%9F%A5%E7%9C%8C%E5%90%8D%E5%8F%A4%E5%B1%8B%E5%B8%82%E5%8D%83%E7%A8%AE%E5%8C%BA%E4%BB%8A%E6%B1%A05-10-1%E3%83%89%E3%83%B3%E3%82%AD%E3%83%9B%E3%83%BC%E3%83%86%E4%BB%8A%E6%B1%A0%E5%BA%973F,2026-10-08,https://dcd.aikatsu.com/encore/pdf/shoplist.pdf,官方列出的設置店；未逐店確認現場稼動、台數與卡片庫存。地址定位尚未逐點核對。
ポート24幸田店,日本 愛知県額田郡幸田町大字相見字沖原1-3カメリアガーデン幸田,愛知県,中部,0564-63-6588,https://www.google.com/maps/search/?api=1&query=%E3%83%9D%E3%83%BC%E3%83%8824%E5%B9%B8%E7%94%B0%E5%BA%97%20%E6%84%9B%E7%9F%A5%E7%9C%8C%E9%A1%8D%E7%94%B0%E9%83%A1%E5%B9%B8%E7%94%B0%E7%94%BA%E5%A4%A7%E5%AD%97%E7%9B%B8%E8%A6%8B%E5%AD%97%E6%B2%96%E5%8E%9F1-3%E3%82%AB%E3%83%A1%E3%83%AA%E3%82%A2%E3%82%AC%E3%83%BC%E3%83%87%E3%83%B3%E5%B9%B8%E7%94%B0,2026-10-08,https://dcd.aikatsu.com/encore/pdf/shoplist.pdf,官方列出的設置店；未逐店確認現場稼動、台數與卡片庫存。地址定位尚未逐點核對。
ファンタジープラザ名古屋店,日本 愛知県名古屋市北区玄馬町234-1 MEGAドン･キホーテ名古屋本店クロスタウン2階,愛知県,中部,052-938-3461,https://www.google.com/maps/search/?api=1&query=%E3%83%95%E3%82%A1%E3%83%B3%E3%82%BF%E3%82%B8%E3%83%BC%E3%83%97%E3%83%A9%E3%82%B6%E5%90%8D%E5%8F%A4%E5%B1%8B%E5%BA%97%20%E6%84%9B%E7%9F%A5%E7%9C%8C%E5%90%8D%E5%8F%A4%E5%B1%8B%E5%B8%82%E5%8C%97%E5%8C%BA%E7%8E%84%E9%A6%AC%E7%94%BA234-1%20MEGA%E3%83%89%E3%83%B3%EF%BD%A5%E3%82%AD%E3%83%9B%E3%83%BC%E3%83%86%E5%90%8D%E5%8F%A4%E5%B1%8B%E6%9C%AC%E5%BA%97%E3%82%AF%E3%83%AD%E3%82%B9%E3%82%BF%E3%82%A6%E3%83%B32%E9%9A%8E,2026-10-08,https://dcd.aikatsu.com/encore/pdf/shoplist.pdf,官方列出的設置店；未逐店確認現場稼動、台數與卡片庫存。地址定位尚未逐點核對。
ファンタジープラザ桃花台店,日本 愛知県小牧市古雅1-1 MEGAドン･キホーテUNY桃花台店3階,愛知県,中部,0568-47-0751,https://www.google.com/maps/search/?api=1&query=%E3%83%95%E3%82%A1%E3%83%B3%E3%82%BF%E3%82%B8%E3%83%BC%E3%83%97%E3%83%A9%E3%82%B6%E6%A1%83%E8%8A%B1%E5%8F%B0%E5%BA%97%20%E6%84%9B%E7%9F%A5%E7%9C%8C%E5%B0%8F%E7%89%A7%E5%B8%82%E5%8F%A4%E9%9B%851-1%20MEGA%E3%83%89%E3%83%B3%EF%BD%A5%E3%82%AD%E3%83%9B%E3%83%BC%E3%83%86UNY%E6%A1%83%E8%8A%B1%E5%8F%B0%E5%BA%973%E9%9A%8E,2026-10-08,https://dcd.aikatsu.com/encore/pdf/shoplist.pdf,官方列出的設置店；未逐店確認現場稼動、台數與卡片庫存。地址定位尚未逐點核對。
モーリーファンタジー伊賀上野店,日本 三重県伊賀市上野茅町2519 イオン伊賀上野店2階,三重県,近畿,070-3100-3596,https://www.google.com/maps/search/?api=1&query=%E3%83%A2%E3%83%BC%E3%83%AA%E3%83%BC%E3%83%95%E3%82%A1%E3%83%B3%E3%82%BF%E3%82%B8%E3%83%BC%E4%BC%8A%E8%B3%80%E4%B8%8A%E9%87%8E%E5%BA%97%20%E4%B8%89%E9%87%8D%E7%9C%8C%E4%BC%8A%E8%B3%80%E5%B8%82%E4%B8%8A%E9%87%8E%E8%8C%85%E7%94%BA2519%20%E3%82%A4%E3%82%AA%E3%83%B3%E4%BC%8A%E8%B3%80%E4%B8%8A%E9%87%8E%E5%BA%972%E9%9A%8E,2026-10-08,https://dcd.aikatsu.com/encore/pdf/shoplist.pdf,官方列出的設置店；未逐店確認現場稼動、台數與卡片庫存。地址定位尚未逐點核對。
モーリーファンタジー阿児店,日本 三重県志摩市阿児町鵜方3215 イオン阿児店2階,三重県,近畿,070-3100-3638,https://www.google.com/maps/search/?api=1&query=%E3%83%A2%E3%83%BC%E3%83%AA%E3%83%BC%E3%83%95%E3%82%A1%E3%83%B3%E3%82%BF%E3%82%B8%E3%83%BC%E9%98%BF%E5%85%90%E5%BA%97%20%E4%B8%89%E9%87%8D%E7%9C%8C%E5%BF%97%E6%91%A9%E5%B8%82%E9%98%BF%E5%85%90%E7%94%BA%E9%B5%9C%E6%96%B93215%20%E3%82%A4%E3%82%AA%E3%83%B3%E9%98%BF%E5%85%90%E5%BA%972%E9%9A%8E,2026-10-08,https://dcd.aikatsu.com/encore/pdf/shoplist.pdf,官方列出的設置店；未逐店確認現場稼動、台數與卡片庫存。地址定位尚未逐點核對。
モーリーファンタジー四日市尾平店,日本 三重県四日市市尾平町字天王川原1805 イオン四日市尾平店3階,三重県,近畿,070-3100-3605,https://www.google.com/maps/search/?api=1&query=%E3%83%A2%E3%83%BC%E3%83%AA%E3%83%BC%E3%83%95%E3%82%A1%E3%83%B3%E3%82%BF%E3%82%B8%E3%83%BC%E5%9B%9B%E6%97%A5%E5%B8%82%E5%B0%BE%E5%B9%B3%E5%BA%97%20%E4%B8%89%E9%87%8D%E7%9C%8C%E5%9B%9B%E6%97%A5%E5%B8%82%E5%B8%82%E5%B0%BE%E5%B9%B3%E7%94%BA%E5%AD%97%E5%A4%A9%E7%8E%8B%E5%B7%9D%E5%8E%9F1805%20%E3%82%A4%E3%82%AA%E3%83%B3%E5%9B%9B%E6%97%A5%E5%B8%82%E5%B0%BE%E5%B9%B3%E5%BA%973%E9%9A%8E,2026-10-08,https://dcd.aikatsu.com/encore/pdf/shoplist.pdf,官方列出的設置店；未逐店確認現場稼動、台數與卡片庫存。地址定位尚未逐點核對。
モーリーファンタジーイオン鈴鹿店,日本 三重県鈴鹿市庄野羽山4-1-2 イオン鈴鹿店2階,三重県,近畿,070-3100-3608,https://www.google.com/maps/search/?api=1&query=%E3%83%A2%E3%83%BC%E3%83%AA%E3%83%BC%E3%83%95%E3%82%A1%E3%83%B3%E3%82%BF%E3%82%B8%E3%83%BC%E3%82%A4%E3%82%AA%E3%83%B3%E9%88%B4%E9%B9%BF%E5%BA%97%20%E4%B8%89%E9%87%8D%E7%9C%8C%E9%88%B4%E9%B9%BF%E5%B8%82%E5%BA%84%E9%87%8E%E7%BE%BD%E5%B1%B14-1-2%20%E3%82%A4%E3%82%AA%E3%83%B3%E9%88%B4%E9%B9%BF%E5%BA%972%E9%9A%8E,2026-10-08,https://dcd.aikatsu.com/encore/pdf/shoplist.pdf,官方列出的設置店；未逐店確認現場稼動、台數與卡片庫存。地址定位尚未逐點核對。
モーリーファンタジー四日市北店,日本 三重県四日市市富州原町2-40 イオン四日市北店2階,三重県,近畿,070-3100-3319,https://www.google.com/maps/search/?api=1&query=%E3%83%A2%E3%83%BC%E3%83%AA%E3%83%BC%E3%83%95%E3%82%A1%E3%83%B3%E3%82%BF%E3%82%B8%E3%83%BC%E5%9B%9B%E6%97%A5%E5%B8%82%E5%8C%97%E5%BA%97%20%E4%B8%89%E9%87%8D%E7%9C%8C%E5%9B%9B%E6%97%A5%E5%B8%82%E5%B8%82%E5%AF%8C%E5%B7%9E%E5%8E%9F%E7%94%BA2-40%20%E3%82%A4%E3%82%AA%E3%83%B3%E5%9B%9B%E6%97%A5%E5%B8%82%E5%8C%97%E5%BA%972%E9%9A%8E,2026-10-08,https://dcd.aikatsu.com/encore/pdf/shoplist.pdf,官方列出的設置店；未逐店確認現場稼動、台數與卡片庫存。地址定位尚未逐點核對。
モーリーファンタジー明和店,日本 三重県多気郡明和町中村長波賀1223番地 イオン明和店2階,三重県,近畿,070-3100-3338,https://www.google.com/maps/search/?api=1&query=%E3%83%A2%E3%83%BC%E3%83%AA%E3%83%BC%E3%83%95%E3%82%A1%E3%83%B3%E3%82%BF%E3%82%B8%E3%83%BC%E6%98%8E%E5%92%8C%E5%BA%97%20%E4%B8%89%E9%87%8D%E7%9C%8C%E5%A4%9A%E6%B0%97%E9%83%A1%E6%98%8E%E5%92%8C%E7%94%BA%E4%B8%AD%E6%9D%91%E9%95%B7%E6%B3%A2%E8%B3%801223%E7%95%AA%E5%9C%B0%20%E3%82%A4%E3%82%AA%E3%83%B3%E6%98%8E%E5%92%8C%E5%BA%972%E9%9A%8E,2026-10-08,https://dcd.aikatsu.com/encore/pdf/shoplist.pdf,官方列出的設置店；未逐店確認現場稼動、台數與卡片庫存。地址定位尚未逐點核對。
モーリーファンタジー伊勢ララパーク店,日本 三重県伊勢市小木町曽弥538 イオンタウン伊勢ララパーク2階,三重県,近畿,070-3100-4797,https://www.google.com/maps/search/?api=1&query=%E3%83%A2%E3%83%BC%E3%83%AA%E3%83%BC%E3%83%95%E3%82%A1%E3%83%B3%E3%82%BF%E3%82%B8%E3%83%BC%E4%BC%8A%E5%8B%A2%E3%83%A9%E3%83%A9%E3%83%91%E3%83%BC%E3%82%AF%E5%BA%97%20%E4%B8%89%E9%87%8D%E7%9C%8C%E4%BC%8A%E5%8B%A2%E5%B8%82%E5%B0%8F%E6%9C%A8%E7%94%BA%E6%9B%BD%E5%BC%A5538%20%E3%82%A4%E3%82%AA%E3%83%B3%E3%82%BF%E3%82%A6%E3%83%B3%E4%BC%8A%E5%8B%A2%E3%83%A9%E3%83%A9%E3%83%91%E3%83%BC%E3%82%AF2%E9%9A%8E,2026-10-08,https://dcd.aikatsu.com/encore/pdf/shoplist.pdf,官方列出的設置店；未逐店確認現場稼動、台數與卡片庫存。地址定位尚未逐點核對。
モーリーファンタジー津城山店,日本 三重県津市久居小野辺町1130-7 イオンタウン津城山店2階,三重県,近畿,070-3100-5211,https://www.google.com/maps/search/?api=1&query=%E3%83%A2%E3%83%BC%E3%83%AA%E3%83%BC%E3%83%95%E3%82%A1%E3%83%B3%E3%82%BF%E3%82%B8%E3%83%BC%E6%B4%A5%E5%9F%8E%E5%B1%B1%E5%BA%97%20%E4%B8%89%E9%87%8D%E7%9C%8C%E6%B4%A5%E5%B8%82%E4%B9%85%E5%B1%85%E5%B0%8F%E9%87%8E%E8%BE%BA%E7%94%BA1130-7%20%E3%82%A4%E3%82%AA%E3%83%B3%E3%82%BF%E3%82%A6%E3%83%B3%E6%B4%A5%E5%9F%8E%E5%B1%B1%E5%BA%972%E9%9A%8E,2026-10-08,https://dcd.aikatsu.com/encore/pdf/shoplist.pdf,官方列出的設置店；未逐店確認現場稼動、台數與卡片庫存。地址定位尚未逐點核對。
モーリーファンタジー東員店,日本 三重県員弁郡東員町長深字築田510番地1 イオン東員店３階,三重県,近畿,070-3100-5191,https://www.google.com/maps/search/?api=1&query=%E3%83%A2%E3%83%BC%E3%83%AA%E3%83%BC%E3%83%95%E3%82%A1%E3%83%B3%E3%82%BF%E3%82%B8%E3%83%BC%E6%9D%B1%E5%93%A1%E5%BA%97%20%E4%B8%89%E9%87%8D%E7%9C%8C%E5%93%A1%E5%BC%81%E9%83%A1%E6%9D%B1%E5%93%A1%E7%94%BA%E9%95%B7%E6%B7%B1%E5%AD%97%E7%AF%89%E7%94%B0510%E7%95%AA%E5%9C%B01%20%E3%82%A4%E3%82%AA%E3%83%B3%E6%9D%B1%E5%93%A1%E5%BA%97%EF%BC%93%E9%9A%8E,2026-10-08,https://dcd.aikatsu.com/encore/pdf/shoplist.pdf,官方列出的設置店；未逐店確認現場稼動、台數與卡片庫存。地址定位尚未逐點核對。
モーリーファンタジー桑名店,日本 三重県桑名市新西方1丁目22番地 イオン桑名ショッピングセンター1番街3階,三重県,近畿,070-3100-5163,https://www.google.com/maps/search/?api=1&query=%E3%83%A2%E3%83%BC%E3%83%AA%E3%83%BC%E3%83%95%E3%82%A1%E3%83%B3%E3%82%BF%E3%82%B8%E3%83%BC%E6%A1%91%E5%90%8D%E5%BA%97%20%E4%B8%89%E9%87%8D%E7%9C%8C%E6%A1%91%E5%90%8D%E5%B8%82%E6%96%B0%E8%A5%BF%E6%96%B91%E4%B8%81%E7%9B%AE22%E7%95%AA%E5%9C%B0%20%E3%82%A4%E3%82%AA%E3%83%B3%E6%A1%91%E5%90%8D%E3%82%B7%E3%83%A7%E3%83%83%E3%83%94%E3%83%B3%E3%82%B0%E3%82%BB%E3%83%B3%E3%82%BF%E3%83%BC1%E7%95%AA%E8%A1%973%E9%9A%8E,2026-10-08,https://dcd.aikatsu.com/encore/pdf/shoplist.pdf,官方列出的設置店；未逐店確認現場稼動、台數與卡片庫存。地址定位尚未逐點核對。
モーリーファンタジー津南店,日本 三重県津市高茶屋小森町145 イオンモール津南3F,三重県,近畿,070-3100-4616,https://www.google.com/maps/search/?api=1&query=%E3%83%A2%E3%83%BC%E3%83%AA%E3%83%BC%E3%83%95%E3%82%A1%E3%83%B3%E3%82%BF%E3%82%B8%E3%83%BC%E6%B4%A5%E5%8D%97%E5%BA%97%20%E4%B8%89%E9%87%8D%E7%9C%8C%E6%B4%A5%E5%B8%82%E9%AB%98%E8%8C%B6%E5%B1%8B%E5%B0%8F%E6%A3%AE%E7%94%BA145%20%E3%82%A4%E3%82%AA%E3%83%B3%E3%83%A2%E3%83%BC%E3%83%AB%E6%B4%A5%E5%8D%973F,2026-10-08,https://dcd.aikatsu.com/encore/pdf/shoplist.pdf,官方列出的設置店；未逐店確認現場稼動、台數與卡片庫存。地址定位尚未逐點核對。
モーリーファンタジー四日市泊店,日本 三重県四日市市泊小柳町4-5 イオンタウン四日市泊2階,三重県,近畿,070-3100-3591,https://www.google.com/maps/search/?api=1&query=%E3%83%A2%E3%83%BC%E3%83%AA%E3%83%BC%E3%83%95%E3%82%A1%E3%83%B3%E3%82%BF%E3%82%B8%E3%83%BC%E5%9B%9B%E6%97%A5%E5%B8%82%E6%B3%8A%E5%BA%97%20%E4%B8%89%E9%87%8D%E7%9C%8C%E5%9B%9B%E6%97%A5%E5%B8%82%E5%B8%82%E6%B3%8A%E5%B0%8F%E6%9F%B3%E7%94%BA4-5%20%E3%82%A4%E3%82%AA%E3%83%B3%E3%82%BF%E3%82%A6%E3%83%B3%E5%9B%9B%E6%97%A5%E5%B8%82%E6%B3%8A2%E9%9A%8E,2026-10-08,https://dcd.aikatsu.com/encore/pdf/shoplist.pdf,官方列出的設置店；未逐店確認現場稼動、台數與卡片庫存。地址定位尚未逐點核對。
モーリーファンタジー名張店,日本 三重県名張市元町376 イオン名張店3階,三重県,近畿,080-4886-7886,https://www.google.com/maps/search/?api=1&query=%E3%83%A2%E3%83%BC%E3%83%AA%E3%83%BC%E3%83%95%E3%82%A1%E3%83%B3%E3%82%BF%E3%82%B8%E3%83%BC%E5%90%8D%E5%BC%B5%E5%BA%97%20%E4%B8%89%E9%87%8D%E7%9C%8C%E5%90%8D%E5%BC%B5%E5%B8%82%E5%85%83%E7%94%BA376%20%E3%82%A4%E3%82%AA%E3%83%B3%E5%90%8D%E5%BC%B5%E5%BA%973%E9%9A%8E,2026-10-08,https://dcd.aikatsu.com/encore/pdf/shoplist.pdf,官方列出的設置店；未逐店確認現場稼動、台數與卡片庫存。地址定位尚未逐點核對。
アピタ松阪三雲,日本 三重県松阪市市場庄町１２６６－１,三重県,近畿,0598-56-7988,https://www.google.com/maps/search/?api=1&query=%E3%82%A2%E3%83%94%E3%82%BF%E6%9D%BE%E9%98%AA%E4%B8%89%E9%9B%B2%20%E4%B8%89%E9%87%8D%E7%9C%8C%E6%9D%BE%E9%98%AA%E5%B8%82%E5%B8%82%E5%A0%B4%E5%BA%84%E7%94%BA%EF%BC%91%EF%BC%92%EF%BC%96%EF%BC%96%EF%BC%8D%EF%BC%91,2026-10-08,https://dcd.aikatsu.com/encore/pdf/shoplist.pdf,官方列出的設置店；未逐店確認現場稼動、台數與卡片庫存。地址定位尚未逐點核對。
アピタ桑名,日本 三重県桑名市中央町３－２１,三重県,近畿,0594-23-8111,https://www.google.com/maps/search/?api=1&query=%E3%82%A2%E3%83%94%E3%82%BF%E6%A1%91%E5%90%8D%20%E4%B8%89%E9%87%8D%E7%9C%8C%E6%A1%91%E5%90%8D%E5%B8%82%E4%B8%AD%E5%A4%AE%E7%94%BA%EF%BC%93%EF%BC%8D%EF%BC%92%EF%BC%91,2026-10-08,https://dcd.aikatsu.com/encore/pdf/shoplist.pdf,官方列出的設置店；未逐店確認現場稼動、台數與卡片庫存。地址定位尚未逐點核對。
ＭＥＧＡドン・キホーテＵＮＹ鈴鹿,日本 三重県鈴鹿市南玉垣町３６２８番,三重県,近畿,059-388-8911,https://www.google.com/maps/search/?api=1&query=%EF%BC%AD%EF%BC%A5%EF%BC%A7%EF%BC%A1%E3%83%89%E3%83%B3%E3%83%BB%E3%82%AD%E3%83%9B%E3%83%BC%E3%83%86%EF%BC%B5%EF%BC%AE%EF%BC%B9%E9%88%B4%E9%B9%BF%20%E4%B8%89%E9%87%8D%E7%9C%8C%E9%88%B4%E9%B9%BF%E5%B8%82%E5%8D%97%E7%8E%89%E5%9E%A3%E7%94%BA%EF%BC%93%EF%BC%96%EF%BC%92%EF%BC%98%E7%95%AA,2026-10-08,https://dcd.aikatsu.com/encore/pdf/shoplist.pdf,官方列出的設置店；未逐店確認現場稼動、台數與卡片庫存。地址定位尚未逐點核對。
イオン伊勢店,日本 三重県伊勢市楠部町乙１６０－２,三重県,近畿,0596-26-1500,https://www.google.com/maps/search/?api=1&query=%E3%82%A4%E3%82%AA%E3%83%B3%E4%BC%8A%E5%8B%A2%E5%BA%97%20%E4%B8%89%E9%87%8D%E7%9C%8C%E4%BC%8A%E5%8B%A2%E5%B8%82%E6%A5%A0%E9%83%A8%E7%94%BA%E4%B9%99%EF%BC%91%EF%BC%96%EF%BC%90%EF%BC%8D%EF%BC%92,2026-10-08,https://dcd.aikatsu.com/encore/pdf/shoplist.pdf,官方列出的設置店；未逐店確認現場稼動、台數與卡片庫存。地址定位尚未逐點核對。
GiGOトナリエ四日市,日本 三重県四日市市安島１－３－３１ トナリエ四日市５階,三重県,近畿,059-356-3385,https://www.google.com/maps/search/?api=1&query=GiGO%E3%83%88%E3%83%8A%E3%83%AA%E3%82%A8%E5%9B%9B%E6%97%A5%E5%B8%82%20%E4%B8%89%E9%87%8D%E7%9C%8C%E5%9B%9B%E6%97%A5%E5%B8%82%E5%B8%82%E5%AE%89%E5%B3%B6%EF%BC%91%EF%BC%8D%EF%BC%93%EF%BC%8D%EF%BC%93%EF%BC%91%20%E3%83%88%E3%83%8A%E3%83%AA%E3%82%A8%E5%9B%9B%E6%97%A5%E5%B8%82%EF%BC%95%E9%9A%8E,2026-10-08,https://dcd.aikatsu.com/encore/pdf/shoplist.pdf,官方列出的設置店；未逐店確認現場稼動、台數與卡片庫存。地址定位尚未逐點核對。
GiGO MEGAドン･キホーテUNY鈴鹿,日本 三重県鈴鹿市南玉垣町3628 MEGAﾄﾞﾝ・ｷﾎｰﾃUNY鈴鹿店 2F,三重県,近畿,070-6966-1271,https://www.google.com/maps/search/?api=1&query=GiGO%20MEGA%E3%83%89%E3%83%B3%EF%BD%A5%E3%82%AD%E3%83%9B%E3%83%BC%E3%83%86UNY%E9%88%B4%E9%B9%BF%20%E4%B8%89%E9%87%8D%E7%9C%8C%E9%88%B4%E9%B9%BF%E5%B8%82%E5%8D%97%E7%8E%89%E5%9E%A3%E7%94%BA3628%20MEGA%EF%BE%84%EF%BE%9E%EF%BE%9D%E3%83%BB%EF%BD%B7%EF%BE%8E%EF%BD%B0%EF%BE%83UNY%E9%88%B4%E9%B9%BF%E5%BA%97%202F,2026-10-08,https://dcd.aikatsu.com/encore/pdf/shoplist.pdf,官方列出的設置店；未逐店確認現場稼動、台數與卡片庫存。地址定位尚未逐點核對。
ｎａｍｃｏイオンモール鈴鹿店,日本 三重県鈴鹿市庄野羽山４－１－２ イオンモール鈴鹿２Ｆ,三重県,近畿,0570-087688,https://www.google.com/maps/search/?api=1&query=%EF%BD%8E%EF%BD%81%EF%BD%8D%EF%BD%83%EF%BD%8F%E3%82%A4%E3%82%AA%E3%83%B3%E3%83%A2%E3%83%BC%E3%83%AB%E9%88%B4%E9%B9%BF%E5%BA%97%20%E4%B8%89%E9%87%8D%E7%9C%8C%E9%88%B4%E9%B9%BF%E5%B8%82%E5%BA%84%E9%87%8E%E7%BE%BD%E5%B1%B1%EF%BC%94%EF%BC%8D%EF%BC%91%EF%BC%8D%EF%BC%92%20%E3%82%A4%E3%82%AA%E3%83%B3%E3%83%A2%E3%83%BC%E3%83%AB%E9%88%B4%E9%B9%BF%EF%BC%92%EF%BC%A6,2026-10-08,https://dcd.aikatsu.com/encore/pdf/shoplist.pdf,官方列出的設置店；未逐店確認現場稼動、台數與卡片庫存。地址定位尚未逐點核對。
アピナ四日市店,日本 三重県四日市市泊小柳町4-34,三重県,近畿,059-349-5011,https://www.google.com/maps/search/?api=1&query=%E3%82%A2%E3%83%94%E3%83%8A%E5%9B%9B%E6%97%A5%E5%B8%82%E5%BA%97%20%E4%B8%89%E9%87%8D%E7%9C%8C%E5%9B%9B%E6%97%A5%E5%B8%82%E5%B8%82%E6%B3%8A%E5%B0%8F%E6%9F%B3%E7%94%BA4-34,2026-10-08,https://dcd.aikatsu.com/encore/pdf/shoplist.pdf,官方列出的設置店；未逐店確認現場稼動、台數與卡片庫存。地址定位尚未逐點核對。
アピナ鈴鹿店,日本 三重県鈴鹿市庄野羽山４－２０－１イオンタウン鈴鹿２Ｆ,三重県,近畿,059-375-3739,https://www.google.com/maps/search/?api=1&query=%E3%82%A2%E3%83%94%E3%83%8A%E9%88%B4%E9%B9%BF%E5%BA%97%20%E4%B8%89%E9%87%8D%E7%9C%8C%E9%88%B4%E9%B9%BF%E5%B8%82%E5%BA%84%E9%87%8E%E7%BE%BD%E5%B1%B1%EF%BC%94%EF%BC%8D%EF%BC%92%EF%BC%90%EF%BC%8D%EF%BC%91%E3%82%A4%E3%82%AA%E3%83%B3%E3%82%BF%E3%82%A6%E3%83%B3%E9%88%B4%E9%B9%BF%EF%BC%92%EF%BC%A6,2026-10-08,https://dcd.aikatsu.com/encore/pdf/shoplist.pdf,官方列出的設置店；未逐店確認現場稼動、台數與卡片庫存。地址定位尚未逐點核對。
アピナ松阪店,日本 三重県松阪市船江町1392-27イオンタウン松阪船江A棟2階,三重県,近畿,0598-31-1077,https://www.google.com/maps/search/?api=1&query=%E3%82%A2%E3%83%94%E3%83%8A%E6%9D%BE%E9%98%AA%E5%BA%97%20%E4%B8%89%E9%87%8D%E7%9C%8C%E6%9D%BE%E9%98%AA%E5%B8%82%E8%88%B9%E6%B1%9F%E7%94%BA1392-27%E3%82%A4%E3%82%AA%E3%83%B3%E3%82%BF%E3%82%A6%E3%83%B3%E6%9D%BE%E9%98%AA%E8%88%B9%E6%B1%9FA%E6%A3%9F2%E9%9A%8E,2026-10-08,https://dcd.aikatsu.com/encore/pdf/shoplist.pdf,官方列出的設置店；未逐店確認現場稼動、台數與卡片庫存。地址定位尚未逐點核對。
モーリーファンタジー草津店,日本 滋賀県草津市新浜町300 イオン草津店3階,滋賀県,近畿,070-3100-4818,https://www.google.com/maps/search/?api=1&query=%E3%83%A2%E3%83%BC%E3%83%AA%E3%83%BC%E3%83%95%E3%82%A1%E3%83%B3%E3%82%BF%E3%82%B8%E3%83%BC%E8%8D%89%E6%B4%A5%E5%BA%97%20%E6%BB%8B%E8%B3%80%E7%9C%8C%E8%8D%89%E6%B4%A5%E5%B8%82%E6%96%B0%E6%B5%9C%E7%94%BA300%20%E3%82%A4%E3%82%AA%E3%83%B3%E8%8D%89%E6%B4%A5%E5%BA%973%E9%9A%8E,2026-10-08,https://dcd.aikatsu.com/encore/pdf/shoplist.pdf,官方列出的設置店；未逐店確認現場稼動、台數與卡片庫存。地址定位尚未逐點核對。
モーリーファンタジーイオン近江八幡店,日本 滋賀県近江八幡市鷹飼町南3丁目7番 イオン近江八幡店3階,滋賀県,近畿,070-3100-4287,https://www.google.com/maps/search/?api=1&query=%E3%83%A2%E3%83%BC%E3%83%AA%E3%83%BC%E3%83%95%E3%82%A1%E3%83%B3%E3%82%BF%E3%82%B8%E3%83%BC%E3%82%A4%E3%82%AA%E3%83%B3%E8%BF%91%E6%B1%9F%E5%85%AB%E5%B9%A1%E5%BA%97%20%E6%BB%8B%E8%B3%80%E7%9C%8C%E8%BF%91%E6%B1%9F%E5%85%AB%E5%B9%A1%E5%B8%82%E9%B7%B9%E9%A3%BC%E7%94%BA%E5%8D%973%E4%B8%81%E7%9B%AE7%E7%95%AA%20%E3%82%A4%E3%82%AA%E3%83%B3%E8%BF%91%E6%B1%9F%E5%85%AB%E5%B9%A1%E5%BA%973%E9%9A%8E,2026-10-08,https://dcd.aikatsu.com/encore/pdf/shoplist.pdf,官方列出的設置店；未逐店確認現場稼動、台數與卡片庫存。地址定位尚未逐點核對。
モーリーファンタジー長浜店,日本 滋賀県長浜市山階町271-1 イオン長浜店2階,滋賀県,近畿,070-3100-4691,https://www.google.com/maps/search/?api=1&query=%E3%83%A2%E3%83%BC%E3%83%AA%E3%83%BC%E3%83%95%E3%82%A1%E3%83%B3%E3%82%BF%E3%82%B8%E3%83%BC%E9%95%B7%E6%B5%9C%E5%BA%97%20%E6%BB%8B%E8%B3%80%E7%9C%8C%E9%95%B7%E6%B5%9C%E5%B8%82%E5%B1%B1%E9%9A%8E%E7%94%BA271-1%20%E3%82%A4%E3%82%AA%E3%83%B3%E9%95%B7%E6%B5%9C%E5%BA%972%E9%9A%8E,2026-10-08,https://dcd.aikatsu.com/encore/pdf/shoplist.pdf,官方列出的設置店；未逐店確認現場稼動、台數與卡片庫存。地址定位尚未逐點核對。
モーリーファンタジーベイシア彦根店,日本 滋賀県彦根市馬場2-1-1 ベイシア彦根店1階,滋賀県,近畿,070-3100-4614,https://www.google.com/maps/search/?api=1&query=%E3%83%A2%E3%83%BC%E3%83%AA%E3%83%BC%E3%83%95%E3%82%A1%E3%83%B3%E3%82%BF%E3%82%B8%E3%83%BC%E3%83%99%E3%82%A4%E3%82%B7%E3%82%A2%E5%BD%A6%E6%A0%B9%E5%BA%97%20%E6%BB%8B%E8%B3%80%E7%9C%8C%E5%BD%A6%E6%A0%B9%E5%B8%82%E9%A6%AC%E5%A0%B42-1-1%20%E3%83%99%E3%82%A4%E3%82%B7%E3%82%A2%E5%BD%A6%E6%A0%B9%E5%BA%971%E9%9A%8E,2026-10-08,https://dcd.aikatsu.com/encore/pdf/shoplist.pdf,官方列出的設置店；未逐店確認現場稼動、台數與卡片庫存。地址定位尚未逐點核對。
モーリーファンタジー大津一里山店,日本 滋賀県大津市一里山7丁目1-1 フォレオ大津一里山2階,滋賀県,近畿,070-3100-6134,https://www.google.com/maps/search/?api=1&query=%E3%83%A2%E3%83%BC%E3%83%AA%E3%83%BC%E3%83%95%E3%82%A1%E3%83%B3%E3%82%BF%E3%82%B8%E3%83%BC%E5%A4%A7%E6%B4%A5%E4%B8%80%E9%87%8C%E5%B1%B1%E5%BA%97%20%E6%BB%8B%E8%B3%80%E7%9C%8C%E5%A4%A7%E6%B4%A5%E5%B8%82%E4%B8%80%E9%87%8C%E5%B1%B17%E4%B8%81%E7%9B%AE1-1%20%E3%83%95%E3%82%A9%E3%83%AC%E3%82%AA%E5%A4%A7%E6%B4%A5%E4%B8%80%E9%87%8C%E5%B1%B12%E9%9A%8E,2026-10-08,https://dcd.aikatsu.com/encore/pdf/shoplist.pdf,官方列出的設置店；未逐店確認現場稼動、台數與卡片庫存。地址定位尚未逐點核對。
GiGOエイスクエア草津,日本 滋賀県草津市西渋川1-23-23 ​A/SQUARE ​SARA南館2F,滋賀県,近畿,070-1459-3852,https://www.google.com/maps/search/?api=1&query=GiGO%E3%82%A8%E3%82%A4%E3%82%B9%E3%82%AF%E3%82%A8%E3%82%A2%E8%8D%89%E6%B4%A5%20%E6%BB%8B%E8%B3%80%E7%9C%8C%E8%8D%89%E6%B4%A5%E5%B8%82%E8%A5%BF%E6%B8%8B%E5%B7%9D1-23-23%20%E2%80%8BA/SQUARE%20%E2%80%8BSARA%E5%8D%97%E9%A4%A82F,2026-10-08,https://dcd.aikatsu.com/encore/pdf/shoplist.pdf,官方列出的設置店；未逐店確認現場稼動、台數與卡片庫存。地址定位尚未逐點核對。
スキップパーク,日本 滋賀県大津市本堅田5-20-10アルプラザ堅田3階,滋賀県,近畿,077-573-2141,https://www.google.com/maps/search/?api=1&query=%E3%82%B9%E3%82%AD%E3%83%83%E3%83%97%E3%83%91%E3%83%BC%E3%82%AF%20%E6%BB%8B%E8%B3%80%E7%9C%8C%E5%A4%A7%E6%B4%A5%E5%B8%82%E6%9C%AC%E5%A0%85%E7%94%B05-20-10%E3%82%A2%E3%83%AB%E3%83%97%E3%83%A9%E3%82%B6%E5%A0%85%E7%94%B03%E9%9A%8E,2026-10-08,https://dcd.aikatsu.com/encore/pdf/shoplist.pdf,官方列出的設置店；未逐店確認現場稼動、台數與卡片庫存。地址定位尚未逐點核對。
ゲームランド草津店,日本 滋賀県草津市新浜町３００番地イオン草津３階,滋賀県,近畿,077-569-2015,https://www.google.com/maps/search/?api=1&query=%E3%82%B2%E3%83%BC%E3%83%A0%E3%83%A9%E3%83%B3%E3%83%89%E8%8D%89%E6%B4%A5%E5%BA%97%20%E6%BB%8B%E8%B3%80%E7%9C%8C%E8%8D%89%E6%B4%A5%E5%B8%82%E6%96%B0%E6%B5%9C%E7%94%BA%EF%BC%93%EF%BC%90%EF%BC%90%E7%95%AA%E5%9C%B0%E3%82%A4%E3%82%AA%E3%83%B3%E8%8D%89%E6%B4%A5%EF%BC%93%E9%9A%8E,2026-10-08,https://dcd.aikatsu.com/encore/pdf/shoplist.pdf,官方列出的設置店；未逐店確認現場稼動、台數與卡片庫存。地址定位尚未逐點核對。
ｎａｍｃｏビバシティ彦根店,日本 滋賀県彦根市竹ヶ鼻町４３－１ ビバシティ彦根２Ｆ,滋賀県,近畿,0570-087603,https://www.google.com/maps/search/?api=1&query=%EF%BD%8E%EF%BD%81%EF%BD%8D%EF%BD%83%EF%BD%8F%E3%83%93%E3%83%90%E3%82%B7%E3%83%86%E3%82%A3%E5%BD%A6%E6%A0%B9%E5%BA%97%20%E6%BB%8B%E8%B3%80%E7%9C%8C%E5%BD%A6%E6%A0%B9%E5%B8%82%E7%AB%B9%E3%83%B6%E9%BC%BB%E7%94%BA%EF%BC%94%EF%BC%93%EF%BC%8D%EF%BC%91%20%E3%83%93%E3%83%90%E3%82%B7%E3%83%86%E3%82%A3%E5%BD%A6%E6%A0%B9%EF%BC%92%EF%BC%A6,2026-10-08,https://dcd.aikatsu.com/encore/pdf/shoplist.pdf,官方列出的設置店；未逐店確認現場稼動、台數與卡片庫存。地址定位尚未逐點核對。
ピエリ守山アミューズパーク,日本 滋賀県守山市今浜町２６２０ー２ ピエリ守山店１階,滋賀県,近畿,077-516-8720,https://www.google.com/maps/search/?api=1&query=%E3%83%94%E3%82%A8%E3%83%AA%E5%AE%88%E5%B1%B1%E3%82%A2%E3%83%9F%E3%83%A5%E3%83%BC%E3%82%BA%E3%83%91%E3%83%BC%E3%82%AF%20%E6%BB%8B%E8%B3%80%E7%9C%8C%E5%AE%88%E5%B1%B1%E5%B8%82%E4%BB%8A%E6%B5%9C%E7%94%BA%EF%BC%92%EF%BC%96%EF%BC%92%EF%BC%90%E3%83%BC%EF%BC%92%20%E3%83%94%E3%82%A8%E3%83%AA%E5%AE%88%E5%B1%B1%E5%BA%97%EF%BC%91%E9%9A%8E,2026-10-08,https://dcd.aikatsu.com/encore/pdf/shoplist.pdf,官方列出的設置店；未逐店確認現場稼動、台數與卡片庫存。地址定位尚未逐點核對。
アピナキッズパーク大津京,日本 滋賀県大津市二本松1-1BRANCH大津京A棟,滋賀県,近畿,074-524-9922,https://www.google.com/maps/search/?api=1&query=%E3%82%A2%E3%83%94%E3%83%8A%E3%82%AD%E3%83%83%E3%82%BA%E3%83%91%E3%83%BC%E3%82%AF%E5%A4%A7%E6%B4%A5%E4%BA%AC%20%E6%BB%8B%E8%B3%80%E7%9C%8C%E5%A4%A7%E6%B4%A5%E5%B8%82%E4%BA%8C%E6%9C%AC%E6%9D%BE1-1BRANCH%E5%A4%A7%E6%B4%A5%E4%BA%ACA%E6%A3%9F,2026-10-08,https://dcd.aikatsu.com/encore/pdf/shoplist.pdf,官方列出的設置店；未逐店確認現場稼動、台數與卡片庫存。地址定位尚未逐點核對。
エースレーン草津,日本 滋賀県草津市野路3丁目1-5,滋賀県,近畿,077-569-0373,https://www.google.com/maps/search/?api=1&query=%E3%82%A8%E3%83%BC%E3%82%B9%E3%83%AC%E3%83%BC%E3%83%B3%E8%8D%89%E6%B4%A5%20%E6%BB%8B%E8%B3%80%E7%9C%8C%E8%8D%89%E6%B4%A5%E5%B8%82%E9%87%8E%E8%B7%AF3%E4%B8%81%E7%9B%AE1-5,2026-10-08,https://dcd.aikatsu.com/encore/pdf/shoplist.pdf,官方列出的設置店；未逐店確認現場稼動、台數與卡片庫存。地址定位尚未逐點核對。
モーリーファンタジー洛南店,日本 京都府京都市南区吉祥院御池町31 イオン洛南店2階,京都府,近畿,070-3100-4703,https://www.google.com/maps/search/?api=1&query=%E3%83%A2%E3%83%BC%E3%83%AA%E3%83%BC%E3%83%95%E3%82%A1%E3%83%B3%E3%82%BF%E3%82%B8%E3%83%BC%E6%B4%9B%E5%8D%97%E5%BA%97%20%E4%BA%AC%E9%83%BD%E5%BA%9C%E4%BA%AC%E9%83%BD%E5%B8%82%E5%8D%97%E5%8C%BA%E5%90%89%E7%A5%A5%E9%99%A2%E5%BE%A1%E6%B1%A0%E7%94%BA31%20%E3%82%A4%E3%82%AA%E3%83%B3%E6%B4%9B%E5%8D%97%E5%BA%972%E9%9A%8E,2026-10-08,https://dcd.aikatsu.com/encore/pdf/shoplist.pdf,官方列出的設置店；未逐店確認現場稼動、台數與卡片庫存。地址定位尚未逐點核對。
モーリーファンタジー福知山店,日本 京都府福知山市岩井79-8 イオン福知山店2階,京都府,近畿,070-3100-4699,https://www.google.com/maps/search/?api=1&query=%E3%83%A2%E3%83%BC%E3%83%AA%E3%83%BC%E3%83%95%E3%82%A1%E3%83%B3%E3%82%BF%E3%82%B8%E3%83%BC%E7%A6%8F%E7%9F%A5%E5%B1%B1%E5%BA%97%20%E4%BA%AC%E9%83%BD%E5%BA%9C%E7%A6%8F%E7%9F%A5%E5%B1%B1%E5%B8%82%E5%B2%A9%E4%BA%9579-8%20%E3%82%A4%E3%82%AA%E3%83%B3%E7%A6%8F%E7%9F%A5%E5%B1%B1%E5%BA%972%E9%9A%8E,2026-10-08,https://dcd.aikatsu.com/encore/pdf/shoplist.pdf,官方列出的設置店；未逐店確認現場稼動、台數與卡片庫存。地址定位尚未逐點核對。
モーリーファンタジー久御山店,日本 京都府久世郡久御山町森南大内156-1 イオン久御山店２階,京都府,近畿,070-3100-4683,https://www.google.com/maps/search/?api=1&query=%E3%83%A2%E3%83%BC%E3%83%AA%E3%83%BC%E3%83%95%E3%82%A1%E3%83%B3%E3%82%BF%E3%82%B8%E3%83%BC%E4%B9%85%E5%BE%A1%E5%B1%B1%E5%BA%97%20%E4%BA%AC%E9%83%BD%E5%BA%9C%E4%B9%85%E4%B8%96%E9%83%A1%E4%B9%85%E5%BE%A1%E5%B1%B1%E7%94%BA%E6%A3%AE%E5%8D%97%E5%A4%A7%E5%86%85156-1%20%E3%82%A4%E3%82%AA%E3%83%B3%E4%B9%85%E5%BE%A1%E5%B1%B1%E5%BA%97%EF%BC%92%E9%9A%8E,2026-10-08,https://dcd.aikatsu.com/encore/pdf/shoplist.pdf,官方列出的設置店；未逐店確認現場稼動、台數與卡片庫存。地址定位尚未逐點核對。
モーリーファンタジー京都五条店,日本 京都府京都市右京区西院追分町25-1 イオン京都五条店2階,京都府,近畿,070-3100-4705,https://www.google.com/maps/search/?api=1&query=%E3%83%A2%E3%83%BC%E3%83%AA%E3%83%BC%E3%83%95%E3%82%A1%E3%83%B3%E3%82%BF%E3%82%B8%E3%83%BC%E4%BA%AC%E9%83%BD%E4%BA%94%E6%9D%A1%E5%BA%97%20%E4%BA%AC%E9%83%BD%E5%BA%9C%E4%BA%AC%E9%83%BD%E5%B8%82%E5%8F%B3%E4%BA%AC%E5%8C%BA%E8%A5%BF%E9%99%A2%E8%BF%BD%E5%88%86%E7%94%BA25-1%20%E3%82%A4%E3%82%AA%E3%83%B3%E4%BA%AC%E9%83%BD%E4%BA%94%E6%9D%A1%E5%BA%972%E9%9A%8E,2026-10-08,https://dcd.aikatsu.com/encore/pdf/shoplist.pdf,官方列出的設置店；未逐店確認現場稼動、台數與卡片庫存。地址定位尚未逐點核對。
モーリーファンタジー高の原店,日本 京都府木津川市相楽台1-1-1 イオン高の原店4階,京都府,近畿,070-3100-4360,https://www.google.com/maps/search/?api=1&query=%E3%83%A2%E3%83%BC%E3%83%AA%E3%83%BC%E3%83%95%E3%82%A1%E3%83%B3%E3%82%BF%E3%82%B8%E3%83%BC%E9%AB%98%E3%81%AE%E5%8E%9F%E5%BA%97%20%E4%BA%AC%E9%83%BD%E5%BA%9C%E6%9C%A8%E6%B4%A5%E5%B7%9D%E5%B8%82%E7%9B%B8%E6%A5%BD%E5%8F%B01-1-1%20%E3%82%A4%E3%82%AA%E3%83%B3%E9%AB%98%E3%81%AE%E5%8E%9F%E5%BA%974%E9%9A%8E,2026-10-08,https://dcd.aikatsu.com/encore/pdf/shoplist.pdf,官方列出的設置店；未逐店確認現場稼動、台數與卡片庫存。地址定位尚未逐點核對。
モーリーファンタジー京都桂川店,日本 京都府京都市南区久世高田町376-1 イオン京都桂川店3階,京都府,近畿,070-3100-3554,https://www.google.com/maps/search/?api=1&query=%E3%83%A2%E3%83%BC%E3%83%AA%E3%83%BC%E3%83%95%E3%82%A1%E3%83%B3%E3%82%BF%E3%82%B8%E3%83%BC%E4%BA%AC%E9%83%BD%E6%A1%82%E5%B7%9D%E5%BA%97%20%E4%BA%AC%E9%83%BD%E5%BA%9C%E4%BA%AC%E9%83%BD%E5%B8%82%E5%8D%97%E5%8C%BA%E4%B9%85%E4%B8%96%E9%AB%98%E7%94%B0%E7%94%BA376-1%20%E3%82%A4%E3%82%AA%E3%83%B3%E4%BA%AC%E9%83%BD%E6%A1%82%E5%B7%9D%E5%BA%973%E9%9A%8E,2026-10-08,https://dcd.aikatsu.com/encore/pdf/shoplist.pdf,官方列出的設置店；未逐店確認現場稼動、台數與卡片庫存。地址定位尚未逐點核對。
モーリーファンタジー洛北阪急スクエア店,日本 京都府京都市左京区高野西開町35 阪急カナート洛北2階,京都府,近畿,070-3100-6104,https://www.google.com/maps/search/?api=1&query=%E3%83%A2%E3%83%BC%E3%83%AA%E3%83%BC%E3%83%95%E3%82%A1%E3%83%B3%E3%82%BF%E3%82%B8%E3%83%BC%E6%B4%9B%E5%8C%97%E9%98%AA%E6%80%A5%E3%82%B9%E3%82%AF%E3%82%A8%E3%82%A2%E5%BA%97%20%E4%BA%AC%E9%83%BD%E5%BA%9C%E4%BA%AC%E9%83%BD%E5%B8%82%E5%B7%A6%E4%BA%AC%E5%8C%BA%E9%AB%98%E9%87%8E%E8%A5%BF%E9%96%8B%E7%94%BA35%20%E9%98%AA%E6%80%A5%E3%82%AB%E3%83%8A%E3%83%BC%E3%83%88%E6%B4%9B%E5%8C%972%E9%9A%8E,2026-10-08,https://dcd.aikatsu.com/encore/pdf/shoplist.pdf,官方列出的設置店；未逐店確認現場稼動、台數與卡片庫存。地址定位尚未逐點核對。
モーリーファンタジー桂南店,日本 京都府京都市南区久世上久世町485 ダイエー桂南店2階,京都府,近畿,070-3100-7478,https://www.google.com/maps/search/?api=1&query=%E3%83%A2%E3%83%BC%E3%83%AA%E3%83%BC%E3%83%95%E3%82%A1%E3%83%B3%E3%82%BF%E3%82%B8%E3%83%BC%E6%A1%82%E5%8D%97%E5%BA%97%20%E4%BA%AC%E9%83%BD%E5%BA%9C%E4%BA%AC%E9%83%BD%E5%B8%82%E5%8D%97%E5%8C%BA%E4%B9%85%E4%B8%96%E4%B8%8A%E4%B9%85%E4%B8%96%E7%94%BA485%20%E3%83%80%E3%82%A4%E3%82%A8%E3%83%BC%E6%A1%82%E5%8D%97%E5%BA%972%E9%9A%8E,2026-10-08,https://dcd.aikatsu.com/encore/pdf/shoplist.pdf,官方列出的設置店；未逐店確認現場稼動、台數與卡片庫存。地址定位尚未逐點核對。
モーリーファンタジー綾部店,日本 京都府綾部市綾中町花ノ木30 バザールタウン綾部2階,京都府,近畿,070-3100-6131,https://www.google.com/maps/search/?api=1&query=%E3%83%A2%E3%83%BC%E3%83%AA%E3%83%BC%E3%83%95%E3%82%A1%E3%83%B3%E3%82%BF%E3%82%B8%E3%83%BC%E7%B6%BE%E9%83%A8%E5%BA%97%20%E4%BA%AC%E9%83%BD%E5%BA%9C%E7%B6%BE%E9%83%A8%E5%B8%82%E7%B6%BE%E4%B8%AD%E7%94%BA%E8%8A%B1%E3%83%8E%E6%9C%A830%20%E3%83%90%E3%82%B6%E3%83%BC%E3%83%AB%E3%82%BF%E3%82%A6%E3%83%B3%E7%B6%BE%E9%83%A82%E9%9A%8E,2026-10-08,https://dcd.aikatsu.com/encore/pdf/shoplist.pdf,官方列出的設置店；未逐店確認現場稼動、台數與卡片庫存。地址定位尚未逐點核對。
ヨドバシカメラ マルチメディア京都,日本 京都府京都市下京区京都駅前 京都タワー横,京都府,近畿,075-351-1010,https://www.google.com/maps/search/?api=1&query=%E3%83%A8%E3%83%89%E3%83%90%E3%82%B7%E3%82%AB%E3%83%A1%E3%83%A9%20%E3%83%9E%E3%83%AB%E3%83%81%E3%83%A1%E3%83%87%E3%82%A3%E3%82%A2%E4%BA%AC%E9%83%BD%20%E4%BA%AC%E9%83%BD%E5%BA%9C%E4%BA%AC%E9%83%BD%E5%B8%82%E4%B8%8B%E4%BA%AC%E5%8C%BA%E4%BA%AC%E9%83%BD%E9%A7%85%E5%89%8D%20%E4%BA%AC%E9%83%BD%E3%82%BF%E3%83%AF%E3%83%BC%E6%A8%AA,2026-10-08,https://dcd.aikatsu.com/encore/pdf/shoplist.pdf,官方列出的設置店；未逐店確認現場稼動、台數與卡片庫存。地址定位尚未逐點核對。
アミューズメントジョイパーク,日本 京都府相楽郡精華町精華台9-2-4アピタタウンけいはんな西館2階,京都府,近畿,0774-98-3849,https://www.google.com/maps/search/?api=1&query=%E3%82%A2%E3%83%9F%E3%83%A5%E3%83%BC%E3%82%BA%E3%83%A1%E3%83%B3%E3%83%88%E3%82%B8%E3%83%A7%E3%82%A4%E3%83%91%E3%83%BC%E3%82%AF%20%E4%BA%AC%E9%83%BD%E5%BA%9C%E7%9B%B8%E6%A5%BD%E9%83%A1%E7%B2%BE%E8%8F%AF%E7%94%BA%E7%B2%BE%E8%8F%AF%E5%8F%B09-2-4%E3%82%A2%E3%83%94%E3%82%BF%E3%82%BF%E3%82%A6%E3%83%B3%E3%81%91%E3%81%84%E3%81%AF%E3%82%93%E3%81%AA%E8%A5%BF%E9%A4%A82%E9%9A%8E,2026-10-08,https://dcd.aikatsu.com/encore/pdf/shoplist.pdf,官方列出的設置店；未逐店確認現場稼動、台數與卡片庫存。地址定位尚未逐點核對。
プラサカプコン京都店,日本 京都府京都市右京区西院追分町２５－１イオン京都五条３階,京都府,近畿,075-326-8760,https://www.google.com/maps/search/?api=1&query=%E3%83%97%E3%83%A9%E3%82%B5%E3%82%AB%E3%83%97%E3%82%B3%E3%83%B3%E4%BA%AC%E9%83%BD%E5%BA%97%20%E4%BA%AC%E9%83%BD%E5%BA%9C%E4%BA%AC%E9%83%BD%E5%B8%82%E5%8F%B3%E4%BA%AC%E5%8C%BA%E8%A5%BF%E9%99%A2%E8%BF%BD%E5%88%86%E7%94%BA%EF%BC%92%EF%BC%95%EF%BC%8D%EF%BC%91%E3%82%A4%E3%82%AA%E3%83%B3%E4%BA%AC%E9%83%BD%E4%BA%94%E6%9D%A1%EF%BC%93%E9%9A%8E,2026-10-08,https://dcd.aikatsu.com/encore/pdf/shoplist.pdf,官方列出的設置店；未逐店確認現場稼動、台數與卡片庫存。地址定位尚未逐點核對。
ｎａｍｃｏらぽーる店,日本 京都府舞鶴市南浜町27-5らぽーる3F,京都府,近畿,0773-66-1370,https://www.google.com/maps/search/?api=1&query=%EF%BD%8E%EF%BD%81%EF%BD%8D%EF%BD%83%EF%BD%8F%E3%82%89%E3%81%BD%E3%83%BC%E3%82%8B%E5%BA%97%20%E4%BA%AC%E9%83%BD%E5%BA%9C%E8%88%9E%E9%B6%B4%E5%B8%82%E5%8D%97%E6%B5%9C%E7%94%BA27-5%E3%82%89%E3%81%BD%E3%83%BC%E3%82%8B3F,2026-10-08,https://dcd.aikatsu.com/encore/pdf/shoplist.pdf,官方列出的設置店；未逐店確認現場稼動、台數與卡片庫存。地址定位尚未逐點核對。
ｎａｍｃｏアルプラザ城陽店,日本 京都府城陽市富野荒見田１１２番地 アル・プラザ城陽４階,京都府,近畿,0774-56-2660,https://www.google.com/maps/search/?api=1&query=%EF%BD%8E%EF%BD%81%EF%BD%8D%EF%BD%83%EF%BD%8F%E3%82%A2%E3%83%AB%E3%83%97%E3%83%A9%E3%82%B6%E5%9F%8E%E9%99%BD%E5%BA%97%20%E4%BA%AC%E9%83%BD%E5%BA%9C%E5%9F%8E%E9%99%BD%E5%B8%82%E5%AF%8C%E9%87%8E%E8%8D%92%E8%A6%8B%E7%94%B0%EF%BC%91%EF%BC%91%EF%BC%92%E7%95%AA%E5%9C%B0%20%E3%82%A2%E3%83%AB%E3%83%BB%E3%83%97%E3%83%A9%E3%82%B6%E5%9F%8E%E9%99%BD%EF%BC%94%E9%9A%8E,2026-10-08,https://dcd.aikatsu.com/encore/pdf/shoplist.pdf,官方列出的設置店；未逐店確認現場稼動、台數與卡片庫存。地址定位尚未逐點核對。
アイカツ！オフィシャルストア京都,日本 京都府京都市南区西九条鳥居口町１番地 イオンモールＫＹＯＴＯ１４０６０,京都府,近畿,0570-076565,https://www.google.com/maps/search/?api=1&query=%E3%82%A2%E3%82%A4%E3%82%AB%E3%83%84%EF%BC%81%E3%82%AA%E3%83%95%E3%82%A3%E3%82%B7%E3%83%A3%E3%83%AB%E3%82%B9%E3%83%88%E3%82%A2%E4%BA%AC%E9%83%BD%20%E4%BA%AC%E9%83%BD%E5%BA%9C%E4%BA%AC%E9%83%BD%E5%B8%82%E5%8D%97%E5%8C%BA%E8%A5%BF%E4%B9%9D%E6%9D%A1%E9%B3%A5%E5%B1%85%E5%8F%A3%E7%94%BA%EF%BC%91%E7%95%AA%E5%9C%B0%20%E3%82%A4%E3%82%AA%E3%83%B3%E3%83%A2%E3%83%BC%E3%83%AB%EF%BC%AB%EF%BC%B9%EF%BC%AF%EF%BC%B4%EF%BC%AF%EF%BC%91%EF%BC%94%EF%BC%90%EF%BC%96%EF%BC%90,2026-10-08,https://dcd.aikatsu.com/encore/pdf/shoplist.pdf,官方列出的設置店；未逐店確認現場稼動、台數與卡片庫存。地址定位尚未逐點核對。
バンダイナムコＣｒｏｓｓ Ｓｔｏｒｅ京都,日本 京都府京都市南区西九条鳥居口町１番地 イオンモールＫＹＯＴＯ１４０６０,京都府,近畿,0570-076565,https://www.google.com/maps/search/?api=1&query=%E3%83%90%E3%83%B3%E3%83%80%E3%82%A4%E3%83%8A%E3%83%A0%E3%82%B3%EF%BC%A3%EF%BD%92%EF%BD%8F%EF%BD%93%EF%BD%93%20%EF%BC%B3%EF%BD%94%EF%BD%8F%EF%BD%92%EF%BD%85%E4%BA%AC%E9%83%BD%20%E4%BA%AC%E9%83%BD%E5%BA%9C%E4%BA%AC%E9%83%BD%E5%B8%82%E5%8D%97%E5%8C%BA%E8%A5%BF%E4%B9%9D%E6%9D%A1%E9%B3%A5%E5%B1%85%E5%8F%A3%E7%94%BA%EF%BC%91%E7%95%AA%E5%9C%B0%20%E3%82%A4%E3%82%AA%E3%83%B3%E3%83%A2%E3%83%BC%E3%83%AB%EF%BC%AB%EF%BC%B9%EF%BC%AF%EF%BC%B4%EF%BC%AF%EF%BC%91%EF%BC%94%EF%BC%90%EF%BC%96%EF%BC%90,2026-10-08,https://dcd.aikatsu.com/encore/pdf/shoplist.pdf,官方列出的設置店；未逐店確認現場稼動、台數與卡片庫存。地址定位尚未逐點核對。
ラウンドワン京都河原町,日本 京都府京都市中京区河原町通三条下る山崎町250,京都府,近畿,075-213-8400,https://www.google.com/maps/search/?api=1&query=%E3%83%A9%E3%82%A6%E3%83%B3%E3%83%89%E3%83%AF%E3%83%B3%E4%BA%AC%E9%83%BD%E6%B2%B3%E5%8E%9F%E7%94%BA%20%E4%BA%AC%E9%83%BD%E5%BA%9C%E4%BA%AC%E9%83%BD%E5%B8%82%E4%B8%AD%E4%BA%AC%E5%8C%BA%E6%B2%B3%E5%8E%9F%E7%94%BA%E9%80%9A%E4%B8%89%E6%9D%A1%E4%B8%8B%E3%82%8B%E5%B1%B1%E5%B4%8E%E7%94%BA250,2026-10-08,https://dcd.aikatsu.com/encore/pdf/shoplist.pdf,官方列出的設置店；未逐店確認現場稼動、台數與卡片庫存。地址定位尚未逐點核對。
楽市楽座イオンモール京都桂川店,日本 京都府京都市南区久世高田町３４６－１ ３０５１区画イオンモール京都桂川３階,京都府,近畿,090-2710-5585,https://www.google.com/maps/search/?api=1&query=%E6%A5%BD%E5%B8%82%E6%A5%BD%E5%BA%A7%E3%82%A4%E3%82%AA%E3%83%B3%E3%83%A2%E3%83%BC%E3%83%AB%E4%BA%AC%E9%83%BD%E6%A1%82%E5%B7%9D%E5%BA%97%20%E4%BA%AC%E9%83%BD%E5%BA%9C%E4%BA%AC%E9%83%BD%E5%B8%82%E5%8D%97%E5%8C%BA%E4%B9%85%E4%B8%96%E9%AB%98%E7%94%B0%E7%94%BA%EF%BC%93%EF%BC%94%EF%BC%96%EF%BC%8D%EF%BC%91%20%EF%BC%93%EF%BC%90%EF%BC%95%EF%BC%91%E5%8C%BA%E7%94%BB%E3%82%A4%E3%82%AA%E3%83%B3%E3%83%A2%E3%83%BC%E3%83%AB%E4%BA%AC%E9%83%BD%E6%A1%82%E5%B7%9D%EF%BC%93%E9%9A%8E,2026-10-08,https://dcd.aikatsu.com/encore/pdf/shoplist.pdf,官方列出的設置店；未逐店確認現場稼動、台數與卡片庫存。地址定位尚未逐點核對。
タカラ島亀岡店,日本 京都府亀岡市篠町野条上又11-1アルプラザ3F,京都府,近畿,080-4875-0032,https://www.google.com/maps/search/?api=1&query=%E3%82%BF%E3%82%AB%E3%83%A9%E5%B3%B6%E4%BA%80%E5%B2%A1%E5%BA%97%20%E4%BA%AC%E9%83%BD%E5%BA%9C%E4%BA%80%E5%B2%A1%E5%B8%82%E7%AF%A0%E7%94%BA%E9%87%8E%E6%9D%A1%E4%B8%8A%E5%8F%8811-1%E3%82%A2%E3%83%AB%E3%83%97%E3%83%A9%E3%82%B63F,2026-10-08,https://dcd.aikatsu.com/encore/pdf/shoplist.pdf,官方列出的設置店；未逐店確認現場稼動、台數與卡片庫存。地址定位尚未逐點核對。
モーリーファンタジー茨木店,日本 大阪府茨木市松ヶ本町8-30-5 イオンモール茨木3階,大阪府,近畿,070-3100-5205,https://www.google.com/maps/search/?api=1&query=%E3%83%A2%E3%83%BC%E3%83%AA%E3%83%BC%E3%83%95%E3%82%A1%E3%83%B3%E3%82%BF%E3%82%B8%E3%83%BC%E8%8C%A8%E6%9C%A8%E5%BA%97%20%E5%A4%A7%E9%98%AA%E5%BA%9C%E8%8C%A8%E6%9C%A8%E5%B8%82%E6%9D%BE%E3%83%B6%E6%9C%AC%E7%94%BA8-30-5%20%E3%82%A4%E3%82%AA%E3%83%B3%E3%83%A2%E3%83%BC%E3%83%AB%E8%8C%A8%E6%9C%A83%E9%9A%8E,2026-10-08,https://dcd.aikatsu.com/encore/pdf/shoplist.pdf,官方列出的設置店；未逐店確認現場稼動、台數與卡片庫存。地址定位尚未逐點核對。
モーリーファンタジー和泉府中店,日本 大阪府和泉市肥子町2-2-1 イオン和泉府中4階,大阪府,近畿,070-3100-4285,https://www.google.com/maps/search/?api=1&query=%E3%83%A2%E3%83%BC%E3%83%AA%E3%83%BC%E3%83%95%E3%82%A1%E3%83%B3%E3%82%BF%E3%82%B8%E3%83%BC%E5%92%8C%E6%B3%89%E5%BA%9C%E4%B8%AD%E5%BA%97%20%E5%A4%A7%E9%98%AA%E5%BA%9C%E5%92%8C%E6%B3%89%E5%B8%82%E8%82%A5%E5%AD%90%E7%94%BA2-2-1%20%E3%82%A4%E3%82%AA%E3%83%B3%E5%92%8C%E6%B3%89%E5%BA%9C%E4%B8%AD4%E9%9A%8E,2026-10-08,https://dcd.aikatsu.com/encore/pdf/shoplist.pdf,官方列出的設置店；未逐店確認現場稼動、台數與卡片庫存。地址定位尚未逐點核對。
モーリーファンタジー金剛東店,日本 大阪府富田林市向陽台3-1-1 イオン金剛東店4階,大阪府,近畿,070-3100-5298,https://www.google.com/maps/search/?api=1&query=%E3%83%A2%E3%83%BC%E3%83%AA%E3%83%BC%E3%83%95%E3%82%A1%E3%83%B3%E3%82%BF%E3%82%B8%E3%83%BC%E9%87%91%E5%89%9B%E6%9D%B1%E5%BA%97%20%E5%A4%A7%E9%98%AA%E5%BA%9C%E5%AF%8C%E7%94%B0%E6%9E%97%E5%B8%82%E5%90%91%E9%99%BD%E5%8F%B03-1-1%20%E3%82%A4%E3%82%AA%E3%83%B3%E9%87%91%E5%89%9B%E6%9D%B1%E5%BA%974%E9%9A%8E,2026-10-08,https://dcd.aikatsu.com/encore/pdf/shoplist.pdf,官方列出的設置店；未逐店確認現場稼動、台數與卡片庫存。地址定位尚未逐點核對。
モーリーファンタジー野田阪神店,日本 大阪府大阪市福島区海老江1-1-23 イオン野田阪神店4階,大阪府,近畿,070-3100-5287,https://www.google.com/maps/search/?api=1&query=%E3%83%A2%E3%83%BC%E3%83%AA%E3%83%BC%E3%83%95%E3%82%A1%E3%83%B3%E3%82%BF%E3%82%B8%E3%83%BC%E9%87%8E%E7%94%B0%E9%98%AA%E7%A5%9E%E5%BA%97%20%E5%A4%A7%E9%98%AA%E5%BA%9C%E5%A4%A7%E9%98%AA%E5%B8%82%E7%A6%8F%E5%B3%B6%E5%8C%BA%E6%B5%B7%E8%80%81%E6%B1%9F1-1-23%20%E3%82%A4%E3%82%AA%E3%83%B3%E9%87%8E%E7%94%B0%E9%98%AA%E7%A5%9E%E5%BA%974%E9%9A%8E,2026-10-08,https://dcd.aikatsu.com/encore/pdf/shoplist.pdf,官方列出的設置店；未逐店確認現場稼動、台數與卡片庫存。地址定位尚未逐點核對。
モーリーファンタジー高槻店,日本 大阪府高槻市萩之庄3-47-2 イオン高槻店3階,大阪府,近畿,070-3100-5331,https://www.google.com/maps/search/?api=1&query=%E3%83%A2%E3%83%BC%E3%83%AA%E3%83%BC%E3%83%95%E3%82%A1%E3%83%B3%E3%82%BF%E3%82%B8%E3%83%BC%E9%AB%98%E6%A7%BB%E5%BA%97%20%E5%A4%A7%E9%98%AA%E5%BA%9C%E9%AB%98%E6%A7%BB%E5%B8%82%E8%90%A9%E4%B9%8B%E5%BA%843-47-2%20%E3%82%A4%E3%82%AA%E3%83%B3%E9%AB%98%E6%A7%BB%E5%BA%973%E9%9A%8E,2026-10-08,https://dcd.aikatsu.com/encore/pdf/shoplist.pdf,官方列出的設置店；未逐店確認現場稼動、台數與卡片庫存。地址定位尚未逐點核對。
モーリーファンタジーりんくう泉南店,日本 大阪府泉南市りんくう南浜3-1 イオンりんくう泉南店2階,大阪府,近畿,070-3100-4451,https://www.google.com/maps/search/?api=1&query=%E3%83%A2%E3%83%BC%E3%83%AA%E3%83%BC%E3%83%95%E3%82%A1%E3%83%B3%E3%82%BF%E3%82%B8%E3%83%BC%E3%82%8A%E3%82%93%E3%81%8F%E3%81%86%E6%B3%89%E5%8D%97%E5%BA%97%20%E5%A4%A7%E9%98%AA%E5%BA%9C%E6%B3%89%E5%8D%97%E5%B8%82%E3%82%8A%E3%82%93%E3%81%8F%E3%81%86%E5%8D%97%E6%B5%9C3-1%20%E3%82%A4%E3%82%AA%E3%83%B3%E3%82%8A%E3%82%93%E3%81%8F%E3%81%86%E6%B3%89%E5%8D%97%E5%BA%972%E9%9A%8E,2026-10-08,https://dcd.aikatsu.com/encore/pdf/shoplist.pdf,官方列出的設置店；未逐店確認現場稼動、台數與卡片庫存。地址定位尚未逐點核對。
モーリーファンタジー堺北花田店,日本 大阪府堺市北区東浅香山町4-1-12 イオン堺北花田店2階,大阪府,近畿,070-3100-4399,https://www.google.com/maps/search/?api=1&query=%E3%83%A2%E3%83%BC%E3%83%AA%E3%83%BC%E3%83%95%E3%82%A1%E3%83%B3%E3%82%BF%E3%82%B8%E3%83%BC%E5%A0%BA%E5%8C%97%E8%8A%B1%E7%94%B0%E5%BA%97%20%E5%A4%A7%E9%98%AA%E5%BA%9C%E5%A0%BA%E5%B8%82%E5%8C%97%E5%8C%BA%E6%9D%B1%E6%B5%85%E9%A6%99%E5%B1%B1%E7%94%BA4-1-12%20%E3%82%A4%E3%82%AA%E3%83%B3%E5%A0%BA%E5%8C%97%E8%8A%B1%E7%94%B0%E5%BA%972%E9%9A%8E,2026-10-08,https://dcd.aikatsu.com/encore/pdf/shoplist.pdf,官方列出的設置店；未逐店確認現場稼動、台數與卡片庫存。地址定位尚未逐點核對。
モーリーファンタジー喜連瓜破駅前店,日本 大阪府大阪市平野区瓜破2-1-13 イオン喜連瓜破駅前店3階,大阪府,近畿,070-3100-4459,https://www.google.com/maps/search/?api=1&query=%E3%83%A2%E3%83%BC%E3%83%AA%E3%83%BC%E3%83%95%E3%82%A1%E3%83%B3%E3%82%BF%E3%82%B8%E3%83%BC%E5%96%9C%E9%80%A3%E7%93%9C%E7%A0%B4%E9%A7%85%E5%89%8D%E5%BA%97%20%E5%A4%A7%E9%98%AA%E5%BA%9C%E5%A4%A7%E9%98%AA%E5%B8%82%E5%B9%B3%E9%87%8E%E5%8C%BA%E7%93%9C%E7%A0%B42-1-13%20%E3%82%A4%E3%82%AA%E3%83%B3%E5%96%9C%E9%80%A3%E7%93%9C%E7%A0%B4%E9%A7%85%E5%89%8D%E5%BA%973%E9%9A%8E,2026-10-08,https://dcd.aikatsu.com/encore/pdf/shoplist.pdf,官方列出的設置店；未逐店確認現場稼動、台數與卡片庫存。地址定位尚未逐點核對。
モーリーファンタジー大日店,日本 大阪府守口市大日東町1番18号 イオン大日店2階,大阪府,近畿,070-3100-4359,https://www.google.com/maps/search/?api=1&query=%E3%83%A2%E3%83%BC%E3%83%AA%E3%83%BC%E3%83%95%E3%82%A1%E3%83%B3%E3%82%BF%E3%82%B8%E3%83%BC%E5%A4%A7%E6%97%A5%E5%BA%97%20%E5%A4%A7%E9%98%AA%E5%BA%9C%E5%AE%88%E5%8F%A3%E5%B8%82%E5%A4%A7%E6%97%A5%E6%9D%B1%E7%94%BA1%E7%95%AA18%E5%8F%B7%20%E3%82%A4%E3%82%AA%E3%83%B3%E5%A4%A7%E6%97%A5%E5%BA%972%E9%9A%8E,2026-10-08,https://dcd.aikatsu.com/encore/pdf/shoplist.pdf,官方列出的設置店；未逐店確認現場稼動、台數與卡片庫存。地址定位尚未逐點核對。
モーリーファンタジー鶴見緑地店,日本 大阪府大阪市鶴見区鶴見4丁目17-1 イオン鶴見店3階,大阪府,近畿,070-3100-4373,https://www.google.com/maps/search/?api=1&query=%E3%83%A2%E3%83%BC%E3%83%AA%E3%83%BC%E3%83%95%E3%82%A1%E3%83%B3%E3%82%BF%E3%82%B8%E3%83%BC%E9%B6%B4%E8%A6%8B%E7%B7%91%E5%9C%B0%E5%BA%97%20%E5%A4%A7%E9%98%AA%E5%BA%9C%E5%A4%A7%E9%98%AA%E5%B8%82%E9%B6%B4%E8%A6%8B%E5%8C%BA%E9%B6%B4%E8%A6%8B4%E4%B8%81%E7%9B%AE17-1%20%E3%82%A4%E3%82%AA%E3%83%B3%E9%B6%B4%E8%A6%8B%E5%BA%973%E9%9A%8E,2026-10-08,https://dcd.aikatsu.com/encore/pdf/shoplist.pdf,官方列出的設置店；未逐店確認現場稼動、台數與卡片庫存。地址定位尚未逐點核對。
モーリーファンタジー大阪ドームシティ店,日本 大阪府大阪市西区千代崎3丁目13番1 イオン大阪ドームシティ３階,大阪府,近畿,070-3100-3476,https://www.google.com/maps/search/?api=1&query=%E3%83%A2%E3%83%BC%E3%83%AA%E3%83%BC%E3%83%95%E3%82%A1%E3%83%B3%E3%82%BF%E3%82%B8%E3%83%BC%E5%A4%A7%E9%98%AA%E3%83%89%E3%83%BC%E3%83%A0%E3%82%B7%E3%83%86%E3%82%A3%E5%BA%97%20%E5%A4%A7%E9%98%AA%E5%BA%9C%E5%A4%A7%E9%98%AA%E5%B8%82%E8%A5%BF%E5%8C%BA%E5%8D%83%E4%BB%A3%E5%B4%8E3%E4%B8%81%E7%9B%AE13%E7%95%AA1%20%E3%82%A4%E3%82%AA%E3%83%B3%E5%A4%A7%E9%98%AA%E3%83%89%E3%83%BC%E3%83%A0%E3%82%B7%E3%83%86%E3%82%A3%EF%BC%93%E9%9A%8E,2026-10-08,https://dcd.aikatsu.com/encore/pdf/shoplist.pdf,官方列出的設置店；未逐店確認現場稼動、台數與卡片庫存。地址定位尚未逐點核對。
モーリーファンタジー貝塚店,日本 大阪府貝塚市地蔵堂74-2 イオン貝塚店2階,大阪府,近畿,070-3100-3547,https://www.google.com/maps/search/?api=1&query=%E3%83%A2%E3%83%BC%E3%83%AA%E3%83%BC%E3%83%95%E3%82%A1%E3%83%B3%E3%82%BF%E3%82%B8%E3%83%BC%E8%B2%9D%E5%A1%9A%E5%BA%97%20%E5%A4%A7%E9%98%AA%E5%BA%9C%E8%B2%9D%E5%A1%9A%E5%B8%82%E5%9C%B0%E8%94%B5%E5%A0%8274-2%20%E3%82%A4%E3%82%AA%E3%83%B3%E8%B2%9D%E5%A1%9A%E5%BA%972%E9%9A%8E,2026-10-08,https://dcd.aikatsu.com/encore/pdf/shoplist.pdf,官方列出的設置店；未逐店確認現場稼動、台數與卡片庫存。地址定位尚未逐點核對。
モーリーファンタジー四條畷店,日本 大阪府四條畷市砂4丁目3番2号 イオンスタイル四條畷店3階,大阪府,近畿,070-3100-3523,https://www.google.com/maps/search/?api=1&query=%E3%83%A2%E3%83%BC%E3%83%AA%E3%83%BC%E3%83%95%E3%82%A1%E3%83%B3%E3%82%BF%E3%82%B8%E3%83%BC%E5%9B%9B%E6%A2%9D%E7%95%B7%E5%BA%97%20%E5%A4%A7%E9%98%AA%E5%BA%9C%E5%9B%9B%E6%A2%9D%E7%95%B7%E5%B8%82%E7%A0%824%E4%B8%81%E7%9B%AE3%E7%95%AA2%E5%8F%B7%20%E3%82%A4%E3%82%AA%E3%83%B3%E3%82%B9%E3%82%BF%E3%82%A4%E3%83%AB%E5%9B%9B%E6%A2%9D%E7%95%B7%E5%BA%973%E9%9A%8E,2026-10-08,https://dcd.aikatsu.com/encore/pdf/shoplist.pdf,官方列出的設置店；未逐店確認現場稼動、台數與卡片庫存。地址定位尚未逐點核對。
モーリーファンタジー堺鉄砲町店,日本 大阪府堺市堺区鉄砲町1番地 イオンスタイル堺鉄砲町店3階,大阪府,近畿,070-3100-5437,https://www.google.com/maps/search/?api=1&query=%E3%83%A2%E3%83%BC%E3%83%AA%E3%83%BC%E3%83%95%E3%82%A1%E3%83%B3%E3%82%BF%E3%82%B8%E3%83%BC%E5%A0%BA%E9%89%84%E7%A0%B2%E7%94%BA%E5%BA%97%20%E5%A4%A7%E9%98%AA%E5%BA%9C%E5%A0%BA%E5%B8%82%E5%A0%BA%E5%8C%BA%E9%89%84%E7%A0%B2%E7%94%BA1%E7%95%AA%E5%9C%B0%20%E3%82%A4%E3%82%AA%E3%83%B3%E3%82%B9%E3%82%BF%E3%82%A4%E3%83%AB%E5%A0%BA%E9%89%84%E7%A0%B2%E7%94%BA%E5%BA%973%E9%9A%8E,2026-10-08,https://dcd.aikatsu.com/encore/pdf/shoplist.pdf,官方列出的設置店；未逐店確認現場稼動、台數與卡片庫存。地址定位尚未逐點核對。
モーリーファンタジーLINKS UMEDA店,日本 大阪府大阪市北区大深町4-8 LINKS UMEDA 5階,大阪府,近畿,070-3100-5248,https://www.google.com/maps/search/?api=1&query=%E3%83%A2%E3%83%BC%E3%83%AA%E3%83%BC%E3%83%95%E3%82%A1%E3%83%B3%E3%82%BF%E3%82%B8%E3%83%BCLINKS%20UMEDA%E5%BA%97%20%E5%A4%A7%E9%98%AA%E5%BA%9C%E5%A4%A7%E9%98%AA%E5%B8%82%E5%8C%97%E5%8C%BA%E5%A4%A7%E6%B7%B1%E7%94%BA4-8%20LINKS%20UMEDA%205%E9%9A%8E,2026-10-08,https://dcd.aikatsu.com/encore/pdf/shoplist.pdf,官方列出的設置店；未逐店確認現場稼動、台數與卡片庫存。地址定位尚未逐點核對。
モーリーファンタジーニトリモール枚方店,日本 大阪府枚方市北山１丁目２−１ ニトリモール枚方,大阪府,近畿,090-3913-1181,https://www.google.com/maps/search/?api=1&query=%E3%83%A2%E3%83%BC%E3%83%AA%E3%83%BC%E3%83%95%E3%82%A1%E3%83%B3%E3%82%BF%E3%82%B8%E3%83%BC%E3%83%8B%E3%83%88%E3%83%AA%E3%83%A2%E3%83%BC%E3%83%AB%E6%9E%9A%E6%96%B9%E5%BA%97%20%E5%A4%A7%E9%98%AA%E5%BA%9C%E6%9E%9A%E6%96%B9%E5%B8%82%E5%8C%97%E5%B1%B1%EF%BC%91%E4%B8%81%E7%9B%AE%EF%BC%92%E2%88%92%EF%BC%91%20%E3%83%8B%E3%83%88%E3%83%AA%E3%83%A2%E3%83%BC%E3%83%AB%E6%9E%9A%E6%96%B9,2026-10-08,https://dcd.aikatsu.com/encore/pdf/shoplist.pdf,官方列出的設置店；未逐店確認現場稼動、台數與卡片庫存。地址定位尚未逐點核對。
モーリーファンタジーエコール・いずみ店,日本 大阪府和泉市いぶき野5-1-11 エコール・いずみ3階,大阪府,近畿,090-3913-1373,https://www.google.com/maps/search/?api=1&query=%E3%83%A2%E3%83%BC%E3%83%AA%E3%83%BC%E3%83%95%E3%82%A1%E3%83%B3%E3%82%BF%E3%82%B8%E3%83%BC%E3%82%A8%E3%82%B3%E3%83%BC%E3%83%AB%E3%83%BB%E3%81%84%E3%81%9A%E3%81%BF%E5%BA%97%20%E5%A4%A7%E9%98%AA%E5%BA%9C%E5%92%8C%E6%B3%89%E5%B8%82%E3%81%84%E3%81%B6%E3%81%8D%E9%87%8E5-1-11%20%E3%82%A8%E3%82%B3%E3%83%BC%E3%83%AB%E3%83%BB%E3%81%84%E3%81%9A%E3%81%BF3%E9%9A%8E,2026-10-08,https://dcd.aikatsu.com/encore/pdf/shoplist.pdf,官方列出的設置店；未逐店確認現場稼動、台數與卡片庫存。地址定位尚未逐點核對。
モーリーファンタジーそよら古川橋駅前店,日本 大阪府門真市末広町41-2 そよら古川橋駅前3階,大阪府,近畿,080-4886-3258,https://www.google.com/maps/search/?api=1&query=%E3%83%A2%E3%83%BC%E3%83%AA%E3%83%BC%E3%83%95%E3%82%A1%E3%83%B3%E3%82%BF%E3%82%B8%E3%83%BC%E3%81%9D%E3%82%88%E3%82%89%E5%8F%A4%E5%B7%9D%E6%A9%8B%E9%A7%85%E5%89%8D%E5%BA%97%20%E5%A4%A7%E9%98%AA%E5%BA%9C%E9%96%80%E7%9C%9F%E5%B8%82%E6%9C%AB%E5%BA%83%E7%94%BA41-2%20%E3%81%9D%E3%82%88%E3%82%89%E5%8F%A4%E5%B7%9D%E6%A9%8B%E9%A7%85%E5%89%8D3%E9%9A%8E,2026-10-08,https://dcd.aikatsu.com/encore/pdf/shoplist.pdf,官方列出的設置店；未逐店確認現場稼動、台數與卡片庫存。地址定位尚未逐點核對。
モーリーファンタジー日根野店,日本 大阪府泉佐野市日根野2496-1 イオンモール日根野2階,大阪府,近畿,080-4886-2791,https://www.google.com/maps/search/?api=1&query=%E3%83%A2%E3%83%BC%E3%83%AA%E3%83%BC%E3%83%95%E3%82%A1%E3%83%B3%E3%82%BF%E3%82%B8%E3%83%BC%E6%97%A5%E6%A0%B9%E9%87%8E%E5%BA%97%20%E5%A4%A7%E9%98%AA%E5%BA%9C%E6%B3%89%E4%BD%90%E9%87%8E%E5%B8%82%E6%97%A5%E6%A0%B9%E9%87%8E2496-1%20%E3%82%A4%E3%82%AA%E3%83%B3%E3%83%A2%E3%83%BC%E3%83%AB%E6%97%A5%E6%A0%B9%E9%87%8E2%E9%9A%8E,2026-10-08,https://dcd.aikatsu.com/encore/pdf/shoplist.pdf,官方列出的設置店；未逐店確認現場稼動、台數與卡片庫存。地址定位尚未逐點核對。
モーリーファンタジー吹田店,日本 大阪府吹田市朝日町2番101号 イオン吹田店4階,大阪府,近畿,070-3100-7457,https://www.google.com/maps/search/?api=1&query=%E3%83%A2%E3%83%BC%E3%83%AA%E3%83%BC%E3%83%95%E3%82%A1%E3%83%B3%E3%82%BF%E3%82%B8%E3%83%BC%E5%90%B9%E7%94%B0%E5%BA%97%20%E5%A4%A7%E9%98%AA%E5%BA%9C%E5%90%B9%E7%94%B0%E5%B8%82%E6%9C%9D%E6%97%A5%E7%94%BA2%E7%95%AA101%E5%8F%B7%20%E3%82%A4%E3%82%AA%E3%83%B3%E5%90%B9%E7%94%B0%E5%BA%974%E9%9A%8E,2026-10-08,https://dcd.aikatsu.com/encore/pdf/shoplist.pdf,官方列出的設置店；未逐店確認現場稼動、台數與卡片庫存。地址定位尚未逐點核對。
ヨドバシカメラ マルチメディア梅田,日本 大阪府大阪市北区大深町１－１,大阪府,近畿,06-4802-1010,https://www.google.com/maps/search/?api=1&query=%E3%83%A8%E3%83%89%E3%83%90%E3%82%B7%E3%82%AB%E3%83%A1%E3%83%A9%20%E3%83%9E%E3%83%AB%E3%83%81%E3%83%A1%E3%83%87%E3%82%A3%E3%82%A2%E6%A2%85%E7%94%B0%20%E5%A4%A7%E9%98%AA%E5%BA%9C%E5%A4%A7%E9%98%AA%E5%B8%82%E5%8C%97%E5%8C%BA%E5%A4%A7%E6%B7%B1%E7%94%BA%EF%BC%91%EF%BC%8D%EF%BC%91,2026-10-08,https://dcd.aikatsu.com/encore/pdf/shoplist.pdf,官方列出的設置店；未逐店確認現場稼動、台數與卡片庫存。地址定位尚未逐點核對。
エディオンなんば,日本 大阪府大阪市中央区難波3-2-18,大阪府,近畿,06-6630-6733,https://www.google.com/maps/search/?api=1&query=%E3%82%A8%E3%83%87%E3%82%A3%E3%82%AA%E3%83%B3%E3%81%AA%E3%82%93%E3%81%B0%20%E5%A4%A7%E9%98%AA%E5%BA%9C%E5%A4%A7%E9%98%AA%E5%B8%82%E4%B8%AD%E5%A4%AE%E5%8C%BA%E9%9B%A3%E6%B3%A23-2-18,2026-10-08,https://dcd.aikatsu.com/encore/pdf/shoplist.pdf,官方列出的設置店；未逐店確認現場稼動、台數與卡片庫存。地址定位尚未逐點核對。
ビックカメラなんば店,日本 大阪府大阪市中央区千日前２－１０－１,大阪府,近畿,066-634-1111,https://www.google.com/maps/search/?api=1&query=%E3%83%93%E3%83%83%E3%82%AF%E3%82%AB%E3%83%A1%E3%83%A9%E3%81%AA%E3%82%93%E3%81%B0%E5%BA%97%20%E5%A4%A7%E9%98%AA%E5%BA%9C%E5%A4%A7%E9%98%AA%E5%B8%82%E4%B8%AD%E5%A4%AE%E5%8C%BA%E5%8D%83%E6%97%A5%E5%89%8D%EF%BC%92%EF%BC%8D%EF%BC%91%EF%BC%90%EF%BC%8D%EF%BC%91,2026-10-08,https://dcd.aikatsu.com/encore/pdf/shoplist.pdf,官方列出的設置店；未逐店確認現場稼動、台數與卡片庫存。地址定位尚未逐點核對。
イトーヨーカドーあべの店,日本 大阪府大阪市阿倍野区阿倍野筋１－６－１,大阪府,近畿,06-6643-1111,https://www.google.com/maps/search/?api=1&query=%E3%82%A4%E3%83%88%E3%83%BC%E3%83%A8%E3%83%BC%E3%82%AB%E3%83%89%E3%83%BC%E3%81%82%E3%81%B9%E3%81%AE%E5%BA%97%20%E5%A4%A7%E9%98%AA%E5%BA%9C%E5%A4%A7%E9%98%AA%E5%B8%82%E9%98%BF%E5%80%8D%E9%87%8E%E5%8C%BA%E9%98%BF%E5%80%8D%E9%87%8E%E7%AD%8B%EF%BC%91%EF%BC%8D%EF%BC%96%EF%BC%8D%EF%BC%91,2026-10-08,https://dcd.aikatsu.com/encore/pdf/shoplist.pdf,官方列出的設置店；未逐店確認現場稼動、台數與卡片庫存。地址定位尚未逐點核對。
ビックカメラあべのキューズモール店,日本 大阪府大阪市阿倍野区阿倍野筋１－６－１ キューズモール３Ｆ,大阪府,近畿,06-6631-1111,https://www.google.com/maps/search/?api=1&query=%E3%83%93%E3%83%83%E3%82%AF%E3%82%AB%E3%83%A1%E3%83%A9%E3%81%82%E3%81%B9%E3%81%AE%E3%82%AD%E3%83%A5%E3%83%BC%E3%82%BA%E3%83%A2%E3%83%BC%E3%83%AB%E5%BA%97%20%E5%A4%A7%E9%98%AA%E5%BA%9C%E5%A4%A7%E9%98%AA%E5%B8%82%E9%98%BF%E5%80%8D%E9%87%8E%E5%8C%BA%E9%98%BF%E5%80%8D%E9%87%8E%E7%AD%8B%EF%BC%91%EF%BC%8D%EF%BC%96%EF%BC%8D%EF%BC%91%20%E3%82%AD%E3%83%A5%E3%83%BC%E3%82%BA%E3%83%A2%E3%83%BC%E3%83%AB%EF%BC%93%EF%BC%A6,2026-10-08,https://dcd.aikatsu.com/encore/pdf/shoplist.pdf,官方列出的設置店；未逐店確認現場稼動、台數與卡片庫存。地址定位尚未逐點核對。
イトーヨーカドーアリオ八尾店,日本 大阪府八尾市光町２丁目３,大阪府,近畿,072-995-9111,https://www.google.com/maps/search/?api=1&query=%E3%82%A4%E3%83%88%E3%83%BC%E3%83%A8%E3%83%BC%E3%82%AB%E3%83%89%E3%83%BC%E3%82%A2%E3%83%AA%E3%82%AA%E5%85%AB%E5%B0%BE%E5%BA%97%20%E5%A4%A7%E9%98%AA%E5%BA%9C%E5%85%AB%E5%B0%BE%E5%B8%82%E5%85%89%E7%94%BA%EF%BC%92%E4%B8%81%E7%9B%AE%EF%BC%93,2026-10-08,https://dcd.aikatsu.com/encore/pdf/shoplist.pdf,官方列出的設置店；未逐店確認現場稼動、台數與卡片庫存。地址定位尚未逐點核對。
イオン新茨木店,日本 大阪府茨木市中津町１８－１,大阪府,近畿,072-632-5511,https://www.google.com/maps/search/?api=1&query=%E3%82%A4%E3%82%AA%E3%83%B3%E6%96%B0%E8%8C%A8%E6%9C%A8%E5%BA%97%20%E5%A4%A7%E9%98%AA%E5%BA%9C%E8%8C%A8%E6%9C%A8%E5%B8%82%E4%B8%AD%E6%B4%A5%E7%94%BA%EF%BC%91%EF%BC%98%EF%BC%8D%EF%BC%91,2026-10-08,https://dcd.aikatsu.com/encore/pdf/shoplist.pdf,官方列出的設置店；未逐店確認現場稼動、台數與卡片庫存。地址定位尚未逐點核對。
イトーヨーカドーアリオ鳳店,日本 大阪府堺市西区鳳南町３－１９９－１２,大阪府,近畿,072-274-4111,https://www.google.com/maps/search/?api=1&query=%E3%82%A4%E3%83%88%E3%83%BC%E3%83%A8%E3%83%BC%E3%82%AB%E3%83%89%E3%83%BC%E3%82%A2%E3%83%AA%E3%82%AA%E9%B3%B3%E5%BA%97%20%E5%A4%A7%E9%98%AA%E5%BA%9C%E5%A0%BA%E5%B8%82%E8%A5%BF%E5%8C%BA%E9%B3%B3%E5%8D%97%E7%94%BA%EF%BC%93%EF%BC%8D%EF%BC%91%EF%BC%99%EF%BC%99%EF%BC%8D%EF%BC%91%EF%BC%92,2026-10-08,https://dcd.aikatsu.com/encore/pdf/shoplist.pdf,官方列出的設置店；未逐店確認現場稼動、台數與卡片庫存。地址定位尚未逐點核對。
泉大津フタバボウル,日本 大阪府泉大津市松之浜町1丁目2番53号,大阪府,近畿,0725-22-8128,https://www.google.com/maps/search/?api=1&query=%E6%B3%89%E5%A4%A7%E6%B4%A5%E3%83%95%E3%82%BF%E3%83%90%E3%83%9C%E3%82%A6%E3%83%AB%20%E5%A4%A7%E9%98%AA%E5%BA%9C%E6%B3%89%E5%A4%A7%E6%B4%A5%E5%B8%82%E6%9D%BE%E4%B9%8B%E6%B5%9C%E7%94%BA1%E4%B8%81%E7%9B%AE2%E7%95%AA53%E5%8F%B7,2026-10-08,https://dcd.aikatsu.com/encore/pdf/shoplist.pdf,官方列出的設置店；未逐店確認現場稼動、台數與卡片庫存。地址定位尚未逐點核對。
あそVIVA阪急茨木店,日本 大阪府茨木市永代町6-2スポーツプラザ茨木2階,大阪府,近畿,06-6631-6606,https://www.google.com/maps/search/?api=1&query=%E3%81%82%E3%81%9DVIVA%E9%98%AA%E6%80%A5%E8%8C%A8%E6%9C%A8%E5%BA%97%20%E5%A4%A7%E9%98%AA%E5%BA%9C%E8%8C%A8%E6%9C%A8%E5%B8%82%E6%B0%B8%E4%BB%A3%E7%94%BA6-2%E3%82%B9%E3%83%9D%E3%83%BC%E3%83%84%E3%83%97%E3%83%A9%E3%82%B6%E8%8C%A8%E6%9C%A82%E9%9A%8E,2026-10-08,https://dcd.aikatsu.com/encore/pdf/shoplist.pdf,官方列出的設置店；未逐店確認現場稼動、台數與卡片庫存。地址定位尚未逐點核對。
GiGOフレスポ東大阪,日本 大阪府東大阪市稲田新町3-9-64,大阪府,近畿,070-1459-4347,https://www.google.com/maps/search/?api=1&query=GiGO%E3%83%95%E3%83%AC%E3%82%B9%E3%83%9D%E6%9D%B1%E5%A4%A7%E9%98%AA%20%E5%A4%A7%E9%98%AA%E5%BA%9C%E6%9D%B1%E5%A4%A7%E9%98%AA%E5%B8%82%E7%A8%B2%E7%94%B0%E6%96%B0%E7%94%BA3-9-64,2026-10-08,https://dcd.aikatsu.com/encore/pdf/shoplist.pdf,官方列出的設置店；未逐店確認現場稼動、台數與卡片庫存。地址定位尚未逐點核對。
GiGO大阪道頓堀本店,日本 大阪府大阪市中央区道頓堀1丁目8番22号道頓座ビル 1～3F,大阪府,近畿,070-1459-1559,https://www.google.com/maps/search/?api=1&query=GiGO%E5%A4%A7%E9%98%AA%E9%81%93%E9%A0%93%E5%A0%80%E6%9C%AC%E5%BA%97%20%E5%A4%A7%E9%98%AA%E5%BA%9C%E5%A4%A7%E9%98%AA%E5%B8%82%E4%B8%AD%E5%A4%AE%E5%8C%BA%E9%81%93%E9%A0%93%E5%A0%801%E4%B8%81%E7%9B%AE8%E7%95%AA22%E5%8F%B7%E9%81%93%E9%A0%93%E5%BA%A7%E3%83%93%E3%83%AB%201%EF%BD%9E3F,2026-10-08,https://dcd.aikatsu.com/encore/pdf/shoplist.pdf,官方列出的設置店；未逐店確認現場稼動、台數與卡片庫存。地址定位尚未逐點核對。
GiGOあべのアポロ,日本 大阪府大阪市阿倍野区阿倍野筋1-5-31 アポロビル3F,大阪府,近畿,070-1458-1519,https://www.google.com/maps/search/?api=1&query=GiGO%E3%81%82%E3%81%B9%E3%81%AE%E3%82%A2%E3%83%9D%E3%83%AD%20%E5%A4%A7%E9%98%AA%E5%BA%9C%E5%A4%A7%E9%98%AA%E5%B8%82%E9%98%BF%E5%80%8D%E9%87%8E%E5%8C%BA%E9%98%BF%E5%80%8D%E9%87%8E%E7%AD%8B1-5-31%20%E3%82%A2%E3%83%9D%E3%83%AD%E3%83%93%E3%83%AB3F,2026-10-08,https://dcd.aikatsu.com/encore/pdf/shoplist.pdf,官方列出的設置店；未逐店確認現場稼動、台數與卡片庫存。地址定位尚未逐點核對。
GiGO枚方,日本 大阪府枚方市須山町83-1 サンシャインプラザ枚方内,大阪府,近畿,070-1459-3993,https://www.google.com/maps/search/?api=1&query=GiGO%E6%9E%9A%E6%96%B9%20%E5%A4%A7%E9%98%AA%E5%BA%9C%E6%9E%9A%E6%96%B9%E5%B8%82%E9%A0%88%E5%B1%B1%E7%94%BA83-1%20%E3%82%B5%E3%83%B3%E3%82%B7%E3%83%A3%E3%82%A4%E3%83%B3%E3%83%97%E3%83%A9%E3%82%B6%E6%9E%9A%E6%96%B9%E5%86%85,2026-10-08,https://dcd.aikatsu.com/encore/pdf/shoplist.pdf,官方列出的設置店；未逐店確認現場稼動、台數與卡片庫存。地址定位尚未逐點核對。
GiGOあべのキューズモール,日本 大阪府大阪市阿倍野区阿倍野筋1-6-1 キューズモール3F Q-332,大阪府,近畿,070-1458-4038,https://www.google.com/maps/search/?api=1&query=GiGO%E3%81%82%E3%81%B9%E3%81%AE%E3%82%AD%E3%83%A5%E3%83%BC%E3%82%BA%E3%83%A2%E3%83%BC%E3%83%AB%20%E5%A4%A7%E9%98%AA%E5%BA%9C%E5%A4%A7%E9%98%AA%E5%B8%82%E9%98%BF%E5%80%8D%E9%87%8E%E5%8C%BA%E9%98%BF%E5%80%8D%E9%87%8E%E7%AD%8B1-6-1%20%E3%82%AD%E3%83%A5%E3%83%BC%E3%82%BA%E3%83%A2%E3%83%BC%E3%83%AB3F%20Q-332,2026-10-08,https://dcd.aikatsu.com/encore/pdf/shoplist.pdf,官方列出的設置店；未逐店確認現場稼動、台數與卡片庫存。地址定位尚未逐點核對。
GiGO布施,日本 大阪府東大阪市長堂1-1-1 ロンモール布施内,大阪府,近畿,070-1459-4020,https://www.google.com/maps/search/?api=1&query=GiGO%E5%B8%83%E6%96%BD%20%E5%A4%A7%E9%98%AA%E5%BA%9C%E6%9D%B1%E5%A4%A7%E9%98%AA%E5%B8%82%E9%95%B7%E5%A0%821-1-1%20%E3%83%AD%E3%83%B3%E3%83%A2%E3%83%BC%E3%83%AB%E5%B8%83%E6%96%BD%E5%86%85,2026-10-08,https://dcd.aikatsu.com/encore/pdf/shoplist.pdf,官方列出的設置店；未逐店確認現場稼動、台數與卡片庫存。地址定位尚未逐點核對。
GiGO難波アビオン,日本 大阪府大阪市浪速区難波中2-3-15 MMOビルB1F～4F,大阪府,近畿,070-1458-1437,https://www.google.com/maps/search/?api=1&query=GiGO%E9%9B%A3%E6%B3%A2%E3%82%A2%E3%83%93%E3%82%AA%E3%83%B3%20%E5%A4%A7%E9%98%AA%E5%BA%9C%E5%A4%A7%E9%98%AA%E5%B8%82%E6%B5%AA%E9%80%9F%E5%8C%BA%E9%9B%A3%E6%B3%A2%E4%B8%AD2-3-15%20MMO%E3%83%93%E3%83%ABB1F%EF%BD%9E4F,2026-10-08,https://dcd.aikatsu.com/encore/pdf/shoplist.pdf,官方列出的設置店；未逐店確認現場稼動、台數與卡片庫存。地址定位尚未逐點核對。
GiGOアリオ鳳,日本 大阪府堺市西区鳳南町3-199-12 ｱﾘｵ鳳店 3F,大阪府,近畿,080-4726-5485,https://www.google.com/maps/search/?api=1&query=GiGO%E3%82%A2%E3%83%AA%E3%82%AA%E9%B3%B3%20%E5%A4%A7%E9%98%AA%E5%BA%9C%E5%A0%BA%E5%B8%82%E8%A5%BF%E5%8C%BA%E9%B3%B3%E5%8D%97%E7%94%BA3-199-12%20%EF%BD%B1%EF%BE%98%EF%BD%B5%E9%B3%B3%E5%BA%97%203F,2026-10-08,https://dcd.aikatsu.com/encore/pdf/shoplist.pdf,官方列出的設置店；未逐店確認現場稼動、台數與卡片庫存。地址定位尚未逐點核對。
アミパラ大東店,日本 大阪府大東市南新田2丁目3-5,大阪府,近畿,072-813-7600,https://www.google.com/maps/search/?api=1&query=%E3%82%A2%E3%83%9F%E3%83%91%E3%83%A9%E5%A4%A7%E6%9D%B1%E5%BA%97%20%E5%A4%A7%E9%98%AA%E5%BA%9C%E5%A4%A7%E6%9D%B1%E5%B8%82%E5%8D%97%E6%96%B0%E7%94%B02%E4%B8%81%E7%9B%AE3-5,2026-10-08,https://dcd.aikatsu.com/encore/pdf/shoplist.pdf,官方列出的設置店；未逐店確認現場稼動、台數與卡片庫存。地址定位尚未逐點核對。
NICOPA八尾店,日本 大阪府八尾市沼1丁目1番地イズミヤ八尾1階,大阪府,近畿,072-929-8921,https://www.google.com/maps/search/?api=1&query=NICOPA%E5%85%AB%E5%B0%BE%E5%BA%97%20%E5%A4%A7%E9%98%AA%E5%BA%9C%E5%85%AB%E5%B0%BE%E5%B8%82%E6%B2%BC1%E4%B8%81%E7%9B%AE1%E7%95%AA%E5%9C%B0%E3%82%A4%E3%82%BA%E3%83%9F%E3%83%A4%E5%85%AB%E5%B0%BE1%E9%9A%8E,2026-10-08,https://dcd.aikatsu.com/encore/pdf/shoplist.pdf,官方列出的設置店；未逐店確認現場稼動、台數與卡片庫存。地址定位尚未逐點核對。
NICOPA南千里店,日本 大阪府吹田市千里山西6-56-1トナリエ南千里アネックス3F,大阪府,近畿,090-9339-2867,https://www.google.com/maps/search/?api=1&query=NICOPA%E5%8D%97%E5%8D%83%E9%87%8C%E5%BA%97%20%E5%A4%A7%E9%98%AA%E5%BA%9C%E5%90%B9%E7%94%B0%E5%B8%82%E5%8D%83%E9%87%8C%E5%B1%B1%E8%A5%BF6-56-1%E3%83%88%E3%83%8A%E3%83%AA%E3%82%A8%E5%8D%97%E5%8D%83%E9%87%8C%E3%82%A2%E3%83%8D%E3%83%83%E3%82%AF%E3%82%B93F,2026-10-08,https://dcd.aikatsu.com/encore/pdf/shoplist.pdf,官方列出的設置店；未逐店確認現場稼動、台數與卡片庫存。地址定位尚未逐點核對。
プラサカプコン藤井寺店,日本 大阪府藤井寺市岡2-10-11イオン藤井寺ショッピングセンター2F,大阪府,近畿,072-931-2316,https://www.google.com/maps/search/?api=1&query=%E3%83%97%E3%83%A9%E3%82%B5%E3%82%AB%E3%83%97%E3%82%B3%E3%83%B3%E8%97%A4%E4%BA%95%E5%AF%BA%E5%BA%97%20%E5%A4%A7%E9%98%AA%E5%BA%9C%E8%97%A4%E4%BA%95%E5%AF%BA%E5%B8%82%E5%B2%A12-10-11%E3%82%A4%E3%82%AA%E3%83%B3%E8%97%A4%E4%BA%95%E5%AF%BA%E3%82%B7%E3%83%A7%E3%83%83%E3%83%94%E3%83%B3%E3%82%B0%E3%82%BB%E3%83%B3%E3%82%BF%E3%83%BC2F,2026-10-08,https://dcd.aikatsu.com/encore/pdf/shoplist.pdf,官方列出的設置店；未逐店確認現場稼動、台數與卡片庫存。地址定位尚未逐點核對。
タイトーステーション摂津富田店,日本 大阪府高槻市大畑町１３－１イオンフードスタイル摂津富田店 ２Ｆ専門店街,大阪府,近畿,072-691-5083,https://www.google.com/maps/search/?api=1&query=%E3%82%BF%E3%82%A4%E3%83%88%E3%83%BC%E3%82%B9%E3%83%86%E3%83%BC%E3%82%B7%E3%83%A7%E3%83%B3%E6%91%82%E6%B4%A5%E5%AF%8C%E7%94%B0%E5%BA%97%20%E5%A4%A7%E9%98%AA%E5%BA%9C%E9%AB%98%E6%A7%BB%E5%B8%82%E5%A4%A7%E7%95%91%E7%94%BA%EF%BC%91%EF%BC%93%EF%BC%8D%EF%BC%91%E3%82%A4%E3%82%AA%E3%83%B3%E3%83%95%E3%83%BC%E3%83%89%E3%82%B9%E3%82%BF%E3%82%A4%E3%83%AB%E6%91%82%E6%B4%A5%E5%AF%8C%E7%94%B0%E5%BA%97%20%EF%BC%92%EF%BC%A6%E5%B0%82%E9%96%80%E5%BA%97%E8%A1%97,2026-10-08,https://dcd.aikatsu.com/encore/pdf/shoplist.pdf,官方列出的設置店；未逐店確認現場稼動、台數與卡片庫存。地址定位尚未逐點核對。
タイトーステーション難波,日本 大阪府大阪市中央区難波千日前１５－１２タイトーステーション難波,大阪府,近畿,06-6641-0185,https://www.google.com/maps/search/?api=1&query=%E3%82%BF%E3%82%A4%E3%83%88%E3%83%BC%E3%82%B9%E3%83%86%E3%83%BC%E3%82%B7%E3%83%A7%E3%83%B3%E9%9B%A3%E6%B3%A2%20%E5%A4%A7%E9%98%AA%E5%BA%9C%E5%A4%A7%E9%98%AA%E5%B8%82%E4%B8%AD%E5%A4%AE%E5%8C%BA%E9%9B%A3%E6%B3%A2%E5%8D%83%E6%97%A5%E5%89%8D%EF%BC%91%EF%BC%95%EF%BC%8D%EF%BC%91%EF%BC%92%E3%82%BF%E3%82%A4%E3%83%88%E3%83%BC%E3%82%B9%E3%83%86%E3%83%BC%E3%82%B7%E3%83%A7%E3%83%B3%E9%9B%A3%E6%B3%A2,2026-10-08,https://dcd.aikatsu.com/encore/pdf/shoplist.pdf,官方列出的設置店；未逐店確認現場稼動、台數與卡片庫存。地址定位尚未逐點核對。
タイトーステーション大阪日本橋店,日本 大阪府大阪市浪速区日本橋４－９－１４タイトーステーション大阪日本橋,大阪府,近畿,06-6630-7270,https://www.google.com/maps/search/?api=1&query=%E3%82%BF%E3%82%A4%E3%83%88%E3%83%BC%E3%82%B9%E3%83%86%E3%83%BC%E3%82%B7%E3%83%A7%E3%83%B3%E5%A4%A7%E9%98%AA%E6%97%A5%E6%9C%AC%E6%A9%8B%E5%BA%97%20%E5%A4%A7%E9%98%AA%E5%BA%9C%E5%A4%A7%E9%98%AA%E5%B8%82%E6%B5%AA%E9%80%9F%E5%8C%BA%E6%97%A5%E6%9C%AC%E6%A9%8B%EF%BC%94%EF%BC%8D%EF%BC%99%EF%BC%8D%EF%BC%91%EF%BC%94%E3%82%BF%E3%82%A4%E3%83%88%E3%83%BC%E3%82%B9%E3%83%86%E3%83%BC%E3%82%B7%E3%83%A7%E3%83%B3%E5%A4%A7%E9%98%AA%E6%97%A5%E6%9C%AC%E6%A9%8B,2026-10-08,https://dcd.aikatsu.com/encore/pdf/shoplist.pdf,官方列出的設置店；未逐店確認現場稼動、台數與卡片庫存。地址定位尚未逐點核對。
タイトーステーションアリオ八尾店,日本 大阪府八尾市光町2丁目3番アリオ八尾3F,大阪府,近畿,072-929-4801,https://www.google.com/maps/search/?api=1&query=%E3%82%BF%E3%82%A4%E3%83%88%E3%83%BC%E3%82%B9%E3%83%86%E3%83%BC%E3%82%B7%E3%83%A7%E3%83%B3%E3%82%A2%E3%83%AA%E3%82%AA%E5%85%AB%E5%B0%BE%E5%BA%97%20%E5%A4%A7%E9%98%AA%E5%BA%9C%E5%85%AB%E5%B0%BE%E5%B8%82%E5%85%89%E7%94%BA2%E4%B8%81%E7%9B%AE3%E7%95%AA%E3%82%A2%E3%83%AA%E3%82%AA%E5%85%AB%E5%B0%BE3F,2026-10-08,https://dcd.aikatsu.com/encore/pdf/shoplist.pdf,官方列出的設置店；未逐店確認現場稼動、台數與卡片庫存。地址定位尚未逐點核對。
ｎａｍｃｏなんばパークス店,日本 大阪府大阪市浪速区難波中２丁目１０番７０号 なんばパークス６Ｆ,大阪府,近畿,06-6634-3151,https://www.google.com/maps/search/?api=1&query=%EF%BD%8E%EF%BD%81%EF%BD%8D%EF%BD%83%EF%BD%8F%E3%81%AA%E3%82%93%E3%81%B0%E3%83%91%E3%83%BC%E3%82%AF%E3%82%B9%E5%BA%97%20%E5%A4%A7%E9%98%AA%E5%BA%9C%E5%A4%A7%E9%98%AA%E5%B8%82%E6%B5%AA%E9%80%9F%E5%8C%BA%E9%9B%A3%E6%B3%A2%E4%B8%AD%EF%BC%92%E4%B8%81%E7%9B%AE%EF%BC%91%EF%BC%90%E7%95%AA%EF%BC%97%EF%BC%90%E5%8F%B7%20%E3%81%AA%E3%82%93%E3%81%B0%E3%83%91%E3%83%BC%E3%82%AF%E3%82%B9%EF%BC%96%EF%BC%A6,2026-10-08,https://dcd.aikatsu.com/encore/pdf/shoplist.pdf,官方列出的設置店；未逐店確認現場稼動、台數與卡片庫存。地址定位尚未逐點核對。
ｎａｍｃｏセブンパーク天美店,日本 大阪府松原市天美東３丁目５００番地 セブンパーク天美３Ｆ,大阪府,近畿,072-288-4678,https://www.google.com/maps/search/?api=1&query=%EF%BD%8E%EF%BD%81%EF%BD%8D%EF%BD%83%EF%BD%8F%E3%82%BB%E3%83%96%E3%83%B3%E3%83%91%E3%83%BC%E3%82%AF%E5%A4%A9%E7%BE%8E%E5%BA%97%20%E5%A4%A7%E9%98%AA%E5%BA%9C%E6%9D%BE%E5%8E%9F%E5%B8%82%E5%A4%A9%E7%BE%8E%E6%9D%B1%EF%BC%93%E4%B8%81%E7%9B%AE%EF%BC%95%EF%BC%90%EF%BC%90%E7%95%AA%E5%9C%B0%20%E3%82%BB%E3%83%96%E3%83%B3%E3%83%91%E3%83%BC%E3%82%AF%E5%A4%A9%E7%BE%8E%EF%BC%93%EF%BC%A6,2026-10-08,https://dcd.aikatsu.com/encore/pdf/shoplist.pdf,官方列出的設置店；未逐店確認現場稼動、台數與卡片庫存。地址定位尚未逐點核對。
ｎａｍｃｏイオンモール鶴見緑地店,日本 大阪府大阪市鶴見区鶴見４－１７－１－４２１ イオンモール鶴見緑地４Ｆ,大阪府,近畿,0570-087616,https://www.google.com/maps/search/?api=1&query=%EF%BD%8E%EF%BD%81%EF%BD%8D%EF%BD%83%EF%BD%8F%E3%82%A4%E3%82%AA%E3%83%B3%E3%83%A2%E3%83%BC%E3%83%AB%E9%B6%B4%E8%A6%8B%E7%B7%91%E5%9C%B0%E5%BA%97%20%E5%A4%A7%E9%98%AA%E5%BA%9C%E5%A4%A7%E9%98%AA%E5%B8%82%E9%B6%B4%E8%A6%8B%E5%8C%BA%E9%B6%B4%E8%A6%8B%EF%BC%94%EF%BC%8D%EF%BC%91%EF%BC%97%EF%BC%8D%EF%BC%91%EF%BC%8D%EF%BC%94%EF%BC%92%EF%BC%91%20%E3%82%A4%E3%82%AA%E3%83%B3%E3%83%A2%E3%83%BC%E3%83%AB%E9%B6%B4%E8%A6%8B%E7%B7%91%E5%9C%B0%EF%BC%94%EF%BC%A6,2026-10-08,https://dcd.aikatsu.com/encore/pdf/shoplist.pdf,官方列出的設置店；未逐店確認現場稼動、台數與卡片庫存。地址定位尚未逐點核對。
ｎａｍｃｏアリオ鳳店,日本 大阪府堺市西区鳳南町３－１９９－１２ アリオ鳳アリオモール３Ｆ３２８０,大阪府,近畿,072-273-9200,https://www.google.com/maps/search/?api=1&query=%EF%BD%8E%EF%BD%81%EF%BD%8D%EF%BD%83%EF%BD%8F%E3%82%A2%E3%83%AA%E3%82%AA%E9%B3%B3%E5%BA%97%20%E5%A4%A7%E9%98%AA%E5%BA%9C%E5%A0%BA%E5%B8%82%E8%A5%BF%E5%8C%BA%E9%B3%B3%E5%8D%97%E7%94%BA%EF%BC%93%EF%BC%8D%EF%BC%91%EF%BC%99%EF%BC%99%EF%BC%8D%EF%BC%91%EF%BC%92%20%E3%82%A2%E3%83%AA%E3%82%AA%E9%B3%B3%E3%82%A2%E3%83%AA%E3%82%AA%E3%83%A2%E3%83%BC%E3%83%AB%EF%BC%93%EF%BC%A6%EF%BC%93%EF%BC%92%EF%BC%98%EF%BC%90,2026-10-08,https://dcd.aikatsu.com/encore/pdf/shoplist.pdf,官方列出的設置店；未逐店確認現場稼動、台數與卡片庫存。地址定位尚未逐點核對。
ｎａｍｃｏくずはモール店,日本 大阪府枚方市楠葉花園町１０―８５ ＫＵＺＵＨＡＭＡＬＬ南館２Ｆ,大阪府,近畿,072-851-8213,https://www.google.com/maps/search/?api=1&query=%EF%BD%8E%EF%BD%81%EF%BD%8D%EF%BD%83%EF%BD%8F%E3%81%8F%E3%81%9A%E3%81%AF%E3%83%A2%E3%83%BC%E3%83%AB%E5%BA%97%20%E5%A4%A7%E9%98%AA%E5%BA%9C%E6%9E%9A%E6%96%B9%E5%B8%82%E6%A5%A0%E8%91%89%E8%8A%B1%E5%9C%92%E7%94%BA%EF%BC%91%EF%BC%90%E2%80%95%EF%BC%98%EF%BC%95%20%EF%BC%AB%EF%BC%B5%EF%BC%BA%EF%BC%B5%EF%BC%A8%EF%BC%A1%EF%BC%AD%EF%BC%A1%EF%BC%AC%EF%BC%AC%E5%8D%97%E9%A4%A8%EF%BC%92%EF%BC%A6,2026-10-08,https://dcd.aikatsu.com/encore/pdf/shoplist.pdf,官方列出的設置店；未逐店確認現場稼動、台數與卡片庫存。地址定位尚未逐點核對。
ｎａｍｃｏ大阪日本橋店,日本 大阪府大阪市浪速区難波中２－１－１７ コスモビル１～３Ｆ,大阪府,近畿,06-7656-3885,https://www.google.com/maps/search/?api=1&query=%EF%BD%8E%EF%BD%81%EF%BD%8D%EF%BD%83%EF%BD%8F%E5%A4%A7%E9%98%AA%E6%97%A5%E6%9C%AC%E6%A9%8B%E5%BA%97%20%E5%A4%A7%E9%98%AA%E5%BA%9C%E5%A4%A7%E9%98%AA%E5%B8%82%E6%B5%AA%E9%80%9F%E5%8C%BA%E9%9B%A3%E6%B3%A2%E4%B8%AD%EF%BC%92%EF%BC%8D%EF%BC%91%EF%BC%8D%EF%BC%91%EF%BC%97%20%E3%82%B3%E3%82%B9%E3%83%A2%E3%83%93%E3%83%AB%EF%BC%91%EF%BD%9E%EF%BC%93%EF%BC%A6,2026-10-08,https://dcd.aikatsu.com/encore/pdf/shoplist.pdf,官方列出的設置店；未逐店確認現場稼動、台數與卡片庫存。地址定位尚未逐點核對。
ｎａｍｃｏ梅田店,日本 大阪府大阪市北区小松原町３番３号 ＯＳビル２Ｆ,大阪府,近畿,0570-087610,https://www.google.com/maps/search/?api=1&query=%EF%BD%8E%EF%BD%81%EF%BD%8D%EF%BD%83%EF%BD%8F%E6%A2%85%E7%94%B0%E5%BA%97%20%E5%A4%A7%E9%98%AA%E5%BA%9C%E5%A4%A7%E9%98%AA%E5%B8%82%E5%8C%97%E5%8C%BA%E5%B0%8F%E6%9D%BE%E5%8E%9F%E7%94%BA%EF%BC%93%E7%95%AA%EF%BC%93%E5%8F%B7%20%EF%BC%AF%EF%BC%B3%E3%83%93%E3%83%AB%EF%BC%92%EF%BC%A6,2026-10-08,https://dcd.aikatsu.com/encore/pdf/shoplist.pdf,官方列出的設置店；未逐店確認現場稼動、台數與卡片庫存。地址定位尚未逐點核對。
ｎａｍｃｏ枚方モール店,日本 大阪府枚方市岡東町１９－１ 枚方モール４階,大阪府,近畿,072-896-7660,https://www.google.com/maps/search/?api=1&query=%EF%BD%8E%EF%BD%81%EF%BD%8D%EF%BD%83%EF%BD%8F%E6%9E%9A%E6%96%B9%E3%83%A2%E3%83%BC%E3%83%AB%E5%BA%97%20%E5%A4%A7%E9%98%AA%E5%BA%9C%E6%9E%9A%E6%96%B9%E5%B8%82%E5%B2%A1%E6%9D%B1%E7%94%BA%EF%BC%91%EF%BC%99%EF%BC%8D%EF%BC%91%20%E6%9E%9A%E6%96%B9%E3%83%A2%E3%83%BC%E3%83%AB%EF%BC%94%E9%9A%8E,2026-10-08,https://dcd.aikatsu.com/encore/pdf/shoplist.pdf,官方列出的設置店；未逐店確認現場稼動、台數與卡片庫存。地址定位尚未逐點核對。
ｎａｍｃｏららぽーと門真店,日本 大阪府門真市松生町１番１１号 ららぽーと門真３階３０４００区画,大阪府,近畿,06-6780-9594,https://www.google.com/maps/search/?api=1&query=%EF%BD%8E%EF%BD%81%EF%BD%8D%EF%BD%83%EF%BD%8F%E3%82%89%E3%82%89%E3%81%BD%E3%83%BC%E3%81%A8%E9%96%80%E7%9C%9F%E5%BA%97%20%E5%A4%A7%E9%98%AA%E5%BA%9C%E9%96%80%E7%9C%9F%E5%B8%82%E6%9D%BE%E7%94%9F%E7%94%BA%EF%BC%91%E7%95%AA%EF%BC%91%EF%BC%91%E5%8F%B7%20%E3%82%89%E3%82%89%E3%81%BD%E3%83%BC%E3%81%A8%E9%96%80%E7%9C%9F%EF%BC%93%E9%9A%8E%EF%BC%93%EF%BC%90%EF%BC%94%EF%BC%90%EF%BC%90%E5%8C%BA%E7%94%BB,2026-10-08,https://dcd.aikatsu.com/encore/pdf/shoplist.pdf,官方列出的設置店；未逐店確認現場稼動、台數與卡片庫存。地址定位尚未逐點核對。
ｎａｍｃｏマグスミノエ店,日本 大阪府大阪市住之江区泉１丁目１番８２号 マグスミノエ１Ｆ,大阪府,近畿,06-6682-6856,https://www.google.com/maps/search/?api=1&query=%EF%BD%8E%EF%BD%81%EF%BD%8D%EF%BD%83%EF%BD%8F%E3%83%9E%E3%82%B0%E3%82%B9%E3%83%9F%E3%83%8E%E3%82%A8%E5%BA%97%20%E5%A4%A7%E9%98%AA%E5%BA%9C%E5%A4%A7%E9%98%AA%E5%B8%82%E4%BD%8F%E4%B9%8B%E6%B1%9F%E5%8C%BA%E6%B3%89%EF%BC%91%E4%B8%81%E7%9B%AE%EF%BC%91%E7%95%AA%EF%BC%98%EF%BC%92%E5%8F%B7%20%E3%83%9E%E3%82%B0%E3%82%B9%E3%83%9F%E3%83%8E%E3%82%A8%EF%BC%91%EF%BC%A6,2026-10-08,https://dcd.aikatsu.com/encore/pdf/shoplist.pdf,官方列出的設置店；未逐店確認現場稼動、台數與卡片庫存。地址定位尚未逐點核對。
ｎａｍｃｏららぽーと堺店２階,日本 大阪府堺市美原区黒山２２－１ ２Ｆ ２１２４０区画,大阪府,近畿,072-289-6904,https://www.google.com/maps/search/?api=1&query=%EF%BD%8E%EF%BD%81%EF%BD%8D%EF%BD%83%EF%BD%8F%E3%82%89%E3%82%89%E3%81%BD%E3%83%BC%E3%81%A8%E5%A0%BA%E5%BA%97%EF%BC%92%E9%9A%8E%20%E5%A4%A7%E9%98%AA%E5%BA%9C%E5%A0%BA%E5%B8%82%E7%BE%8E%E5%8E%9F%E5%8C%BA%E9%BB%92%E5%B1%B1%EF%BC%92%EF%BC%92%EF%BC%8D%EF%BC%91%20%EF%BC%92%EF%BC%A6%20%EF%BC%92%EF%BC%91%EF%BC%92%EF%BC%94%EF%BC%90%E5%8C%BA%E7%94%BB,2026-10-08,https://dcd.aikatsu.com/encore/pdf/shoplist.pdf,官方列出的設置店；未逐店確認現場稼動、台數與卡片庫存。地址定位尚未逐點核對。
バンダイナムコＣｒｏｓｓ Ｓｔｏｒｅイオンモール大日店,日本 大阪府守口市大日東町１－１８ イオンモール大日４Ｆ,大阪府,近畿,0570-076567,https://www.google.com/maps/search/?api=1&query=%E3%83%90%E3%83%B3%E3%83%80%E3%82%A4%E3%83%8A%E3%83%A0%E3%82%B3%EF%BC%A3%EF%BD%92%EF%BD%8F%EF%BD%93%EF%BD%93%20%EF%BC%B3%EF%BD%94%EF%BD%8F%EF%BD%92%EF%BD%85%E3%82%A4%E3%82%AA%E3%83%B3%E3%83%A2%E3%83%BC%E3%83%AB%E5%A4%A7%E6%97%A5%E5%BA%97%20%E5%A4%A7%E9%98%AA%E5%BA%9C%E5%AE%88%E5%8F%A3%E5%B8%82%E5%A4%A7%E6%97%A5%E6%9D%B1%E7%94%BA%EF%BC%91%EF%BC%8D%EF%BC%91%EF%BC%98%20%E3%82%A4%E3%82%AA%E3%83%B3%E3%83%A2%E3%83%BC%E3%83%AB%E5%A4%A7%E6%97%A5%EF%BC%94%EF%BC%A6,2026-10-08,https://dcd.aikatsu.com/encore/pdf/shoplist.pdf,官方列出的設置店；未逐店確認現場稼動、台數與卡片庫存。地址定位尚未逐點核對。
ゲームフェイス八尾店,日本 大阪府八尾市天王寺屋2－68ボウルアロー八尾店1F,大阪府,近畿,072-948-2306,https://www.google.com/maps/search/?api=1&query=%E3%82%B2%E3%83%BC%E3%83%A0%E3%83%95%E3%82%A7%E3%82%A4%E3%82%B9%E5%85%AB%E5%B0%BE%E5%BA%97%20%E5%A4%A7%E9%98%AA%E5%BA%9C%E5%85%AB%E5%B0%BE%E5%B8%82%E5%A4%A9%E7%8E%8B%E5%AF%BA%E5%B1%8B2%EF%BC%8D68%E3%83%9C%E3%82%A6%E3%83%AB%E3%82%A2%E3%83%AD%E3%83%BC%E5%85%AB%E5%B0%BE%E5%BA%971F,2026-10-08,https://dcd.aikatsu.com/encore/pdf/shoplist.pdf,官方列出的設置店；未逐店確認現場稼動、台數與卡片庫存。地址定位尚未逐點核對。
ラウンドワンスタジアム高槻,日本 大阪府高槻市辻子3-6-4,大阪府,近畿,072-672-9933,https://www.google.com/maps/search/?api=1&query=%E3%83%A9%E3%82%A6%E3%83%B3%E3%83%89%E3%83%AF%E3%83%B3%E3%82%B9%E3%82%BF%E3%82%B8%E3%82%A2%E3%83%A0%E9%AB%98%E6%A7%BB%20%E5%A4%A7%E9%98%AA%E5%BA%9C%E9%AB%98%E6%A7%BB%E5%B8%82%E8%BE%BB%E5%AD%903-6-4,2026-10-08,https://dcd.aikatsu.com/encore/pdf/shoplist.pdf,官方列出的設置店；未逐店確認現場稼動、台數與卡片庫存。地址定位尚未逐點核對。
ラウンドワンスタジアム堺中央環状,日本 大阪府堺市東区石原町2-241,大阪府,近畿,072-253-9559,https://www.google.com/maps/search/?api=1&query=%E3%83%A9%E3%82%A6%E3%83%B3%E3%83%89%E3%83%AF%E3%83%B3%E3%82%B9%E3%82%BF%E3%82%B8%E3%82%A2%E3%83%A0%E5%A0%BA%E4%B8%AD%E5%A4%AE%E7%92%B0%E7%8A%B6%20%E5%A4%A7%E9%98%AA%E5%BA%9C%E5%A0%BA%E5%B8%82%E6%9D%B1%E5%8C%BA%E7%9F%B3%E5%8E%9F%E7%94%BA2-241,2026-10-08,https://dcd.aikatsu.com/encore/pdf/shoplist.pdf,官方列出的設置店；未逐店確認現場稼動、台數與卡片庫存。地址定位尚未逐點核對。
ラウンドワン梅田,日本 大阪府大阪市北区小松原町4-16,大阪府,近畿,06-6312-6800,https://www.google.com/maps/search/?api=1&query=%E3%83%A9%E3%82%A6%E3%83%B3%E3%83%89%E3%83%AF%E3%83%B3%E6%A2%85%E7%94%B0%20%E5%A4%A7%E9%98%AA%E5%BA%9C%E5%A4%A7%E9%98%AA%E5%B8%82%E5%8C%97%E5%8C%BA%E5%B0%8F%E6%9D%BE%E5%8E%9F%E7%94%BA4-16,2026-10-08,https://dcd.aikatsu.com/encore/pdf/shoplist.pdf,官方列出的設置店；未逐店確認現場稼動、台數與卡片庫存。地址定位尚未逐點核對。
ラウンドワンスタジアム千日前,日本 大阪府大阪市中央区難波1-3-1,大阪府,近畿,06-4708-2600,https://www.google.com/maps/search/?api=1&query=%E3%83%A9%E3%82%A6%E3%83%B3%E3%83%89%E3%83%AF%E3%83%B3%E3%82%B9%E3%82%BF%E3%82%B8%E3%82%A2%E3%83%A0%E5%8D%83%E6%97%A5%E5%89%8D%20%E5%A4%A7%E9%98%AA%E5%BA%9C%E5%A4%A7%E9%98%AA%E5%B8%82%E4%B8%AD%E5%A4%AE%E5%8C%BA%E9%9B%A3%E6%B3%A21-3-1,2026-10-08,https://dcd.aikatsu.com/encore/pdf/shoplist.pdf,官方列出的設置店；未逐店確認現場稼動、台數與卡片庫存。地址定位尚未逐點核對。
ラウンドワンららぽーと和泉,日本 大阪府和泉市あゆみ野4-4-7 ららぽーと和泉4F 42100番,大阪府,近畿,0725-51-2100,https://www.google.com/maps/search/?api=1&query=%E3%83%A9%E3%82%A6%E3%83%B3%E3%83%89%E3%83%AF%E3%83%B3%E3%82%89%E3%82%89%E3%81%BD%E3%83%BC%E3%81%A8%E5%92%8C%E6%B3%89%20%E5%A4%A7%E9%98%AA%E5%BA%9C%E5%92%8C%E6%B3%89%E5%B8%82%E3%81%82%E3%82%86%E3%81%BF%E9%87%8E4-4-7%20%E3%82%89%E3%82%89%E3%81%BD%E3%83%BC%E3%81%A8%E5%92%8C%E6%B3%894F%2042100%E7%95%AA,2026-10-08,https://dcd.aikatsu.com/encore/pdf/shoplist.pdf,官方列出的設置店；未逐店確認現場稼動、台數與卡片庫存。地址定位尚未逐點核對。
楽市楽座イオンモール大阪ドーム店,日本 大阪府大阪市西区千代崎３－１３－１イオン大阪ドームシティ４階,大阪府,近畿,06-6556-7740,https://www.google.com/maps/search/?api=1&query=%E6%A5%BD%E5%B8%82%E6%A5%BD%E5%BA%A7%E3%82%A4%E3%82%AA%E3%83%B3%E3%83%A2%E3%83%BC%E3%83%AB%E5%A4%A7%E9%98%AA%E3%83%89%E3%83%BC%E3%83%A0%E5%BA%97%20%E5%A4%A7%E9%98%AA%E5%BA%9C%E5%A4%A7%E9%98%AA%E5%B8%82%E8%A5%BF%E5%8C%BA%E5%8D%83%E4%BB%A3%E5%B4%8E%EF%BC%93%EF%BC%8D%EF%BC%91%EF%BC%93%EF%BC%8D%EF%BC%91%E3%82%A4%E3%82%AA%E3%83%B3%E5%A4%A7%E9%98%AA%E3%83%89%E3%83%BC%E3%83%A0%E3%82%B7%E3%83%86%E3%82%A3%EF%BC%94%E9%9A%8E,2026-10-08,https://dcd.aikatsu.com/encore/pdf/shoplist.pdf,官方列出的設置店；未逐店確認現場稼動、台數與卡片庫存。地址定位尚未逐點核對。
楽市楽座イオンモール四條畷店,日本 大阪府四條畷市砂４－３－２イオン四條畷３階,大阪府,近畿,072-803-6370,https://www.google.com/maps/search/?api=1&query=%E6%A5%BD%E5%B8%82%E6%A5%BD%E5%BA%A7%E3%82%A4%E3%82%AA%E3%83%B3%E3%83%A2%E3%83%BC%E3%83%AB%E5%9B%9B%E6%A2%9D%E7%95%B7%E5%BA%97%20%E5%A4%A7%E9%98%AA%E5%BA%9C%E5%9B%9B%E6%A2%9D%E7%95%B7%E5%B8%82%E7%A0%82%EF%BC%94%EF%BC%8D%EF%BC%93%EF%BC%8D%EF%BC%92%E3%82%A4%E3%82%AA%E3%83%B3%E5%9B%9B%E6%A2%9D%E7%95%B7%EF%BC%93%E9%9A%8E,2026-10-08,https://dcd.aikatsu.com/encore/pdf/shoplist.pdf,官方列出的設置店；未逐店確認現場稼動、台數與卡片庫存。地址定位尚未逐點核對。
YAZ寝屋川店,日本 大阪府寝屋川市石津中町25-26,大阪府,近畿,072-830-7755,https://www.google.com/maps/search/?api=1&query=YAZ%E5%AF%9D%E5%B1%8B%E5%B7%9D%E5%BA%97%20%E5%A4%A7%E9%98%AA%E5%BA%9C%E5%AF%9D%E5%B1%8B%E5%B7%9D%E5%B8%82%E7%9F%B3%E6%B4%A5%E4%B8%AD%E7%94%BA25-26,2026-10-08,https://dcd.aikatsu.com/encore/pdf/shoplist.pdf,官方列出的設置店；未逐店確認現場稼動、台數與卡片庫存。地址定位尚未逐點核對。
モーリーファンタジー三木青山店,日本 兵庫県三木市志染町青山3-9 イオン三木青山店2階,兵庫県,近畿,070-3100-5131,https://www.google.com/maps/search/?api=1&query=%E3%83%A2%E3%83%BC%E3%83%AA%E3%83%BC%E3%83%95%E3%82%A1%E3%83%B3%E3%82%BF%E3%82%B8%E3%83%BC%E4%B8%89%E6%9C%A8%E9%9D%92%E5%B1%B1%E5%BA%97%20%E5%85%B5%E5%BA%AB%E7%9C%8C%E4%B8%89%E6%9C%A8%E5%B8%82%E5%BF%97%E6%9F%93%E7%94%BA%E9%9D%92%E5%B1%B13-9%20%E3%82%A4%E3%82%AA%E3%83%B3%E4%B8%89%E6%9C%A8%E9%9D%92%E5%B1%B1%E5%BA%972%E9%9A%8E,2026-10-08,https://dcd.aikatsu.com/encore/pdf/shoplist.pdf,官方列出的設置店；未逐店確認現場稼動、台數與卡片庫存。地址定位尚未逐點核對。
モーリーファンタジー南淡路店,日本 兵庫県南あわじ市賀集八幡北字東内378-1 イオン南淡路店1階,兵庫県,近畿,070-3100-5289,https://www.google.com/maps/search/?api=1&query=%E3%83%A2%E3%83%BC%E3%83%AA%E3%83%BC%E3%83%95%E3%82%A1%E3%83%B3%E3%82%BF%E3%82%B8%E3%83%BC%E5%8D%97%E6%B7%A1%E8%B7%AF%E5%BA%97%20%E5%85%B5%E5%BA%AB%E7%9C%8C%E5%8D%97%E3%81%82%E3%82%8F%E3%81%98%E5%B8%82%E8%B3%80%E9%9B%86%E5%85%AB%E5%B9%A1%E5%8C%97%E5%AD%97%E6%9D%B1%E5%86%85378-1%20%E3%82%A4%E3%82%AA%E3%83%B3%E5%8D%97%E6%B7%A1%E8%B7%AF%E5%BA%971%E9%9A%8E,2026-10-08,https://dcd.aikatsu.com/encore/pdf/shoplist.pdf,官方列出的設置店；未逐店確認現場稼動、台數與卡片庫存。地址定位尚未逐點核對。
モーリーファンタジー猪名川店,日本 兵庫県川辺郡猪名川町白金2-1 イオン猪名川店3階,兵庫県,近畿,070-3100-4677,https://www.google.com/maps/search/?api=1&query=%E3%83%A2%E3%83%BC%E3%83%AA%E3%83%BC%E3%83%95%E3%82%A1%E3%83%B3%E3%82%BF%E3%82%B8%E3%83%BC%E7%8C%AA%E5%90%8D%E5%B7%9D%E5%BA%97%20%E5%85%B5%E5%BA%AB%E7%9C%8C%E5%B7%9D%E8%BE%BA%E9%83%A1%E7%8C%AA%E5%90%8D%E5%B7%9D%E7%94%BA%E7%99%BD%E9%87%912-1%20%E3%82%A4%E3%82%AA%E3%83%B3%E7%8C%AA%E5%90%8D%E5%B7%9D%E5%BA%973%E9%9A%8E,2026-10-08,https://dcd.aikatsu.com/encore/pdf/shoplist.pdf,官方列出的設置店；未逐店確認現場稼動、台數與卡片庫存。地址定位尚未逐點核對。
モーリーファンタジー和田山店,日本 兵庫県朝来市和田山町枚田岡774 イオン和田山店2階,兵庫県,近畿,070-3100-4678,https://www.google.com/maps/search/?api=1&query=%E3%83%A2%E3%83%BC%E3%83%AA%E3%83%BC%E3%83%95%E3%82%A1%E3%83%B3%E3%82%BF%E3%82%B8%E3%83%BC%E5%92%8C%E7%94%B0%E5%B1%B1%E5%BA%97%20%E5%85%B5%E5%BA%AB%E7%9C%8C%E6%9C%9D%E6%9D%A5%E5%B8%82%E5%92%8C%E7%94%B0%E5%B1%B1%E7%94%BA%E6%9E%9A%E7%94%B0%E5%B2%A1774%20%E3%82%A4%E3%82%AA%E3%83%B3%E5%92%8C%E7%94%B0%E5%B1%B1%E5%BA%972%E9%9A%8E,2026-10-08,https://dcd.aikatsu.com/encore/pdf/shoplist.pdf,官方列出的設置店；未逐店確認現場稼動、台數與卡片庫存。地址定位尚未逐點核對。
モーリーファンタジー洲本店,日本 兵庫県洲本市塩屋1-1-8 イオン洲本店2階,兵庫県,近畿,070-3100-4690,https://www.google.com/maps/search/?api=1&query=%E3%83%A2%E3%83%BC%E3%83%AA%E3%83%BC%E3%83%95%E3%82%A1%E3%83%B3%E3%82%BF%E3%82%B8%E3%83%BC%E6%B4%B2%E6%9C%AC%E5%BA%97%20%E5%85%B5%E5%BA%AB%E7%9C%8C%E6%B4%B2%E6%9C%AC%E5%B8%82%E5%A1%A9%E5%B1%8B1-1-8%20%E3%82%A4%E3%82%AA%E3%83%B3%E6%B4%B2%E6%9C%AC%E5%BA%972%E9%9A%8E,2026-10-08,https://dcd.aikatsu.com/encore/pdf/shoplist.pdf,官方列出的設置店；未逐店確認現場稼動、台數與卡片庫存。地址定位尚未逐點核對。
モーリーファンタジー伊丹店,日本 兵庫県伊丹市藤ノ木1-1-1 イオン伊丹店3階,兵庫県,近畿,070-3100-4719,https://www.google.com/maps/search/?api=1&query=%E3%83%A2%E3%83%BC%E3%83%AA%E3%83%BC%E3%83%95%E3%82%A1%E3%83%B3%E3%82%BF%E3%82%B8%E3%83%BC%E4%BC%8A%E4%B8%B9%E5%BA%97%20%E5%85%B5%E5%BA%AB%E7%9C%8C%E4%BC%8A%E4%B8%B9%E5%B8%82%E8%97%A4%E3%83%8E%E6%9C%A81-1-1%20%E3%82%A4%E3%82%AA%E3%83%B3%E4%BC%8A%E4%B8%B9%E5%BA%973%E9%9A%8E,2026-10-08,https://dcd.aikatsu.com/encore/pdf/shoplist.pdf,官方列出的設置店；未逐店確認現場稼動、台數與卡片庫存。地址定位尚未逐點核對。
モーリーファンタジー姫路大津店,日本 兵庫県姫路市大津区大津町2丁目5番 イオン姫路大津店2階,兵庫県,近畿,070-3100-4417,https://www.google.com/maps/search/?api=1&query=%E3%83%A2%E3%83%BC%E3%83%AA%E3%83%BC%E3%83%95%E3%82%A1%E3%83%B3%E3%82%BF%E3%82%B8%E3%83%BC%E5%A7%AB%E8%B7%AF%E5%A4%A7%E6%B4%A5%E5%BA%97%20%E5%85%B5%E5%BA%AB%E7%9C%8C%E5%A7%AB%E8%B7%AF%E5%B8%82%E5%A4%A7%E6%B4%A5%E5%8C%BA%E5%A4%A7%E6%B4%A5%E7%94%BA2%E4%B8%81%E7%9B%AE5%E7%95%AA%20%E3%82%A4%E3%82%AA%E3%83%B3%E5%A7%AB%E8%B7%AF%E5%A4%A7%E6%B4%A5%E5%BA%972%E9%9A%8E,2026-10-08,https://dcd.aikatsu.com/encore/pdf/shoplist.pdf,官方列出的設置店；未逐店確認現場稼動、台數與卡片庫存。地址定位尚未逐點核對。
モーリーファンタジー尼崎店,日本 兵庫県尼崎市次屋3-13-18 イオン尼崎店2階,兵庫県,近畿,070-3100-4442,https://www.google.com/maps/search/?api=1&query=%E3%83%A2%E3%83%BC%E3%83%AA%E3%83%BC%E3%83%95%E3%82%A1%E3%83%B3%E3%82%BF%E3%82%B8%E3%83%BC%E5%B0%BC%E5%B4%8E%E5%BA%97%20%E5%85%B5%E5%BA%AB%E7%9C%8C%E5%B0%BC%E5%B4%8E%E5%B8%82%E6%AC%A1%E5%B1%8B3-13-18%20%E3%82%A4%E3%82%AA%E3%83%B3%E5%B0%BC%E5%B4%8E%E5%BA%972%E9%9A%8E,2026-10-08,https://dcd.aikatsu.com/encore/pdf/shoplist.pdf,官方列出的設置店；未逐店確認現場稼動、台數與卡片庫存。地址定位尚未逐點核對。
モーリーファンタジー神戸北店,日本 兵庫県神戸市北区上津台8-1-1 イオン神戸北店3階,兵庫県,近畿,070-3100-4334,https://www.google.com/maps/search/?api=1&query=%E3%83%A2%E3%83%BC%E3%83%AA%E3%83%BC%E3%83%95%E3%82%A1%E3%83%B3%E3%82%BF%E3%82%B8%E3%83%BC%E7%A5%9E%E6%88%B8%E5%8C%97%E5%BA%97%20%E5%85%B5%E5%BA%AB%E7%9C%8C%E7%A5%9E%E6%88%B8%E5%B8%82%E5%8C%97%E5%8C%BA%E4%B8%8A%E6%B4%A5%E5%8F%B08-1-1%20%E3%82%A4%E3%82%AA%E3%83%B3%E7%A5%9E%E6%88%B8%E5%8C%97%E5%BA%973%E9%9A%8E,2026-10-08,https://dcd.aikatsu.com/encore/pdf/shoplist.pdf,官方列出的設置店；未逐店確認現場稼動、台數與卡片庫存。地址定位尚未逐點核對。
モーリーファンタジーf 加西北条店,日本 兵庫県加西市北条町北条308-1 イオン加西北条店2階,兵庫県,近畿,070-3100-3488,https://www.google.com/maps/search/?api=1&query=%E3%83%A2%E3%83%BC%E3%83%AA%E3%83%BC%E3%83%95%E3%82%A1%E3%83%B3%E3%82%BF%E3%82%B8%E3%83%BCf%20%E5%8A%A0%E8%A5%BF%E5%8C%97%E6%9D%A1%E5%BA%97%20%E5%85%B5%E5%BA%AB%E7%9C%8C%E5%8A%A0%E8%A5%BF%E5%B8%82%E5%8C%97%E6%9D%A1%E7%94%BA%E5%8C%97%E6%9D%A1308-1%20%E3%82%A4%E3%82%AA%E3%83%B3%E5%8A%A0%E8%A5%BF%E5%8C%97%E6%9D%A1%E5%BA%972%E9%9A%8E,2026-10-08,https://dcd.aikatsu.com/encore/pdf/shoplist.pdf,官方列出的設置店；未逐店確認現場稼動、台數與卡片庫存。地址定位尚未逐點核對。
モーリーファンタジー伊丹昆陽店,日本 兵庫県伊丹市池尻4-1-1 イオン伊丹昆陽店3階,兵庫県,近畿,070-3100-3469,https://www.google.com/maps/search/?api=1&query=%E3%83%A2%E3%83%BC%E3%83%AA%E3%83%BC%E3%83%95%E3%82%A1%E3%83%B3%E3%82%BF%E3%82%B8%E3%83%BC%E4%BC%8A%E4%B8%B9%E6%98%86%E9%99%BD%E5%BA%97%20%E5%85%B5%E5%BA%AB%E7%9C%8C%E4%BC%8A%E4%B8%B9%E5%B8%82%E6%B1%A0%E5%B0%BB4-1-1%20%E3%82%A4%E3%82%AA%E3%83%B3%E4%BC%8A%E4%B8%B9%E6%98%86%E9%99%BD%E5%BA%973%E9%9A%8E,2026-10-08,https://dcd.aikatsu.com/encore/pdf/shoplist.pdf,官方列出的設置店；未逐店確認現場稼動、台數與卡片庫存。地址定位尚未逐點核對。
モーリーファンタジージェームス山店,日本 兵庫県神戸市垂水区青山台7-7-1 イオンジェームス山店1階,兵庫県,近畿,070-3100-3873,https://www.google.com/maps/search/?api=1&query=%E3%83%A2%E3%83%BC%E3%83%AA%E3%83%BC%E3%83%95%E3%82%A1%E3%83%B3%E3%82%BF%E3%82%B8%E3%83%BC%E3%82%B8%E3%82%A7%E3%83%BC%E3%83%A0%E3%82%B9%E5%B1%B1%E5%BA%97%20%E5%85%B5%E5%BA%AB%E7%9C%8C%E7%A5%9E%E6%88%B8%E5%B8%82%E5%9E%82%E6%B0%B4%E5%8C%BA%E9%9D%92%E5%B1%B1%E5%8F%B07-7-1%20%E3%82%A4%E3%82%AA%E3%83%B3%E3%82%B8%E3%82%A7%E3%83%BC%E3%83%A0%E3%82%B9%E5%B1%B1%E5%BA%971%E9%9A%8E,2026-10-08,https://dcd.aikatsu.com/encore/pdf/shoplist.pdf,官方列出的設置店；未逐店確認現場稼動、台數與卡片庫存。地址定位尚未逐點核對。
モーリーファンタジー明石店,日本 兵庫県明石市大久保町ゆりのき通り3-3-1 イオン明石ショッピングセンター３番街3階,兵庫県,近畿,070-3100-3721,https://www.google.com/maps/search/?api=1&query=%E3%83%A2%E3%83%BC%E3%83%AA%E3%83%BC%E3%83%95%E3%82%A1%E3%83%B3%E3%82%BF%E3%82%B8%E3%83%BC%E6%98%8E%E7%9F%B3%E5%BA%97%20%E5%85%B5%E5%BA%AB%E7%9C%8C%E6%98%8E%E7%9F%B3%E5%B8%82%E5%A4%A7%E4%B9%85%E4%BF%9D%E7%94%BA%E3%82%86%E3%82%8A%E3%81%AE%E3%81%8D%E9%80%9A%E3%82%8A3-3-1%20%E3%82%A4%E3%82%AA%E3%83%B3%E6%98%8E%E7%9F%B3%E3%82%B7%E3%83%A7%E3%83%83%E3%83%94%E3%83%B3%E3%82%B0%E3%82%BB%E3%83%B3%E3%82%BF%E3%83%BC%EF%BC%93%E7%95%AA%E8%A1%973%E9%9A%8E,2026-10-08,https://dcd.aikatsu.com/encore/pdf/shoplist.pdf,官方列出的設置店；未逐店確認現場稼動、台數與卡片庫存。地址定位尚未逐點核對。
モーリーファンタジー姫路リバーシティ店,日本 兵庫県姫路市飾磨区細江2560番地 イオン姫路ﾘﾊﾞｰｼﾃｨ店2階,兵庫県,近畿,070-3100-3849,https://www.google.com/maps/search/?api=1&query=%E3%83%A2%E3%83%BC%E3%83%AA%E3%83%BC%E3%83%95%E3%82%A1%E3%83%B3%E3%82%BF%E3%82%B8%E3%83%BC%E5%A7%AB%E8%B7%AF%E3%83%AA%E3%83%90%E3%83%BC%E3%82%B7%E3%83%86%E3%82%A3%E5%BA%97%20%E5%85%B5%E5%BA%AB%E7%9C%8C%E5%A7%AB%E8%B7%AF%E5%B8%82%E9%A3%BE%E7%A3%A8%E5%8C%BA%E7%B4%B0%E6%B1%9F2560%E7%95%AA%E5%9C%B0%20%E3%82%A4%E3%82%AA%E3%83%B3%E5%A7%AB%E8%B7%AF%EF%BE%98%EF%BE%8A%EF%BE%9E%EF%BD%B0%EF%BD%BC%EF%BE%83%EF%BD%A8%E5%BA%972%E9%9A%8E,2026-10-08,https://dcd.aikatsu.com/encore/pdf/shoplist.pdf,官方列出的設置店；未逐店確認現場稼動、台數與卡片庫存。地址定位尚未逐點核對。
モーリーファンタジー山崎店,日本 兵庫県宍粟市山崎町中井字城下10 イオン山崎店3階,兵庫県,近畿,070-3100-3850,https://www.google.com/maps/search/?api=1&query=%E3%83%A2%E3%83%BC%E3%83%AA%E3%83%BC%E3%83%95%E3%82%A1%E3%83%B3%E3%82%BF%E3%82%B8%E3%83%BC%E5%B1%B1%E5%B4%8E%E5%BA%97%20%E5%85%B5%E5%BA%AB%E7%9C%8C%E5%AE%8D%E7%B2%9F%E5%B8%82%E5%B1%B1%E5%B4%8E%E7%94%BA%E4%B8%AD%E4%BA%95%E5%AD%97%E5%9F%8E%E4%B8%8B10%20%E3%82%A4%E3%82%AA%E3%83%B3%E5%B1%B1%E5%B4%8E%E5%BA%973%E9%9A%8E,2026-10-08,https://dcd.aikatsu.com/encore/pdf/shoplist.pdf,官方列出的設置店；未逐店確認現場稼動、台數與卡片庫存。地址定位尚未逐點核對。
モーリーファンタジー三木店,日本 兵庫県三木市大村字砂163 イオン三木店3階,兵庫県,近畿,070-3100-3851,https://www.google.com/maps/search/?api=1&query=%E3%83%A2%E3%83%BC%E3%83%AA%E3%83%BC%E3%83%95%E3%82%A1%E3%83%B3%E3%82%BF%E3%82%B8%E3%83%BC%E4%B8%89%E6%9C%A8%E5%BA%97%20%E5%85%B5%E5%BA%AB%E7%9C%8C%E4%B8%89%E6%9C%A8%E5%B8%82%E5%A4%A7%E6%9D%91%E5%AD%97%E7%A0%82163%20%E3%82%A4%E3%82%AA%E3%83%B3%E4%B8%89%E6%9C%A8%E5%BA%973%E9%9A%8E,2026-10-08,https://dcd.aikatsu.com/encore/pdf/shoplist.pdf,官方列出的設置店；未逐店確認現場稼動、台數與卡片庫存。地址定位尚未逐點核對。
モーリーファンタジー社店,日本 兵庫県加東市社1126-1 イオン社店2階,兵庫県,近畿,070-3100-3860,https://www.google.com/maps/search/?api=1&query=%E3%83%A2%E3%83%BC%E3%83%AA%E3%83%BC%E3%83%95%E3%82%A1%E3%83%B3%E3%82%BF%E3%82%B8%E3%83%BC%E7%A4%BE%E5%BA%97%20%E5%85%B5%E5%BA%AB%E7%9C%8C%E5%8A%A0%E6%9D%B1%E5%B8%82%E7%A4%BE1126-1%20%E3%82%A4%E3%82%AA%E3%83%B3%E7%A4%BE%E5%BA%972%E9%9A%8E,2026-10-08,https://dcd.aikatsu.com/encore/pdf/shoplist.pdf,官方列出的設置店；未逐店確認現場稼動、台數與卡片庫存。地址定位尚未逐點核對。
モーリーファンタジー高砂店,日本 兵庫県高砂市緑丘2丁目1-40 イオン高砂店2階,兵庫県,近畿,070-3100-3671,https://www.google.com/maps/search/?api=1&query=%E3%83%A2%E3%83%BC%E3%83%AA%E3%83%BC%E3%83%95%E3%82%A1%E3%83%B3%E3%82%BF%E3%82%B8%E3%83%BC%E9%AB%98%E7%A0%82%E5%BA%97%20%E5%85%B5%E5%BA%AB%E7%9C%8C%E9%AB%98%E7%A0%82%E5%B8%82%E7%B7%91%E4%B8%982%E4%B8%81%E7%9B%AE1-40%20%E3%82%A4%E3%82%AA%E3%83%B3%E9%AB%98%E7%A0%82%E5%BA%972%E9%9A%8E,2026-10-08,https://dcd.aikatsu.com/encore/pdf/shoplist.pdf,官方列出的設置店；未逐店確認現場稼動、台數與卡片庫存。地址定位尚未逐點核對。
モーリーファンタジー板宿店,日本 兵庫県神戸市須磨区前池町3-2-1 ダイエー板宿店4階,兵庫県,近畿,070-3100-7414,https://www.google.com/maps/search/?api=1&query=%E3%83%A2%E3%83%BC%E3%83%AA%E3%83%BC%E3%83%95%E3%82%A1%E3%83%B3%E3%82%BF%E3%82%B8%E3%83%BC%E6%9D%BF%E5%AE%BF%E5%BA%97%20%E5%85%B5%E5%BA%AB%E7%9C%8C%E7%A5%9E%E6%88%B8%E5%B8%82%E9%A0%88%E7%A3%A8%E5%8C%BA%E5%89%8D%E6%B1%A0%E7%94%BA3-2-1%20%E3%83%80%E3%82%A4%E3%82%A8%E3%83%BC%E6%9D%BF%E5%AE%BF%E5%BA%974%E9%9A%8E,2026-10-08,https://dcd.aikatsu.com/encore/pdf/shoplist.pdf,官方列出的設置店；未逐店確認現場稼動、台數與卡片庫存。地址定位尚未逐點核對。
モーリーファンタジー西宮店,日本 兵庫県西宮市林田町2-24 イオン西宮店２階,兵庫県,近畿,070-3100-7462,https://www.google.com/maps/search/?api=1&query=%E3%83%A2%E3%83%BC%E3%83%AA%E3%83%BC%E3%83%95%E3%82%A1%E3%83%B3%E3%82%BF%E3%82%B8%E3%83%BC%E8%A5%BF%E5%AE%AE%E5%BA%97%20%E5%85%B5%E5%BA%AB%E7%9C%8C%E8%A5%BF%E5%AE%AE%E5%B8%82%E6%9E%97%E7%94%B0%E7%94%BA2-24%20%E3%82%A4%E3%82%AA%E3%83%B3%E8%A5%BF%E5%AE%AE%E5%BA%97%EF%BC%92%E9%9A%8E,2026-10-08,https://dcd.aikatsu.com/encore/pdf/shoplist.pdf,官方列出的設置店；未逐店確認現場稼動、台數與卡片庫存。地址定位尚未逐點核對。
モーリーファンタジー宝塚中山店,日本 兵庫県宝塚市売布東の町21-22 ダイエー宝塚中山店2階,兵庫県,近畿,070-3100-7472,https://www.google.com/maps/search/?api=1&query=%E3%83%A2%E3%83%BC%E3%83%AA%E3%83%BC%E3%83%95%E3%82%A1%E3%83%B3%E3%82%BF%E3%82%B8%E3%83%BC%E5%AE%9D%E5%A1%9A%E4%B8%AD%E5%B1%B1%E5%BA%97%20%E5%85%B5%E5%BA%AB%E7%9C%8C%E5%AE%9D%E5%A1%9A%E5%B8%82%E5%A3%B2%E5%B8%83%E6%9D%B1%E3%81%AE%E7%94%BA21-22%20%E3%83%80%E3%82%A4%E3%82%A8%E3%83%BC%E5%AE%9D%E5%A1%9A%E4%B8%AD%E5%B1%B1%E5%BA%972%E9%9A%8E,2026-10-08,https://dcd.aikatsu.com/encore/pdf/shoplist.pdf,官方列出的設置店；未逐店確認現場稼動、台數與卡片庫存。地址定位尚未逐點核對。
モーリーファンタジー西神中央店,日本 兵庫県神戸市西区糀台5-3-4 ダイエー西神中央店3階,兵庫県,近畿,070-3100-7485,https://www.google.com/maps/search/?api=1&query=%E3%83%A2%E3%83%BC%E3%83%AA%E3%83%BC%E3%83%95%E3%82%A1%E3%83%B3%E3%82%BF%E3%82%B8%E3%83%BC%E8%A5%BF%E7%A5%9E%E4%B8%AD%E5%A4%AE%E5%BA%97%20%E5%85%B5%E5%BA%AB%E7%9C%8C%E7%A5%9E%E6%88%B8%E5%B8%82%E8%A5%BF%E5%8C%BA%E7%B3%80%E5%8F%B05-3-4%20%E3%83%80%E3%82%A4%E3%82%A8%E3%83%BC%E8%A5%BF%E7%A5%9E%E4%B8%AD%E5%A4%AE%E5%BA%973%E9%9A%8E,2026-10-08,https://dcd.aikatsu.com/encore/pdf/shoplist.pdf,官方列出的設置店；未逐店確認現場稼動、台數與卡片庫存。地址定位尚未逐點核對。
モーリーファンタジー舞子店,日本 兵庫県神戸市垂水区舞子台6-20-17 ダイエー舞子店2階,兵庫県,近畿,070-3100-7423,https://www.google.com/maps/search/?api=1&query=%E3%83%A2%E3%83%BC%E3%83%AA%E3%83%BC%E3%83%95%E3%82%A1%E3%83%B3%E3%82%BF%E3%82%B8%E3%83%BC%E8%88%9E%E5%AD%90%E5%BA%97%20%E5%85%B5%E5%BA%AB%E7%9C%8C%E7%A5%9E%E6%88%B8%E5%B8%82%E5%9E%82%E6%B0%B4%E5%8C%BA%E8%88%9E%E5%AD%90%E5%8F%B06-20-17%20%E3%83%80%E3%82%A4%E3%82%A8%E3%83%BC%E8%88%9E%E5%AD%90%E5%BA%972%E9%9A%8E,2026-10-08,https://dcd.aikatsu.com/encore/pdf/shoplist.pdf,官方列出的設置店；未逐店確認現場稼動、台數與卡片庫存。地址定位尚未逐點核對。
モーリーファンタジー藤原台店,日本 兵庫県神戸市北区藤原台中町1丁目2番2号 イオン藤原台店４階,兵庫県,近畿,070-3100-7452,https://www.google.com/maps/search/?api=1&query=%E3%83%A2%E3%83%BC%E3%83%AA%E3%83%BC%E3%83%95%E3%82%A1%E3%83%B3%E3%82%BF%E3%82%B8%E3%83%BC%E8%97%A4%E5%8E%9F%E5%8F%B0%E5%BA%97%20%E5%85%B5%E5%BA%AB%E7%9C%8C%E7%A5%9E%E6%88%B8%E5%B8%82%E5%8C%97%E5%8C%BA%E8%97%A4%E5%8E%9F%E5%8F%B0%E4%B8%AD%E7%94%BA1%E4%B8%81%E7%9B%AE2%E7%95%AA2%E5%8F%B7%20%E3%82%A4%E3%82%AA%E3%83%B3%E8%97%A4%E5%8E%9F%E5%8F%B0%E5%BA%97%EF%BC%94%E9%9A%8E,2026-10-08,https://dcd.aikatsu.com/encore/pdf/shoplist.pdf,官方列出的設置店；未逐店確認現場稼動、台數與卡片庫存。地址定位尚未逐點核對。
モーリーファンタジー名谷店,日本 兵庫県神戸市須磨区中落合2-2-2 ダイエー名谷店3階,兵庫県,近畿,070-3100-7416,https://www.google.com/maps/search/?api=1&query=%E3%83%A2%E3%83%BC%E3%83%AA%E3%83%BC%E3%83%95%E3%82%A1%E3%83%B3%E3%82%BF%E3%82%B8%E3%83%BC%E5%90%8D%E8%B0%B7%E5%BA%97%20%E5%85%B5%E5%BA%AB%E7%9C%8C%E7%A5%9E%E6%88%B8%E5%B8%82%E9%A0%88%E7%A3%A8%E5%8C%BA%E4%B8%AD%E8%90%BD%E5%90%882-2-2%20%E3%83%80%E3%82%A4%E3%82%A8%E3%83%BC%E5%90%8D%E8%B0%B7%E5%BA%973%E9%9A%8E,2026-10-08,https://dcd.aikatsu.com/encore/pdf/shoplist.pdf,官方列出的設置店；未逐店確認現場稼動、台數與卡片庫存。地址定位尚未逐點核對。
モーリーファンタジー長田南店,日本 兵庫県神戸市長田区東尻池新町1番20号 イオン長田南ショッピングセンター2階,兵庫県,近畿,070-3100-7445,https://www.google.com/maps/search/?api=1&query=%E3%83%A2%E3%83%BC%E3%83%AA%E3%83%BC%E3%83%95%E3%82%A1%E3%83%B3%E3%82%BF%E3%82%B8%E3%83%BC%E9%95%B7%E7%94%B0%E5%8D%97%E5%BA%97%20%E5%85%B5%E5%BA%AB%E7%9C%8C%E7%A5%9E%E6%88%B8%E5%B8%82%E9%95%B7%E7%94%B0%E5%8C%BA%E6%9D%B1%E5%B0%BB%E6%B1%A0%E6%96%B0%E7%94%BA1%E7%95%AA20%E5%8F%B7%20%E3%82%A4%E3%82%AA%E3%83%B3%E9%95%B7%E7%94%B0%E5%8D%97%E3%82%B7%E3%83%A7%E3%83%83%E3%83%94%E3%83%B3%E3%82%B0%E3%82%BB%E3%83%B3%E3%82%BF%E3%83%BC2%E9%9A%8E,2026-10-08,https://dcd.aikatsu.com/encore/pdf/shoplist.pdf,官方列出的設置店；未逐店確認現場稼動、台數與卡片庫存。地址定位尚未逐點核對。
Tecc LIFE SELECT 尼崎,日本 兵庫県尼崎市次屋３－１３－１８,兵庫県,近畿,06-7739-6500,https://www.google.com/maps/search/?api=1&query=Tecc%20LIFE%20SELECT%20%E5%B0%BC%E5%B4%8E%20%E5%85%B5%E5%BA%AB%E7%9C%8C%E5%B0%BC%E5%B4%8E%E5%B8%82%E6%AC%A1%E5%B1%8B%EF%BC%93%EF%BC%8D%EF%BC%91%EF%BC%93%EF%BC%8D%EF%BC%91%EF%BC%98,2026-10-08,https://dcd.aikatsu.com/encore/pdf/shoplist.pdf,官方列出的設置店；未逐店確認現場稼動、台數與卡片庫存。地址定位尚未逐點核對。
イオン加古川店,日本 兵庫県加古川市平岡町新在家６１５－１,兵庫県,近畿,079-425-4121,https://www.google.com/maps/search/?api=1&query=%E3%82%A4%E3%82%AA%E3%83%B3%E5%8A%A0%E5%8F%A4%E5%B7%9D%E5%BA%97%20%E5%85%B5%E5%BA%AB%E7%9C%8C%E5%8A%A0%E5%8F%A4%E5%B7%9D%E5%B8%82%E5%B9%B3%E5%B2%A1%E7%94%BA%E6%96%B0%E5%9C%A8%E5%AE%B6%EF%BC%96%EF%BC%91%EF%BC%95%EF%BC%8D%EF%BC%91,2026-10-08,https://dcd.aikatsu.com/encore/pdf/shoplist.pdf,官方列出的設置店；未逐店確認現場稼動、台數與卡片庫存。地址定位尚未逐點核對。
タイトーFステーションアスピア明石,日本 兵庫県明石市東仲ノ町6-1,兵庫県,近畿,078-940-6710,https://www.google.com/maps/search/?api=1&query=%E3%82%BF%E3%82%A4%E3%83%88%E3%83%BCF%E3%82%B9%E3%83%86%E3%83%BC%E3%82%B7%E3%83%A7%E3%83%B3%E3%82%A2%E3%82%B9%E3%83%94%E3%82%A2%E6%98%8E%E7%9F%B3%20%E5%85%B5%E5%BA%AB%E7%9C%8C%E6%98%8E%E7%9F%B3%E5%B8%82%E6%9D%B1%E4%BB%B2%E3%83%8E%E7%94%BA6-1,2026-10-08,https://dcd.aikatsu.com/encore/pdf/shoplist.pdf,官方列出的設置店；未逐店確認現場稼動、台數與卡片庫存。地址定位尚未逐點核對。
タイトーFステーション三宮西館,日本 兵庫県神戸市中央区三宮町2-11-1神戸センタープラザ3F,兵庫県,近畿,078-335-8348,https://www.google.com/maps/search/?api=1&query=%E3%82%BF%E3%82%A4%E3%83%88%E3%83%BCF%E3%82%B9%E3%83%86%E3%83%BC%E3%82%B7%E3%83%A7%E3%83%B3%E4%B8%89%E5%AE%AE%E8%A5%BF%E9%A4%A8%20%E5%85%B5%E5%BA%AB%E7%9C%8C%E7%A5%9E%E6%88%B8%E5%B8%82%E4%B8%AD%E5%A4%AE%E5%8C%BA%E4%B8%89%E5%AE%AE%E7%94%BA2-11-1%E7%A5%9E%E6%88%B8%E3%82%BB%E3%83%B3%E3%82%BF%E3%83%BC%E3%83%97%E3%83%A9%E3%82%B63F,2026-10-08,https://dcd.aikatsu.com/encore/pdf/shoplist.pdf,官方列出的設置店；未逐店確認現場稼動、台數與卡片庫存。地址定位尚未逐點核對。
タイトーFステーション姫路,日本 兵庫県姫路市駅前町269,兵庫県,近畿,079-287-9210,https://www.google.com/maps/search/?api=1&query=%E3%82%BF%E3%82%A4%E3%83%88%E3%83%BCF%E3%82%B9%E3%83%86%E3%83%BC%E3%82%B7%E3%83%A7%E3%83%B3%E5%A7%AB%E8%B7%AF%20%E5%85%B5%E5%BA%AB%E7%9C%8C%E5%A7%AB%E8%B7%AF%E5%B8%82%E9%A7%85%E5%89%8D%E7%94%BA269,2026-10-08,https://dcd.aikatsu.com/encore/pdf/shoplist.pdf,官方列出的設置店；未逐店確認現場稼動、台數與卡片庫存。地址定位尚未逐點核對。
ゆめパーク ゆめタウン姫路,日本 兵庫県姫路市神子岡前3丁目12‐17 4F,兵庫県,近畿,079-269-9166,https://www.google.com/maps/search/?api=1&query=%E3%82%86%E3%82%81%E3%83%91%E3%83%BC%E3%82%AF%20%E3%82%86%E3%82%81%E3%82%BF%E3%82%A6%E3%83%B3%E5%A7%AB%E8%B7%AF%20%E5%85%B5%E5%BA%AB%E7%9C%8C%E5%A7%AB%E8%B7%AF%E5%B8%82%E7%A5%9E%E5%AD%90%E5%B2%A1%E5%89%8D3%E4%B8%81%E7%9B%AE12%E2%80%9017%204F,2026-10-08,https://dcd.aikatsu.com/encore/pdf/shoplist.pdf,官方列出的設置店；未逐店確認現場稼動、台數與卡片庫存。地址定位尚未逐點核對。
ハローズガーデン新三田,日本 兵庫県三田市けやき台1-6-2 ｲｵﾝ三田ｳｯﾃﾞｨﾀｳﾝ店 2番街,兵庫県,近畿,080-7609-7318,https://www.google.com/maps/search/?api=1&query=%E3%83%8F%E3%83%AD%E3%83%BC%E3%82%BA%E3%82%AC%E3%83%BC%E3%83%87%E3%83%B3%E6%96%B0%E4%B8%89%E7%94%B0%20%E5%85%B5%E5%BA%AB%E7%9C%8C%E4%B8%89%E7%94%B0%E5%B8%82%E3%81%91%E3%82%84%E3%81%8D%E5%8F%B01-6-2%20%EF%BD%B2%EF%BD%B5%EF%BE%9D%E4%B8%89%E7%94%B0%EF%BD%B3%EF%BD%AF%EF%BE%83%EF%BE%9E%EF%BD%A8%EF%BE%80%EF%BD%B3%EF%BE%9D%E5%BA%97%202%E7%95%AA%E8%A1%97,2026-10-08,https://dcd.aikatsu.com/encore/pdf/shoplist.pdf,官方列出的設置店；未逐店確認現場稼動、台數與卡片庫存。地址定位尚未逐點核對。
GiGOイオンモール姫路リバーシティー(AM区画),日本 兵庫県姫路市飾磨区細江2560番地 イオンモール姫路リバーシティー 2F,兵庫県,近畿,090-6544-0836,https://www.google.com/maps/search/?api=1&query=GiGO%E3%82%A4%E3%82%AA%E3%83%B3%E3%83%A2%E3%83%BC%E3%83%AB%E5%A7%AB%E8%B7%AF%E3%83%AA%E3%83%90%E3%83%BC%E3%82%B7%E3%83%86%E3%82%A3%E3%83%BC%28AM%E5%8C%BA%E7%94%BB%29%20%E5%85%B5%E5%BA%AB%E7%9C%8C%E5%A7%AB%E8%B7%AF%E5%B8%82%E9%A3%BE%E7%A3%A8%E5%8C%BA%E7%B4%B0%E6%B1%9F2560%E7%95%AA%E5%9C%B0%20%E3%82%A4%E3%82%AA%E3%83%B3%E3%83%A2%E3%83%BC%E3%83%AB%E5%A7%AB%E8%B7%AF%E3%83%AA%E3%83%90%E3%83%BC%E3%82%B7%E3%83%86%E3%82%A3%E3%83%BC%202F,2026-10-08,https://dcd.aikatsu.com/encore/pdf/shoplist.pdf,官方列出的設置店；未逐店確認現場稼動、台數與卡片庫存。地址定位尚未逐點核對。
GiGOららぽーと甲子園,日本 兵庫県西宮市甲子園八番町1-100 ららぽーと甲子園2F,兵庫県,近畿,070-1459-4936,https://www.google.com/maps/search/?api=1&query=GiGO%E3%82%89%E3%82%89%E3%81%BD%E3%83%BC%E3%81%A8%E7%94%B2%E5%AD%90%E5%9C%92%20%E5%85%B5%E5%BA%AB%E7%9C%8C%E8%A5%BF%E5%AE%AE%E5%B8%82%E7%94%B2%E5%AD%90%E5%9C%92%E5%85%AB%E7%95%AA%E7%94%BA1-100%20%E3%82%89%E3%82%89%E3%81%BD%E3%83%BC%E3%81%A8%E7%94%B2%E5%AD%90%E5%9C%922F,2026-10-08,https://dcd.aikatsu.com/encore/pdf/shoplist.pdf,官方列出的設置店；未逐店確認現場稼動、台數與卡片庫存。地址定位尚未逐點核對。
GiGOあまがさきキューズモール,日本 兵庫県尼崎市潮江1-3-1 あまがさきキューズモール内4F,兵庫県,近畿,070-1459-5031,https://www.google.com/maps/search/?api=1&query=GiGO%E3%81%82%E3%81%BE%E3%81%8C%E3%81%95%E3%81%8D%E3%82%AD%E3%83%A5%E3%83%BC%E3%82%BA%E3%83%A2%E3%83%BC%E3%83%AB%20%E5%85%B5%E5%BA%AB%E7%9C%8C%E5%B0%BC%E5%B4%8E%E5%B8%82%E6%BD%AE%E6%B1%9F1-3-1%20%E3%81%82%E3%81%BE%E3%81%8C%E3%81%95%E3%81%8D%E3%82%AD%E3%83%A5%E3%83%BC%E3%82%BA%E3%83%A2%E3%83%BC%E3%83%AB%E5%86%854F,2026-10-08,https://dcd.aikatsu.com/encore/pdf/shoplist.pdf,官方列出的設置店；未逐店確認現場稼動、台數與卡片庫存。地址定位尚未逐點核對。
GiGOコロワ甲子園,日本 兵庫県西宮市甲子園高潮町3-3Corowa甲子園3F,兵庫県,近畿,070-1459-5395,https://www.google.com/maps/search/?api=1&query=GiGO%E3%82%B3%E3%83%AD%E3%83%AF%E7%94%B2%E5%AD%90%E5%9C%92%20%E5%85%B5%E5%BA%AB%E7%9C%8C%E8%A5%BF%E5%AE%AE%E5%B8%82%E7%94%B2%E5%AD%90%E5%9C%92%E9%AB%98%E6%BD%AE%E7%94%BA3-3Corowa%E7%94%B2%E5%AD%90%E5%9C%923F,2026-10-08,https://dcd.aikatsu.com/encore/pdf/shoplist.pdf,官方列出的設置店；未逐店確認現場稼動、台數與卡片庫存。地址定位尚未逐點核對。
GiGO神戸umieサウスモール,日本 兵庫県神戸市中央区東川崎町1-7-2 A-408,兵庫県,近畿,070-1458-4185,https://www.google.com/maps/search/?api=1&query=GiGO%E7%A5%9E%E6%88%B8umie%E3%82%B5%E3%82%A6%E3%82%B9%E3%83%A2%E3%83%BC%E3%83%AB%20%E5%85%B5%E5%BA%AB%E7%9C%8C%E7%A5%9E%E6%88%B8%E5%B8%82%E4%B8%AD%E5%A4%AE%E5%8C%BA%E6%9D%B1%E5%B7%9D%E5%B4%8E%E7%94%BA1-7-2%20A-408,2026-10-08,https://dcd.aikatsu.com/encore/pdf/shoplist.pdf,官方列出的設置店；未逐店確認現場稼動、台數與卡片庫存。地址定位尚未逐點核對。
GiGOつかしん,日本 兵庫県尼崎市塚口本町4-8-1 つかしん内,兵庫県,近畿,070-1459-4912,https://www.google.com/maps/search/?api=1&query=GiGO%E3%81%A4%E3%81%8B%E3%81%97%E3%82%93%20%E5%85%B5%E5%BA%AB%E7%9C%8C%E5%B0%BC%E5%B4%8E%E5%B8%82%E5%A1%9A%E5%8F%A3%E6%9C%AC%E7%94%BA4-8-1%20%E3%81%A4%E3%81%8B%E3%81%97%E3%82%93%E5%86%85,2026-10-08,https://dcd.aikatsu.com/encore/pdf/shoplist.pdf,官方列出的設置店；未逐店確認現場稼動、台數與卡片庫存。地址定位尚未逐點核對。
GiGO三宮北口,日本 兵庫県神戸市中央区北長狭通1丁目8-1 コスモビルB1F～2F,兵庫県,近畿,070-6949-3872,https://www.google.com/maps/search/?api=1&query=GiGO%E4%B8%89%E5%AE%AE%E5%8C%97%E5%8F%A3%20%E5%85%B5%E5%BA%AB%E7%9C%8C%E7%A5%9E%E6%88%B8%E5%B8%82%E4%B8%AD%E5%A4%AE%E5%8C%BA%E5%8C%97%E9%95%B7%E7%8B%AD%E9%80%9A1%E4%B8%81%E7%9B%AE8-1%20%E3%82%B3%E3%82%B9%E3%83%A2%E3%83%93%E3%83%ABB1F%EF%BD%9E2F,2026-10-08,https://dcd.aikatsu.com/encore/pdf/shoplist.pdf,官方列出的設置店；未逐店確認現場稼動、台數與卡片庫存。地址定位尚未逐點核對。
アルゴ,日本 兵庫県神戸市中央区下山手通1-1-8M:2nd,兵庫県,近畿,078-334-3031,https://www.google.com/maps/search/?api=1&query=%E3%82%A2%E3%83%AB%E3%82%B4%20%E5%85%B5%E5%BA%AB%E7%9C%8C%E7%A5%9E%E6%88%B8%E5%B8%82%E4%B8%AD%E5%A4%AE%E5%8C%BA%E4%B8%8B%E5%B1%B1%E6%89%8B%E9%80%9A1-1-8M%3A2nd,2026-10-08,https://dcd.aikatsu.com/encore/pdf/shoplist.pdf,官方列出的設置店；未逐店確認現場稼動、台數與卡片庫存。地址定位尚未逐點核對。
アミパラ加古川店,日本 兵庫県加古川市尾上町今福７１－２アミパラ加古川,兵庫県,近畿,079-456-0044,https://www.google.com/maps/search/?api=1&query=%E3%82%A2%E3%83%9F%E3%83%91%E3%83%A9%E5%8A%A0%E5%8F%A4%E5%B7%9D%E5%BA%97%20%E5%85%B5%E5%BA%AB%E7%9C%8C%E5%8A%A0%E5%8F%A4%E5%B7%9D%E5%B8%82%E5%B0%BE%E4%B8%8A%E7%94%BA%E4%BB%8A%E7%A6%8F%EF%BC%97%EF%BC%91%EF%BC%8D%EF%BC%92%E3%82%A2%E3%83%9F%E3%83%91%E3%83%A9%E5%8A%A0%E5%8F%A4%E5%B7%9D,2026-10-08,https://dcd.aikatsu.com/encore/pdf/shoplist.pdf,官方列出的設置店；未逐店確認現場稼動、台數與卡片庫存。地址定位尚未逐點核對。
NICOPA伊丹昆陽店,日本 兵庫県伊丹市池尻4-1-1イオンモール伊丹昆陽4階,兵庫県,近畿,072-767-7441,https://www.google.com/maps/search/?api=1&query=NICOPA%E4%BC%8A%E4%B8%B9%E6%98%86%E9%99%BD%E5%BA%97%20%E5%85%B5%E5%BA%AB%E7%9C%8C%E4%BC%8A%E4%B8%B9%E5%B8%82%E6%B1%A0%E5%B0%BB4-1-1%E3%82%A4%E3%82%AA%E3%83%B3%E3%83%A2%E3%83%BC%E3%83%AB%E4%BC%8A%E4%B8%B9%E6%98%86%E9%99%BD4%E9%9A%8E,2026-10-08,https://dcd.aikatsu.com/encore/pdf/shoplist.pdf,官方列出的設置店；未逐店確認現場稼動、台數與卡片庫存。地址定位尚未逐點核對。
テクモピア伊丹店,日本 兵庫県伊丹市藤ノ木1-1-1イオン伊丹3階,兵庫県,近畿,0727-71-1096,https://www.google.com/maps/search/?api=1&query=%E3%83%86%E3%82%AF%E3%83%A2%E3%83%94%E3%82%A2%E4%BC%8A%E4%B8%B9%E5%BA%97%20%E5%85%B5%E5%BA%AB%E7%9C%8C%E4%BC%8A%E4%B8%B9%E5%B8%82%E8%97%A4%E3%83%8E%E6%9C%A81-1-1%E3%82%A4%E3%82%AA%E3%83%B3%E4%BC%8A%E4%B8%B93%E9%9A%8E,2026-10-08,https://dcd.aikatsu.com/encore/pdf/shoplist.pdf,官方列出的設置店；未逐店確認現場稼動、台數與卡片庫存。地址定位尚未逐點核對。
ｎａｍｃｏ豊岡店,日本 兵庫県豊岡市中陰町字大工６１７ ３Ｆ,兵庫県,近畿,0796-24-2908,https://www.google.com/maps/search/?api=1&query=%EF%BD%8E%EF%BD%81%EF%BD%8D%EF%BD%83%EF%BD%8F%E8%B1%8A%E5%B2%A1%E5%BA%97%20%E5%85%B5%E5%BA%AB%E7%9C%8C%E8%B1%8A%E5%B2%A1%E5%B8%82%E4%B8%AD%E9%99%B0%E7%94%BA%E5%AD%97%E5%A4%A7%E5%B7%A5%EF%BC%96%EF%BC%91%EF%BC%97%20%EF%BC%93%EF%BC%A6,2026-10-08,https://dcd.aikatsu.com/encore/pdf/shoplist.pdf,官方列出的設置店；未逐店確認現場稼動、台數與卡片庫存。地址定位尚未逐點核對。
きゃらんどスーパーシティ明石店,日本 兵庫県明石市二見町西二見駅前１－１８ イトーヨーカドー明石店３Ｆ,兵庫県,近畿,078-943-6300,https://www.google.com/maps/search/?api=1&query=%E3%81%8D%E3%82%83%E3%82%89%E3%82%93%E3%81%A9%E3%82%B9%E3%83%BC%E3%83%91%E3%83%BC%E3%82%B7%E3%83%86%E3%82%A3%E6%98%8E%E7%9F%B3%E5%BA%97%20%E5%85%B5%E5%BA%AB%E7%9C%8C%E6%98%8E%E7%9F%B3%E5%B8%82%E4%BA%8C%E8%A6%8B%E7%94%BA%E8%A5%BF%E4%BA%8C%E8%A6%8B%E9%A7%85%E5%89%8D%EF%BC%91%EF%BC%8D%EF%BC%91%EF%BC%98%20%E3%82%A4%E3%83%88%E3%83%BC%E3%83%A8%E3%83%BC%E3%82%AB%E3%83%89%E3%83%BC%E6%98%8E%E7%9F%B3%E5%BA%97%EF%BC%93%EF%BC%A6,2026-10-08,https://dcd.aikatsu.com/encore/pdf/shoplist.pdf,官方列出的設置店；未逐店確認現場稼動、台數與卡片庫存。地址定位尚未逐點核對。
ｎａｍｃｏイオンモール神戸南店,日本 兵庫県神戸市兵庫区中之島２－１－１ イオンモール神戸南３Ｆ,兵庫県,近畿,078-599-8730,https://www.google.com/maps/search/?api=1&query=%EF%BD%8E%EF%BD%81%EF%BD%8D%EF%BD%83%EF%BD%8F%E3%82%A4%E3%82%AA%E3%83%B3%E3%83%A2%E3%83%BC%E3%83%AB%E7%A5%9E%E6%88%B8%E5%8D%97%E5%BA%97%20%E5%85%B5%E5%BA%AB%E7%9C%8C%E7%A5%9E%E6%88%B8%E5%B8%82%E5%85%B5%E5%BA%AB%E5%8C%BA%E4%B8%AD%E4%B9%8B%E5%B3%B6%EF%BC%92%EF%BC%8D%EF%BC%91%EF%BC%8D%EF%BC%91%20%E3%82%A4%E3%82%AA%E3%83%B3%E3%83%A2%E3%83%BC%E3%83%AB%E7%A5%9E%E6%88%B8%E5%8D%97%EF%BC%93%EF%BC%A6,2026-10-08,https://dcd.aikatsu.com/encore/pdf/shoplist.pdf,官方列出的設置店；未逐店確認現場稼動、台數與卡片庫存。地址定位尚未逐點核對。
namcoラソラ川西店,日本 兵庫県川西市栄町11番1 ラソラ川西店4階,兵庫県,近畿,072-744-7447,https://www.google.com/maps/search/?api=1&query=namco%E3%83%A9%E3%82%BD%E3%83%A9%E5%B7%9D%E8%A5%BF%E5%BA%97%20%E5%85%B5%E5%BA%AB%E7%9C%8C%E5%B7%9D%E8%A5%BF%E5%B8%82%E6%A0%84%E7%94%BA11%E7%95%AA1%20%E3%83%A9%E3%82%BD%E3%83%A9%E5%B7%9D%E8%A5%BF%E5%BA%974%E9%9A%8E,2026-10-08,https://dcd.aikatsu.com/encore/pdf/shoplist.pdf,官方列出的設置店；未逐店確認現場稼動、台數與卡片庫存。地址定位尚未逐點核對。
ふぇすたらんど土山店,日本 兵庫県明石市魚住町清水字舞々２２０８－１イオン土山,兵庫県,近畿,078-920-8771,https://www.google.com/maps/search/?api=1&query=%E3%81%B5%E3%81%87%E3%81%99%E3%81%9F%E3%82%89%E3%82%93%E3%81%A9%E5%9C%9F%E5%B1%B1%E5%BA%97%20%E5%85%B5%E5%BA%AB%E7%9C%8C%E6%98%8E%E7%9F%B3%E5%B8%82%E9%AD%9A%E4%BD%8F%E7%94%BA%E6%B8%85%E6%B0%B4%E5%AD%97%E8%88%9E%E3%80%85%EF%BC%92%EF%BC%92%EF%BC%90%EF%BC%98%EF%BC%8D%EF%BC%91%E3%82%A4%E3%82%AA%E3%83%B3%E5%9C%9F%E5%B1%B1,2026-10-08,https://dcd.aikatsu.com/encore/pdf/shoplist.pdf,官方列出的設置店；未逐店確認現場稼動、台數與卡片庫存。地址定位尚未逐點核對。
楽市楽座イオンモール神戸北店,日本 兵庫県神戸市北区上津台８－１－１イオン神戸北３階,兵庫県,近畿,078-983-3355,https://www.google.com/maps/search/?api=1&query=%E6%A5%BD%E5%B8%82%E6%A5%BD%E5%BA%A7%E3%82%A4%E3%82%AA%E3%83%B3%E3%83%A2%E3%83%BC%E3%83%AB%E7%A5%9E%E6%88%B8%E5%8C%97%E5%BA%97%20%E5%85%B5%E5%BA%AB%E7%9C%8C%E7%A5%9E%E6%88%B8%E5%B8%82%E5%8C%97%E5%8C%BA%E4%B8%8A%E6%B4%A5%E5%8F%B0%EF%BC%98%EF%BC%8D%EF%BC%91%EF%BC%8D%EF%BC%91%E3%82%A4%E3%82%AA%E3%83%B3%E7%A5%9E%E6%88%B8%E5%8C%97%EF%BC%93%E9%9A%8E,2026-10-08,https://dcd.aikatsu.com/encore/pdf/shoplist.pdf,官方列出的設置店；未逐店確認現場稼動、台數與卡片庫存。地址定位尚未逐點核對。
アピナ姫路店,日本 兵庫県姫路市東郷町1454-3 姫路リオス2F,兵庫県,近畿,079-222-8811,https://www.google.com/maps/search/?api=1&query=%E3%82%A2%E3%83%94%E3%83%8A%E5%A7%AB%E8%B7%AF%E5%BA%97%20%E5%85%B5%E5%BA%AB%E7%9C%8C%E5%A7%AB%E8%B7%AF%E5%B8%82%E6%9D%B1%E9%83%B7%E7%94%BA1454-3%20%E5%A7%AB%E8%B7%AF%E3%83%AA%E3%82%AA%E3%82%B92F,2026-10-08,https://dcd.aikatsu.com/encore/pdf/shoplist.pdf,官方列出的設置店；未逐店確認現場稼動、台數與卡片庫存。地址定位尚未逐點核對。
モーリーファンタジー桜井店,日本 奈良県桜井市上之庄278-1 イオン桜井店2階,奈良県,近畿,070-3100-5312,https://www.google.com/maps/search/?api=1&query=%E3%83%A2%E3%83%BC%E3%83%AA%E3%83%BC%E3%83%95%E3%82%A1%E3%83%B3%E3%82%BF%E3%82%B8%E3%83%BC%E6%A1%9C%E4%BA%95%E5%BA%97%20%E5%A5%88%E8%89%AF%E7%9C%8C%E6%A1%9C%E4%BA%95%E5%B8%82%E4%B8%8A%E4%B9%8B%E5%BA%84278-1%20%E3%82%A4%E3%82%AA%E3%83%B3%E6%A1%9C%E4%BA%95%E5%BA%972%E9%9A%8E,2026-10-08,https://dcd.aikatsu.com/encore/pdf/shoplist.pdf,官方列出的設置店；未逐店確認現場稼動、台數與卡片庫存。地址定位尚未逐點核對。
モーリーファンタジー橿原店,日本 奈良県橿原市曲川町7-20-1 イオン橿原店2階,奈良県,近畿,070-3100-4745,https://www.google.com/maps/search/?api=1&query=%E3%83%A2%E3%83%BC%E3%83%AA%E3%83%BC%E3%83%95%E3%82%A1%E3%83%B3%E3%82%BF%E3%82%B8%E3%83%BC%E6%A9%BF%E5%8E%9F%E5%BA%97%20%E5%A5%88%E8%89%AF%E7%9C%8C%E6%A9%BF%E5%8E%9F%E5%B8%82%E6%9B%B2%E5%B7%9D%E7%94%BA7-20-1%20%E3%82%A4%E3%82%AA%E3%83%B3%E6%A9%BF%E5%8E%9F%E5%BA%972%E9%9A%8E,2026-10-08,https://dcd.aikatsu.com/encore/pdf/shoplist.pdf,官方列出的設置店；未逐店確認現場稼動、台數與卡片庫存。地址定位尚未逐點核對。
モーリーファンタジー登美ヶ丘店,日本 奈良県生駒市鹿畑町3027番地 イオン登美が丘店2階,奈良県,近畿,070-3100-4391,https://www.google.com/maps/search/?api=1&query=%E3%83%A2%E3%83%BC%E3%83%AA%E3%83%BC%E3%83%95%E3%82%A1%E3%83%B3%E3%82%BF%E3%82%B8%E3%83%BC%E7%99%BB%E7%BE%8E%E3%83%B6%E4%B8%98%E5%BA%97%20%E5%A5%88%E8%89%AF%E7%9C%8C%E7%94%9F%E9%A7%92%E5%B8%82%E9%B9%BF%E7%95%91%E7%94%BA3027%E7%95%AA%E5%9C%B0%20%E3%82%A4%E3%82%AA%E3%83%B3%E7%99%BB%E7%BE%8E%E3%81%8C%E4%B8%98%E5%BA%972%E9%9A%8E,2026-10-08,https://dcd.aikatsu.com/encore/pdf/shoplist.pdf,官方列出的設置店；未逐店確認現場稼動、台數與卡片庫存。地址定位尚未逐點核對。
モーリーファンタジー天理店,日本 奈良県天理市東井戸堂町381 ザ・ビッグエクストラ天理店1階,奈良県,近畿,070-3100-3496,https://www.google.com/maps/search/?api=1&query=%E3%83%A2%E3%83%BC%E3%83%AA%E3%83%BC%E3%83%95%E3%82%A1%E3%83%B3%E3%82%BF%E3%82%B8%E3%83%BC%E5%A4%A9%E7%90%86%E5%BA%97%20%E5%A5%88%E8%89%AF%E7%9C%8C%E5%A4%A9%E7%90%86%E5%B8%82%E6%9D%B1%E4%BA%95%E6%88%B8%E5%A0%82%E7%94%BA381%20%E3%82%B6%E3%83%BB%E3%83%93%E3%83%83%E3%82%B0%E3%82%A8%E3%82%AF%E3%82%B9%E3%83%88%E3%83%A9%E5%A4%A9%E7%90%86%E5%BA%971%E9%9A%8E,2026-10-08,https://dcd.aikatsu.com/encore/pdf/shoplist.pdf,官方列出的設置店；未逐店確認現場稼動、台數與卡片庫存。地址定位尚未逐點核對。
モーリーファンタジー大和郡山店,日本 奈良県大和郡山市下三橋741 イオン大和郡山店3階,奈良県,近畿,070-3100-3556,https://www.google.com/maps/search/?api=1&query=%E3%83%A2%E3%83%BC%E3%83%AA%E3%83%BC%E3%83%95%E3%82%A1%E3%83%B3%E3%82%BF%E3%82%B8%E3%83%BC%E5%A4%A7%E5%92%8C%E9%83%A1%E5%B1%B1%E5%BA%97%20%E5%A5%88%E8%89%AF%E7%9C%8C%E5%A4%A7%E5%92%8C%E9%83%A1%E5%B1%B1%E5%B8%82%E4%B8%8B%E4%B8%89%E6%A9%8B741%20%E3%82%A4%E3%82%AA%E3%83%B3%E5%A4%A7%E5%92%8C%E9%83%A1%E5%B1%B1%E5%BA%973%E9%9A%8E,2026-10-08,https://dcd.aikatsu.com/encore/pdf/shoplist.pdf,官方列出的設置店；未逐店確認現場稼動、台數與卡片庫存。地址定位尚未逐點核對。
ＭＥＧＡドン・キホーテＵＮＹ西大和,日本 奈良県奈良県北葛城郡上牧町 ささゆり台1丁目1番1号,奈良県,近畿,0745-77-6511,https://www.google.com/maps/search/?api=1&query=%EF%BC%AD%EF%BC%A5%EF%BC%A7%EF%BC%A1%E3%83%89%E3%83%B3%E3%83%BB%E3%82%AD%E3%83%9B%E3%83%BC%E3%83%86%EF%BC%B5%EF%BC%AE%EF%BC%B9%E8%A5%BF%E5%A4%A7%E5%92%8C%20%E5%A5%88%E8%89%AF%E7%9C%8C%E5%A5%88%E8%89%AF%E7%9C%8C%E5%8C%97%E8%91%9B%E5%9F%8E%E9%83%A1%E4%B8%8A%E7%89%A7%E7%94%BA%20%E3%81%95%E3%81%95%E3%82%86%E3%82%8A%E5%8F%B01%E4%B8%81%E7%9B%AE1%E7%95%AA1%E5%8F%B7,2026-10-08,https://dcd.aikatsu.com/encore/pdf/shoplist.pdf,官方列出的設置店；未逐店確認現場稼動、台數與卡片庫存。地址定位尚未逐點核對。
アミパラ橿原店,日本 奈良県橿原市十市町1222-1,奈良県,近畿,0744-25-0550,https://www.google.com/maps/search/?api=1&query=%E3%82%A2%E3%83%9F%E3%83%91%E3%83%A9%E6%A9%BF%E5%8E%9F%E5%BA%97%20%E5%A5%88%E8%89%AF%E7%9C%8C%E6%A9%BF%E5%8E%9F%E5%B8%82%E5%8D%81%E5%B8%82%E7%94%BA1222-1,2026-10-08,https://dcd.aikatsu.com/encore/pdf/shoplist.pdf,官方列出的設置店；未逐店確認現場稼動、台數與卡片庫存。地址定位尚未逐點核對。
エンターテインメントフィールド奈良橿原店,日本 奈良県橿原市市曲川町七丁目 20 番 1イオンモール橿原2階,奈良県,近畿,0744-33-9610,https://www.google.com/maps/search/?api=1&query=%E3%82%A8%E3%83%B3%E3%82%BF%E3%83%BC%E3%83%86%E3%82%A4%E3%83%B3%E3%83%A1%E3%83%B3%E3%83%88%E3%83%95%E3%82%A3%E3%83%BC%E3%83%AB%E3%83%89%E5%A5%88%E8%89%AF%E6%A9%BF%E5%8E%9F%E5%BA%97%20%E5%A5%88%E8%89%AF%E7%9C%8C%E6%A9%BF%E5%8E%9F%E5%B8%82%E5%B8%82%E6%9B%B2%E5%B7%9D%E7%94%BA%E4%B8%83%E4%B8%81%E7%9B%AE%2020%20%E7%95%AA%201%E3%82%A4%E3%82%AA%E3%83%B3%E3%83%A2%E3%83%BC%E3%83%AB%E6%A9%BF%E5%8E%9F2%E9%9A%8E,2026-10-08,https://dcd.aikatsu.com/encore/pdf/shoplist.pdf,官方列出的設置店；未逐店確認現場稼動、台數與卡片庫存。地址定位尚未逐點核對。
ラスパ西大和店ゲームコーナー,日本 奈良県北葛城郡上牧町ささゆり台一丁目１番１号 ラスパ西大和店２階,奈良県,近畿,0745-71-2022,https://www.google.com/maps/search/?api=1&query=%E3%83%A9%E3%82%B9%E3%83%91%E8%A5%BF%E5%A4%A7%E5%92%8C%E5%BA%97%E3%82%B2%E3%83%BC%E3%83%A0%E3%82%B3%E3%83%BC%E3%83%8A%E3%83%BC%20%E5%A5%88%E8%89%AF%E7%9C%8C%E5%8C%97%E8%91%9B%E5%9F%8E%E9%83%A1%E4%B8%8A%E7%89%A7%E7%94%BA%E3%81%95%E3%81%95%E3%82%86%E3%82%8A%E5%8F%B0%E4%B8%80%E4%B8%81%E7%9B%AE%EF%BC%91%E7%95%AA%EF%BC%91%E5%8F%B7%20%E3%83%A9%E3%82%B9%E3%83%91%E8%A5%BF%E5%A4%A7%E5%92%8C%E5%BA%97%EF%BC%92%E9%9A%8E,2026-10-08,https://dcd.aikatsu.com/encore/pdf/shoplist.pdf,官方列出的設置店；未逐店確認現場稼動、台數與卡片庫存。地址定位尚未逐點核對。
アソビクルハンターズ奈良大和郡山店,日本 奈良県大和郡山市筒井町531番地6,奈良県,近畿,0743-84-6870,https://www.google.com/maps/search/?api=1&query=%E3%82%A2%E3%82%BD%E3%83%93%E3%82%AF%E3%83%AB%E3%83%8F%E3%83%B3%E3%82%BF%E3%83%BC%E3%82%BA%E5%A5%88%E8%89%AF%E5%A4%A7%E5%92%8C%E9%83%A1%E5%B1%B1%E5%BA%97%20%E5%A5%88%E8%89%AF%E7%9C%8C%E5%A4%A7%E5%92%8C%E9%83%A1%E5%B1%B1%E5%B8%82%E7%AD%92%E4%BA%95%E7%94%BA531%E7%95%AA%E5%9C%B06,2026-10-08,https://dcd.aikatsu.com/encore/pdf/shoplist.pdf,官方列出的設置店；未逐店確認現場稼動、台數與卡片庫存。地址定位尚未逐點核對。
ラウンドワンスタジアム奈良ミ・ナーラ,日本 奈良県奈良市二条大路南1-3-1 ミ・ナーラ5F,奈良県,近畿,0742-32-3900,https://www.google.com/maps/search/?api=1&query=%E3%83%A9%E3%82%A6%E3%83%B3%E3%83%89%E3%83%AF%E3%83%B3%E3%82%B9%E3%82%BF%E3%82%B8%E3%82%A2%E3%83%A0%E5%A5%88%E8%89%AF%E3%83%9F%E3%83%BB%E3%83%8A%E3%83%BC%E3%83%A9%20%E5%A5%88%E8%89%AF%E7%9C%8C%E5%A5%88%E8%89%AF%E5%B8%82%E4%BA%8C%E6%9D%A1%E5%A4%A7%E8%B7%AF%E5%8D%971-3-1%20%E3%83%9F%E3%83%BB%E3%83%8A%E3%83%BC%E3%83%A95F,2026-10-08,https://dcd.aikatsu.com/encore/pdf/shoplist.pdf,官方列出的設置店；未逐店確認現場稼動、台數與卡片庫存。地址定位尚未逐點核對。
楽市楽座イオンモール大和郡山店,日本 奈良県大和郡山市下三橋町７４１イオンモール郡山３階,奈良県,近畿,0743-58-5660,https://www.google.com/maps/search/?api=1&query=%E6%A5%BD%E5%B8%82%E6%A5%BD%E5%BA%A7%E3%82%A4%E3%82%AA%E3%83%B3%E3%83%A2%E3%83%BC%E3%83%AB%E5%A4%A7%E5%92%8C%E9%83%A1%E5%B1%B1%E5%BA%97%20%E5%A5%88%E8%89%AF%E7%9C%8C%E5%A4%A7%E5%92%8C%E9%83%A1%E5%B1%B1%E5%B8%82%E4%B8%8B%E4%B8%89%E6%A9%8B%E7%94%BA%EF%BC%97%EF%BC%94%EF%BC%91%E3%82%A4%E3%82%AA%E3%83%B3%E3%83%A2%E3%83%BC%E3%83%AB%E9%83%A1%E5%B1%B1%EF%BC%93%E9%9A%8E,2026-10-08,https://dcd.aikatsu.com/encore/pdf/shoplist.pdf,官方列出的設置店；未逐店確認現場稼動、台數與卡片庫存。地址定位尚未逐點核對。
モーリーファンタジー新宮店,日本 和歌山県新宮市橋本2丁目14番23号 イオン新宮店2階,和歌山県,近畿,070-3100-4726,https://www.google.com/maps/search/?api=1&query=%E3%83%A2%E3%83%BC%E3%83%AA%E3%83%BC%E3%83%95%E3%82%A1%E3%83%B3%E3%82%BF%E3%82%B8%E3%83%BC%E6%96%B0%E5%AE%AE%E5%BA%97%20%E5%92%8C%E6%AD%8C%E5%B1%B1%E7%9C%8C%E6%96%B0%E5%AE%AE%E5%B8%82%E6%A9%8B%E6%9C%AC2%E4%B8%81%E7%9B%AE14%E7%95%AA23%E5%8F%B7%20%E3%82%A4%E3%82%AA%E3%83%B3%E6%96%B0%E5%AE%AE%E5%BA%972%E9%9A%8E,2026-10-08,https://dcd.aikatsu.com/encore/pdf/shoplist.pdf,官方列出的設置店；未逐店確認現場稼動、台數與卡片庫存。地址定位尚未逐點核對。
モーリーファンタジー和歌山店,日本 和歌山県和歌山市中字楠谷573番地 イオン和歌山店3階,和歌山県,近畿,070-3100-3534,https://www.google.com/maps/search/?api=1&query=%E3%83%A2%E3%83%BC%E3%83%AA%E3%83%BC%E3%83%95%E3%82%A1%E3%83%B3%E3%82%BF%E3%82%B8%E3%83%BC%E5%92%8C%E6%AD%8C%E5%B1%B1%E5%BA%97%20%E5%92%8C%E6%AD%8C%E5%B1%B1%E7%9C%8C%E5%92%8C%E6%AD%8C%E5%B1%B1%E5%B8%82%E4%B8%AD%E5%AD%97%E6%A5%A0%E8%B0%B7573%E7%95%AA%E5%9C%B0%20%E3%82%A4%E3%82%AA%E3%83%B3%E5%92%8C%E6%AD%8C%E5%B1%B1%E5%BA%973%E9%9A%8E,2026-10-08,https://dcd.aikatsu.com/encore/pdf/shoplist.pdf,官方列出的設置店；未逐店確認現場稼動、台數與卡片庫存。地址定位尚未逐點核對。
PALO田辺店,日本 和歌山県田辺市宝来町24-26 グルメシティ田辺店3階,和歌山県,近畿,070-3100-7466,https://www.google.com/maps/search/?api=1&query=PALO%E7%94%B0%E8%BE%BA%E5%BA%97%20%E5%92%8C%E6%AD%8C%E5%B1%B1%E7%9C%8C%E7%94%B0%E8%BE%BA%E5%B8%82%E5%AE%9D%E6%9D%A5%E7%94%BA24-26%20%E3%82%B0%E3%83%AB%E3%83%A1%E3%82%B7%E3%83%86%E3%82%A3%E7%94%B0%E8%BE%BA%E5%BA%973%E9%9A%8E,2026-10-08,https://dcd.aikatsu.com/encore/pdf/shoplist.pdf,官方列出的設置店；未逐店確認現場稼動、台數與卡片庫存。地址定位尚未逐點核對。
ユーズランド和歌山店,日本 和歌山県和歌山市中字楠谷573番地イオンモール和歌山2F区画番号2059,和歌山県,近畿,073-452-1668,https://www.google.com/maps/search/?api=1&query=%E3%83%A6%E3%83%BC%E3%82%BA%E3%83%A9%E3%83%B3%E3%83%89%E5%92%8C%E6%AD%8C%E5%B1%B1%E5%BA%97%20%E5%92%8C%E6%AD%8C%E5%B1%B1%E7%9C%8C%E5%92%8C%E6%AD%8C%E5%B1%B1%E5%B8%82%E4%B8%AD%E5%AD%97%E6%A5%A0%E8%B0%B7573%E7%95%AA%E5%9C%B0%E3%82%A4%E3%82%AA%E3%83%B3%E3%83%A2%E3%83%BC%E3%83%AB%E5%92%8C%E6%AD%8C%E5%B1%B12F%E5%8C%BA%E7%94%BB%E7%95%AA%E5%8F%B72059,2026-10-08,https://dcd.aikatsu.com/encore/pdf/shoplist.pdf,官方列出的設置店；未逐店確認現場稼動、台數與卡片庫存。地址定位尚未逐點核對。
タイトーFステーションオークワロマンシティ御坊店,日本 和歌山県御坊市湯川町財部181番地オークワロマンシティ御坊,和歌山県,近畿,0738-32-2108,https://www.google.com/maps/search/?api=1&query=%E3%82%BF%E3%82%A4%E3%83%88%E3%83%BCF%E3%82%B9%E3%83%86%E3%83%BC%E3%82%B7%E3%83%A7%E3%83%B3%E3%82%AA%E3%83%BC%E3%82%AF%E3%83%AF%E3%83%AD%E3%83%9E%E3%83%B3%E3%82%B7%E3%83%86%E3%82%A3%E5%BE%A1%E5%9D%8A%E5%BA%97%20%E5%92%8C%E6%AD%8C%E5%B1%B1%E7%9C%8C%E5%BE%A1%E5%9D%8A%E5%B8%82%E6%B9%AF%E5%B7%9D%E7%94%BA%E8%B2%A1%E9%83%A8181%E7%95%AA%E5%9C%B0%E3%82%AA%E3%83%BC%E3%82%AF%E3%83%AF%E3%83%AD%E3%83%9E%E3%83%B3%E3%82%B7%E3%83%86%E3%82%A3%E5%BE%A1%E5%9D%8A,2026-10-08,https://dcd.aikatsu.com/encore/pdf/shoplist.pdf,官方列出的設置店；未逐店確認現場稼動、台數與卡片庫存。地址定位尚未逐點核對。
NICOPA和歌山店,日本 和歌山県和歌山市新生町7-20イズミヤ和歌山2階,和歌山県,近畿,073-499-5004,https://www.google.com/maps/search/?api=1&query=NICOPA%E5%92%8C%E6%AD%8C%E5%B1%B1%E5%BA%97%20%E5%92%8C%E6%AD%8C%E5%B1%B1%E7%9C%8C%E5%92%8C%E6%AD%8C%E5%B1%B1%E5%B8%82%E6%96%B0%E7%94%9F%E7%94%BA7-20%E3%82%A4%E3%82%BA%E3%83%9F%E3%83%A4%E5%92%8C%E6%AD%8C%E5%B1%B12%E9%9A%8E,2026-10-08,https://dcd.aikatsu.com/encore/pdf/shoplist.pdf,官方列出的設置店；未逐店確認現場稼動、台數與卡片庫存。地址定位尚未逐點核對。
PRIZE SPOT PALO天満屋米子しんまち店,日本 鳥取県米子市西福原2-1-10 天満屋3階,鳥取県,中國,090-3913-1308,https://www.google.com/maps/search/?api=1&query=PRIZE%20SPOT%20PALO%E5%A4%A9%E6%BA%80%E5%B1%8B%E7%B1%B3%E5%AD%90%E3%81%97%E3%82%93%E3%81%BE%E3%81%A1%E5%BA%97%20%E9%B3%A5%E5%8F%96%E7%9C%8C%E7%B1%B3%E5%AD%90%E5%B8%82%E8%A5%BF%E7%A6%8F%E5%8E%9F2-1-10%20%E5%A4%A9%E6%BA%80%E5%B1%8B3%E9%9A%8E,2026-10-08,https://dcd.aikatsu.com/encore/pdf/shoplist.pdf,官方列出的設置店；未逐店確認現場稼動、台數與卡片庫存。地址定位尚未逐點核對。
モーリーファンタジー米子駅前店,日本 鳥取県米子市末広町311 イオン米子駅前店3階,鳥取県,中國,070-3100-4311,https://www.google.com/maps/search/?api=1&query=%E3%83%A2%E3%83%BC%E3%83%AA%E3%83%BC%E3%83%95%E3%82%A1%E3%83%B3%E3%82%BF%E3%82%B8%E3%83%BC%E7%B1%B3%E5%AD%90%E9%A7%85%E5%89%8D%E5%BA%97%20%E9%B3%A5%E5%8F%96%E7%9C%8C%E7%B1%B3%E5%AD%90%E5%B8%82%E6%9C%AB%E5%BA%83%E7%94%BA311%20%E3%82%A4%E3%82%AA%E3%83%B3%E7%B1%B3%E5%AD%90%E9%A7%85%E5%89%8D%E5%BA%973%E9%9A%8E,2026-10-08,https://dcd.aikatsu.com/encore/pdf/shoplist.pdf,官方列出的設置店；未逐店確認現場稼動、台數與卡片庫存。地址定位尚未逐點核對。
PALO鳥取店,日本 鳥取県鳥取市天神町1 イオン鳥取店2階,鳥取県,中國,070-3100-3756,https://www.google.com/maps/search/?api=1&query=PALO%E9%B3%A5%E5%8F%96%E5%BA%97%20%E9%B3%A5%E5%8F%96%E7%9C%8C%E9%B3%A5%E5%8F%96%E5%B8%82%E5%A4%A9%E7%A5%9E%E7%94%BA1%20%E3%82%A4%E3%82%AA%E3%83%B3%E9%B3%A5%E5%8F%96%E5%BA%972%E9%9A%8E,2026-10-08,https://dcd.aikatsu.com/encore/pdf/shoplist.pdf,官方列出的設置店；未逐店確認現場稼動、台數與卡片庫存。地址定位尚未逐點核對。
モーリーファンタジー日吉津店,日本 鳥取県西伯郡日吉津村日吉津1160-1 イオン日吉津店2階,鳥取県,中國,070-3100-3653,https://www.google.com/maps/search/?api=1&query=%E3%83%A2%E3%83%BC%E3%83%AA%E3%83%BC%E3%83%95%E3%82%A1%E3%83%B3%E3%82%BF%E3%82%B8%E3%83%BC%E6%97%A5%E5%90%89%E6%B4%A5%E5%BA%97%20%E9%B3%A5%E5%8F%96%E7%9C%8C%E8%A5%BF%E4%BC%AF%E9%83%A1%E6%97%A5%E5%90%89%E6%B4%A5%E6%9D%91%E6%97%A5%E5%90%89%E6%B4%A51160-1%20%E3%82%A4%E3%82%AA%E3%83%B3%E6%97%A5%E5%90%89%E6%B4%A5%E5%BA%972%E9%9A%8E,2026-10-08,https://dcd.aikatsu.com/encore/pdf/shoplist.pdf,官方列出的設置店；未逐店確認現場稼動、台數與卡片庫存。地址定位尚未逐點核對。
モーリーファンタジー鳥取北店,日本 鳥取県鳥取市晩稲348番地 イオン鳥取北店2階,鳥取県,中國,070-3100-3703,https://www.google.com/maps/search/?api=1&query=%E3%83%A2%E3%83%BC%E3%83%AA%E3%83%BC%E3%83%95%E3%82%A1%E3%83%B3%E3%82%BF%E3%82%B8%E3%83%BC%E9%B3%A5%E5%8F%96%E5%8C%97%E5%BA%97%20%E9%B3%A5%E5%8F%96%E7%9C%8C%E9%B3%A5%E5%8F%96%E5%B8%82%E6%99%A9%E7%A8%B2348%E7%95%AA%E5%9C%B0%20%E3%82%A4%E3%82%AA%E3%83%B3%E9%B3%A5%E5%8F%96%E5%8C%97%E5%BA%972%E9%9A%8E,2026-10-08,https://dcd.aikatsu.com/encore/pdf/shoplist.pdf,官方列出的設置店；未逐店確認現場稼動、台數與卡片庫存。地址定位尚未逐點核對。
ｎａｍｃｏイオンモール鳥取北店,日本 鳥取県鳥取市晩稲３４８ イオンモール鳥取北２階,鳥取県,中國,0570-087699,https://www.google.com/maps/search/?api=1&query=%EF%BD%8E%EF%BD%81%EF%BD%8D%EF%BD%83%EF%BD%8F%E3%82%A4%E3%82%AA%E3%83%B3%E3%83%A2%E3%83%BC%E3%83%AB%E9%B3%A5%E5%8F%96%E5%8C%97%E5%BA%97%20%E9%B3%A5%E5%8F%96%E7%9C%8C%E9%B3%A5%E5%8F%96%E5%B8%82%E6%99%A9%E7%A8%B2%EF%BC%93%EF%BC%94%EF%BC%98%20%E3%82%A4%E3%82%AA%E3%83%B3%E3%83%A2%E3%83%BC%E3%83%AB%E9%B3%A5%E5%8F%96%E5%8C%97%EF%BC%92%E9%9A%8E,2026-10-08,https://dcd.aikatsu.com/encore/pdf/shoplist.pdf,官方列出的設置店；未逐店確認現場稼動、台數與卡片庫存。地址定位尚未逐點核對。
アピナ米子,日本 鳥取県米子市米原2-1-1,鳥取県,中國,080-4542-643,https://www.google.com/maps/search/?api=1&query=%E3%82%A2%E3%83%94%E3%83%8A%E7%B1%B3%E5%AD%90%20%E9%B3%A5%E5%8F%96%E7%9C%8C%E7%B1%B3%E5%AD%90%E5%B8%82%E7%B1%B3%E5%8E%9F2-1-1,2026-10-08,https://dcd.aikatsu.com/encore/pdf/shoplist.pdf,官方列出的設置店；未逐店確認現場稼動、台數與卡片庫存。地址定位尚未逐點核對。
PALO松江店,日本 島根県松江市東朝日町151 イオン松江店3階,島根県,中國,070-3100-4323,https://www.google.com/maps/search/?api=1&query=PALO%E6%9D%BE%E6%B1%9F%E5%BA%97%20%E5%B3%B6%E6%A0%B9%E7%9C%8C%E6%9D%BE%E6%B1%9F%E5%B8%82%E6%9D%B1%E6%9C%9D%E6%97%A5%E7%94%BA151%20%E3%82%A4%E3%82%AA%E3%83%B3%E6%9D%BE%E6%B1%9F%E5%BA%973%E9%9A%8E,2026-10-08,https://dcd.aikatsu.com/encore/pdf/shoplist.pdf,官方列出的設置店；未逐店確認現場稼動、台數與卡片庫存。地址定位尚未逐點核對。
モーリーファンタジー出雲店,日本 島根県出雲市渡橋町1066 イオンスタイル出雲店3階,島根県,中國,070-3100-4643,https://www.google.com/maps/search/?api=1&query=%E3%83%A2%E3%83%BC%E3%83%AA%E3%83%BC%E3%83%95%E3%82%A1%E3%83%B3%E3%82%BF%E3%82%B8%E3%83%BC%E5%87%BA%E9%9B%B2%E5%BA%97%20%E5%B3%B6%E6%A0%B9%E7%9C%8C%E5%87%BA%E9%9B%B2%E5%B8%82%E6%B8%A1%E6%A9%8B%E7%94%BA1066%20%E3%82%A4%E3%82%AA%E3%83%B3%E3%82%B9%E3%82%BF%E3%82%A4%E3%83%AB%E5%87%BA%E9%9B%B2%E5%BA%973%E9%9A%8E,2026-10-08,https://dcd.aikatsu.com/encore/pdf/shoplist.pdf,官方列出的設置店；未逐店確認現場稼動、台數與卡片庫存。地址定位尚未逐點核對。
モーリーファンタジー松江店,日本 島根県松江市東朝日町151 イオン松江店3階,島根県,中國,070-3100-3458,https://www.google.com/maps/search/?api=1&query=%E3%83%A2%E3%83%BC%E3%83%AA%E3%83%BC%E3%83%95%E3%82%A1%E3%83%B3%E3%82%BF%E3%82%B8%E3%83%BC%E6%9D%BE%E6%B1%9F%E5%BA%97%20%E5%B3%B6%E6%A0%B9%E7%9C%8C%E6%9D%BE%E6%B1%9F%E5%B8%82%E6%9D%B1%E6%9C%9D%E6%97%A5%E7%94%BA151%20%E3%82%A4%E3%82%AA%E3%83%B3%E6%9D%BE%E6%B1%9F%E5%BA%973%E9%9A%8E,2026-10-08,https://dcd.aikatsu.com/encore/pdf/shoplist.pdf,官方列出的設置店；未逐店確認現場稼動、台數與卡片庫存。地址定位尚未逐點核對。
モーリーファンタジー江津店,日本 島根県江津市嘉久志町2306番地30 ショッピングタウングリーンモール2階,島根県,中國,070-3100-5033,https://www.google.com/maps/search/?api=1&query=%E3%83%A2%E3%83%BC%E3%83%AA%E3%83%BC%E3%83%95%E3%82%A1%E3%83%B3%E3%82%BF%E3%82%B8%E3%83%BC%E6%B1%9F%E6%B4%A5%E5%BA%97%20%E5%B3%B6%E6%A0%B9%E7%9C%8C%E6%B1%9F%E6%B4%A5%E5%B8%82%E5%98%89%E4%B9%85%E5%BF%97%E7%94%BA2306%E7%95%AA%E5%9C%B030%20%E3%82%B7%E3%83%A7%E3%83%83%E3%83%94%E3%83%B3%E3%82%B0%E3%82%BF%E3%82%A6%E3%83%B3%E3%82%B0%E3%83%AA%E3%83%BC%E3%83%B3%E3%83%A2%E3%83%BC%E3%83%AB2%E9%9A%8E,2026-10-08,https://dcd.aikatsu.com/encore/pdf/shoplist.pdf,官方列出的設置店；未逐店確認現場稼動、台數與卡片庫存。地址定位尚未逐點核對。
ゆめサーカス出雲店,日本 島根県出雲市大塚町６５０－１ゆめタウン出雲東館３階,島根県,中國,0853-24-6030,https://www.google.com/maps/search/?api=1&query=%E3%82%86%E3%82%81%E3%82%B5%E3%83%BC%E3%82%AB%E3%82%B9%E5%87%BA%E9%9B%B2%E5%BA%97%20%E5%B3%B6%E6%A0%B9%E7%9C%8C%E5%87%BA%E9%9B%B2%E5%B8%82%E5%A4%A7%E5%A1%9A%E7%94%BA%EF%BC%96%EF%BC%95%EF%BC%90%EF%BC%8D%EF%BC%91%E3%82%86%E3%82%81%E3%82%BF%E3%82%A6%E3%83%B3%E5%87%BA%E9%9B%B2%E6%9D%B1%E9%A4%A8%EF%BC%93%E9%9A%8E,2026-10-08,https://dcd.aikatsu.com/encore/pdf/shoplist.pdf,官方列出的設置店；未逐店確認現場稼動、台數與卡片庫存。地址定位尚未逐點核對。
ｎａｍｃｏイオンモール出雲店,日本 島根県出雲市渡橋町１０６６,島根県,中國,0570-087621,https://www.google.com/maps/search/?api=1&query=%EF%BD%8E%EF%BD%81%EF%BD%8D%EF%BD%83%EF%BD%8F%E3%82%A4%E3%82%AA%E3%83%B3%E3%83%A2%E3%83%BC%E3%83%AB%E5%87%BA%E9%9B%B2%E5%BA%97%20%E5%B3%B6%E6%A0%B9%E7%9C%8C%E5%87%BA%E9%9B%B2%E5%B8%82%E6%B8%A1%E6%A9%8B%E7%94%BA%EF%BC%91%EF%BC%90%EF%BC%96%EF%BC%96,2026-10-08,https://dcd.aikatsu.com/encore/pdf/shoplist.pdf,官方列出的設置店；未逐店確認現場稼動、台數與卡片庫存。地址定位尚未逐點核對。
モーリーファンタジーf 岡山店,日本 岡山県岡山市北区下石井1丁目2番1号 イオンモール岡山4階,岡山県,中國,070-3100-3519,https://www.google.com/maps/search/?api=1&query=%E3%83%A2%E3%83%BC%E3%83%AA%E3%83%BC%E3%83%95%E3%82%A1%E3%83%B3%E3%82%BF%E3%82%B8%E3%83%BCf%20%E5%B2%A1%E5%B1%B1%E5%BA%97%20%E5%B2%A1%E5%B1%B1%E7%9C%8C%E5%B2%A1%E5%B1%B1%E5%B8%82%E5%8C%97%E5%8C%BA%E4%B8%8B%E7%9F%B3%E4%BA%951%E4%B8%81%E7%9B%AE2%E7%95%AA1%E5%8F%B7%20%E3%82%A4%E3%82%AA%E3%83%B3%E3%83%A2%E3%83%BC%E3%83%AB%E5%B2%A1%E5%B1%B14%E9%9A%8E,2026-10-08,https://dcd.aikatsu.com/encore/pdf/shoplist.pdf,官方列出的設置店；未逐店確認現場稼動、台數與卡片庫存。地址定位尚未逐點核對。
モーリーファンタジー津山インター店,日本 岡山県津山市河辺1000-1 イオン津山店2階,岡山県,中國,070-3100-3814,https://www.google.com/maps/search/?api=1&query=%E3%83%A2%E3%83%BC%E3%83%AA%E3%83%BC%E3%83%95%E3%82%A1%E3%83%B3%E3%82%BF%E3%82%B8%E3%83%BC%E6%B4%A5%E5%B1%B1%E3%82%A4%E3%83%B3%E3%82%BF%E3%83%BC%E5%BA%97%20%E5%B2%A1%E5%B1%B1%E7%9C%8C%E6%B4%A5%E5%B1%B1%E5%B8%82%E6%B2%B3%E8%BE%BA1000-1%20%E3%82%A4%E3%82%AA%E3%83%B3%E6%B4%A5%E5%B1%B1%E5%BA%972%E9%9A%8E,2026-10-08,https://dcd.aikatsu.com/encore/pdf/shoplist.pdf,官方列出的設置店；未逐店確認現場稼動、台數與卡片庫存。地址定位尚未逐點核對。
モーリーファンタジー倉敷店,日本 岡山県倉敷市水江1番地 イオン倉敷店1階,岡山県,中國,070-3100-3660,https://www.google.com/maps/search/?api=1&query=%E3%83%A2%E3%83%BC%E3%83%AA%E3%83%BC%E3%83%95%E3%82%A1%E3%83%B3%E3%82%BF%E3%82%B8%E3%83%BC%E5%80%89%E6%95%B7%E5%BA%97%20%E5%B2%A1%E5%B1%B1%E7%9C%8C%E5%80%89%E6%95%B7%E5%B8%82%E6%B0%B4%E6%B1%9F1%E7%95%AA%E5%9C%B0%20%E3%82%A4%E3%82%AA%E3%83%B3%E5%80%89%E6%95%B7%E5%BA%971%E9%9A%8E,2026-10-08,https://dcd.aikatsu.com/encore/pdf/shoplist.pdf,官方列出的設置店；未逐店確認現場稼動、台數與卡片庫存。地址定位尚未逐點核對。
モーリーファンタジー水島店,日本 岡山県倉敷市水島高砂町3番11号 マックスバリュ水島店1階,岡山県,中國,070-3100-4507,https://www.google.com/maps/search/?api=1&query=%E3%83%A2%E3%83%BC%E3%83%AA%E3%83%BC%E3%83%95%E3%82%A1%E3%83%B3%E3%82%BF%E3%82%B8%E3%83%BC%E6%B0%B4%E5%B3%B6%E5%BA%97%20%E5%B2%A1%E5%B1%B1%E7%9C%8C%E5%80%89%E6%95%B7%E5%B8%82%E6%B0%B4%E5%B3%B6%E9%AB%98%E7%A0%82%E7%94%BA3%E7%95%AA11%E5%8F%B7%20%E3%83%9E%E3%83%83%E3%82%AF%E3%82%B9%E3%83%90%E3%83%AA%E3%83%A5%E6%B0%B4%E5%B3%B6%E5%BA%971%E9%9A%8E,2026-10-08,https://dcd.aikatsu.com/encore/pdf/shoplist.pdf,官方列出的設置店；未逐店確認現場稼動、台數與卡片庫存。地址定位尚未逐點核對。
ビックカメラ岡山駅前店,日本 岡山県岡山市北区駅前町１－１－１,岡山県,中國,086-236-1111,https://www.google.com/maps/search/?api=1&query=%E3%83%93%E3%83%83%E3%82%AF%E3%82%AB%E3%83%A1%E3%83%A9%E5%B2%A1%E5%B1%B1%E9%A7%85%E5%89%8D%E5%BA%97%20%E5%B2%A1%E5%B1%B1%E7%9C%8C%E5%B2%A1%E5%B1%B1%E5%B8%82%E5%8C%97%E5%8C%BA%E9%A7%85%E5%89%8D%E7%94%BA%EF%BC%91%EF%BC%8D%EF%BC%91%EF%BC%8D%EF%BC%91,2026-10-08,https://dcd.aikatsu.com/encore/pdf/shoplist.pdf,官方列出的設置店；未逐店確認現場稼動、台數與卡片庫存。地址定位尚未逐點核對。
ユーズランド倉敷店,日本 岡山県倉敷市水江１番地イオンモール倉敷２階,岡山県,中國,086-430-5234,https://www.google.com/maps/search/?api=1&query=%E3%83%A6%E3%83%BC%E3%82%BA%E3%83%A9%E3%83%B3%E3%83%89%E5%80%89%E6%95%B7%E5%BA%97%20%E5%B2%A1%E5%B1%B1%E7%9C%8C%E5%80%89%E6%95%B7%E5%B8%82%E6%B0%B4%E6%B1%9F%EF%BC%91%E7%95%AA%E5%9C%B0%E3%82%A4%E3%82%AA%E3%83%B3%E3%83%A2%E3%83%BC%E3%83%AB%E5%80%89%E6%95%B7%EF%BC%92%E9%9A%8E,2026-10-08,https://dcd.aikatsu.com/encore/pdf/shoplist.pdf,官方列出的設置店；未逐店確認現場稼動、台數與卡片庫存。地址定位尚未逐點核對。
GiGOイオンモール岡山,日本 岡山県岡山市北区下石井1-2-1 イオンモール岡山内6F 6024-1区画,岡山県,中國,070-1458-4363,https://www.google.com/maps/search/?api=1&query=GiGO%E3%82%A4%E3%82%AA%E3%83%B3%E3%83%A2%E3%83%BC%E3%83%AB%E5%B2%A1%E5%B1%B1%20%E5%B2%A1%E5%B1%B1%E7%9C%8C%E5%B2%A1%E5%B1%B1%E5%B8%82%E5%8C%97%E5%8C%BA%E4%B8%8B%E7%9F%B3%E4%BA%951-2-1%20%E3%82%A4%E3%82%AA%E3%83%B3%E3%83%A2%E3%83%BC%E3%83%AB%E5%B2%A1%E5%B1%B1%E5%86%856F%206024-1%E5%8C%BA%E7%94%BB,2026-10-08,https://dcd.aikatsu.com/encore/pdf/shoplist.pdf,官方列出的設置店；未逐店確認現場稼動、台數與卡片庫存。地址定位尚未逐點核對。
GiGO天満屋ハピータウン岡南,日本 岡山県岡山市南区築港新町1丁目18番5号 天満屋ハピータウン岡南店3階,岡山県,中國,086-261-8556,https://www.google.com/maps/search/?api=1&query=GiGO%E5%A4%A9%E6%BA%80%E5%B1%8B%E3%83%8F%E3%83%94%E3%83%BC%E3%82%BF%E3%82%A6%E3%83%B3%E5%B2%A1%E5%8D%97%20%E5%B2%A1%E5%B1%B1%E7%9C%8C%E5%B2%A1%E5%B1%B1%E5%B8%82%E5%8D%97%E5%8C%BA%E7%AF%89%E6%B8%AF%E6%96%B0%E7%94%BA1%E4%B8%81%E7%9B%AE18%E7%95%AA5%E5%8F%B7%20%E5%A4%A9%E6%BA%80%E5%B1%8B%E3%83%8F%E3%83%94%E3%83%BC%E3%82%BF%E3%82%A6%E3%83%B3%E5%B2%A1%E5%8D%97%E5%BA%973%E9%9A%8E,2026-10-08,https://dcd.aikatsu.com/encore/pdf/shoplist.pdf,官方列出的設置店；未逐店確認現場稼動、台數與卡片庫存。地址定位尚未逐點核對。
アミパラ岡山店,日本 岡山県岡山市北区青江１－１３－８アミパラ岡山,岡山県,中國,086-235-3332,https://www.google.com/maps/search/?api=1&query=%E3%82%A2%E3%83%9F%E3%83%91%E3%83%A9%E5%B2%A1%E5%B1%B1%E5%BA%97%20%E5%B2%A1%E5%B1%B1%E7%9C%8C%E5%B2%A1%E5%B1%B1%E5%B8%82%E5%8C%97%E5%8C%BA%E9%9D%92%E6%B1%9F%EF%BC%91%EF%BC%8D%EF%BC%91%EF%BC%93%EF%BC%8D%EF%BC%98%E3%82%A2%E3%83%9F%E3%83%91%E3%83%A9%E5%B2%A1%E5%B1%B1,2026-10-08,https://dcd.aikatsu.com/encore/pdf/shoplist.pdf,官方列出的設置店；未逐店確認現場稼動、台數與卡片庫存。地址定位尚未逐點核對。
アミパラ倉敷店,日本 岡山県倉敷市西中新田６２４－１アミパラボウル１階,岡山県,中國,086-430-2111,https://www.google.com/maps/search/?api=1&query=%E3%82%A2%E3%83%9F%E3%83%91%E3%83%A9%E5%80%89%E6%95%B7%E5%BA%97%20%E5%B2%A1%E5%B1%B1%E7%9C%8C%E5%80%89%E6%95%B7%E5%B8%82%E8%A5%BF%E4%B8%AD%E6%96%B0%E7%94%B0%EF%BC%96%EF%BC%92%EF%BC%94%EF%BC%8D%EF%BC%91%E3%82%A2%E3%83%9F%E3%83%91%E3%83%A9%E3%83%9C%E3%82%A6%E3%83%AB%EF%BC%91%E9%9A%8E,2026-10-08,https://dcd.aikatsu.com/encore/pdf/shoplist.pdf,官方列出的設置店；未逐店確認現場稼動、台數與卡片庫存。地址定位尚未逐點核對。
タイトーFステーションマルナカ新倉敷店,日本 岡山県倉敷市玉島爪崎981-1マルナカ新倉敷,岡山県,中國,086-523-4301,https://www.google.com/maps/search/?api=1&query=%E3%82%BF%E3%82%A4%E3%83%88%E3%83%BCF%E3%82%B9%E3%83%86%E3%83%BC%E3%82%B7%E3%83%A7%E3%83%B3%E3%83%9E%E3%83%AB%E3%83%8A%E3%82%AB%E6%96%B0%E5%80%89%E6%95%B7%E5%BA%97%20%E5%B2%A1%E5%B1%B1%E7%9C%8C%E5%80%89%E6%95%B7%E5%B8%82%E7%8E%89%E5%B3%B6%E7%88%AA%E5%B4%8E981-1%E3%83%9E%E3%83%AB%E3%83%8A%E3%82%AB%E6%96%B0%E5%80%89%E6%95%B7,2026-10-08,https://dcd.aikatsu.com/encore/pdf/shoplist.pdf,官方列出的設置店；未逐店確認現場稼動、台數與卡片庫存。地址定位尚未逐點核對。
ゆめタウン平島店,日本 岡山県岡山市東区東平島１６３番地 ゆめタウン平島店,岡山県,中國,086-297-5871,https://www.google.com/maps/search/?api=1&query=%E3%82%86%E3%82%81%E3%82%BF%E3%82%A6%E3%83%B3%E5%B9%B3%E5%B3%B6%E5%BA%97%20%E5%B2%A1%E5%B1%B1%E7%9C%8C%E5%B2%A1%E5%B1%B1%E5%B8%82%E6%9D%B1%E5%8C%BA%E6%9D%B1%E5%B9%B3%E5%B3%B6%EF%BC%91%EF%BC%96%EF%BC%93%E7%95%AA%E5%9C%B0%20%E3%82%86%E3%82%81%E3%82%BF%E3%82%A6%E3%83%B3%E5%B9%B3%E5%B3%B6%E5%BA%97,2026-10-08,https://dcd.aikatsu.com/encore/pdf/shoplist.pdf,官方列出的設置店；未逐店確認現場稼動、台數與卡片庫存。地址定位尚未逐點核對。
ｎａｍｃｏアリオ倉敷店,日本 岡山県倉敷市寿町１２－２ アリオ倉敷２Ｆ,岡山県,中國,0570-087680,https://www.google.com/maps/search/?api=1&query=%EF%BD%8E%EF%BD%81%EF%BD%8D%EF%BD%83%EF%BD%8F%E3%82%A2%E3%83%AA%E3%82%AA%E5%80%89%E6%95%B7%E5%BA%97%20%E5%B2%A1%E5%B1%B1%E7%9C%8C%E5%80%89%E6%95%B7%E5%B8%82%E5%AF%BF%E7%94%BA%EF%BC%91%EF%BC%92%EF%BC%8D%EF%BC%92%20%E3%82%A2%E3%83%AA%E3%82%AA%E5%80%89%E6%95%B7%EF%BC%92%EF%BC%A6,2026-10-08,https://dcd.aikatsu.com/encore/pdf/shoplist.pdf,官方列出的設置店；未逐店確認現場稼動、台數與卡片庫存。地址定位尚未逐點核對。
ピノッキースパティオ 倉敷店,日本 岡山県倉敷市笹沖1274-1ゆめタウン倉敷3階,岡山県,中國,086-424-6115,https://www.google.com/maps/search/?api=1&query=%E3%83%94%E3%83%8E%E3%83%83%E3%82%AD%E3%83%BC%E3%82%B9%E3%83%91%E3%83%86%E3%82%A3%E3%82%AA%20%E5%80%89%E6%95%B7%E5%BA%97%20%E5%B2%A1%E5%B1%B1%E7%9C%8C%E5%80%89%E6%95%B7%E5%B8%82%E7%AC%B9%E6%B2%961274-1%E3%82%86%E3%82%81%E3%82%BF%E3%82%A6%E3%83%B3%E5%80%89%E6%95%B73%E9%9A%8E,2026-10-08,https://dcd.aikatsu.com/encore/pdf/shoplist.pdf,官方列出的設置店；未逐店確認現場稼動、台數與卡片庫存。地址定位尚未逐點核對。
アピナ高梁店,日本 岡山県高梁市 落合町阿部 1700 ゆめタウン高梁2F,岡山県,中國,0866-56-1101,https://www.google.com/maps/search/?api=1&query=%E3%82%A2%E3%83%94%E3%83%8A%E9%AB%98%E6%A2%81%E5%BA%97%20%E5%B2%A1%E5%B1%B1%E7%9C%8C%E9%AB%98%E6%A2%81%E5%B8%82%20%E8%90%BD%E5%90%88%E7%94%BA%E9%98%BF%E9%83%A8%201700%20%E3%82%86%E3%82%81%E3%82%BF%E3%82%A6%E3%83%B3%E9%AB%98%E6%A2%812F,2026-10-08,https://dcd.aikatsu.com/encore/pdf/shoplist.pdf,官方列出的設置店；未逐店確認現場稼動、台數與卡片庫存。地址定位尚未逐點核對。
モーリーファンタジー三原店,日本 広島県三原市城町2-13-1 イオン三原店2階,広島県,中國,070-3100-4723,https://www.google.com/maps/search/?api=1&query=%E3%83%A2%E3%83%BC%E3%83%AA%E3%83%BC%E3%83%95%E3%82%A1%E3%83%B3%E3%82%BF%E3%82%B8%E3%83%BC%E4%B8%89%E5%8E%9F%E5%BA%97%20%E5%BA%83%E5%B3%B6%E7%9C%8C%E4%B8%89%E5%8E%9F%E5%B8%82%E5%9F%8E%E7%94%BA2-13-1%20%E3%82%A4%E3%82%AA%E3%83%B3%E4%B8%89%E5%8E%9F%E5%BA%972%E9%9A%8E,2026-10-08,https://dcd.aikatsu.com/encore/pdf/shoplist.pdf,官方列出的設置店；未逐店確認現場稼動、台數與卡片庫存。地址定位尚未逐點核對。
モーリーファンタジー宇品店,日本 広島県広島市南区宇品東6-1-15 イオン宇品店2階,広島県,中國,070-3100-4744,https://www.google.com/maps/search/?api=1&query=%E3%83%A2%E3%83%BC%E3%83%AA%E3%83%BC%E3%83%95%E3%82%A1%E3%83%B3%E3%82%BF%E3%82%B8%E3%83%BC%E5%AE%87%E5%93%81%E5%BA%97%20%E5%BA%83%E5%B3%B6%E7%9C%8C%E5%BA%83%E5%B3%B6%E5%B8%82%E5%8D%97%E5%8C%BA%E5%AE%87%E5%93%81%E6%9D%B16-1-15%20%E3%82%A4%E3%82%AA%E3%83%B3%E5%AE%87%E5%93%81%E5%BA%972%E9%9A%8E,2026-10-08,https://dcd.aikatsu.com/encore/pdf/shoplist.pdf,官方列出的設置店；未逐店確認現場稼動、台數與卡片庫存。地址定位尚未逐點核對。
モーリーファンタジー広島府中店,日本 広島県安芸郡府中町大須2-1-1 イオン広島府中店3階,広島県,中國,070-3100-4737,https://www.google.com/maps/search/?api=1&query=%E3%83%A2%E3%83%BC%E3%83%AA%E3%83%BC%E3%83%95%E3%82%A1%E3%83%B3%E3%82%BF%E3%82%B8%E3%83%BC%E5%BA%83%E5%B3%B6%E5%BA%9C%E4%B8%AD%E5%BA%97%20%E5%BA%83%E5%B3%B6%E7%9C%8C%E5%AE%89%E8%8A%B8%E9%83%A1%E5%BA%9C%E4%B8%AD%E7%94%BA%E5%A4%A7%E9%A0%882-1-1%20%E3%82%A4%E3%82%AA%E3%83%B3%E5%BA%83%E5%B3%B6%E5%BA%9C%E4%B8%AD%E5%BA%973%E9%9A%8E,2026-10-08,https://dcd.aikatsu.com/encore/pdf/shoplist.pdf,官方列出的設置店；未逐店確認現場稼動、台數與卡片庫存。地址定位尚未逐點核對。
モーリーファンタジー楽々園店,日本 広島県広島市佐伯区楽々園4-14-25 イオンタウン楽々園2階,広島県,中國,070-3100-5597,https://www.google.com/maps/search/?api=1&query=%E3%83%A2%E3%83%BC%E3%83%AA%E3%83%BC%E3%83%95%E3%82%A1%E3%83%B3%E3%82%BF%E3%82%B8%E3%83%BC%E6%A5%BD%E3%80%85%E5%9C%92%E5%BA%97%20%E5%BA%83%E5%B3%B6%E7%9C%8C%E5%BA%83%E5%B3%B6%E5%B8%82%E4%BD%90%E4%BC%AF%E5%8C%BA%E6%A5%BD%E3%80%85%E5%9C%924-14-25%20%E3%82%A4%E3%82%AA%E3%83%B3%E3%82%BF%E3%82%A6%E3%83%B3%E6%A5%BD%E3%80%85%E5%9C%922%E9%9A%8E,2026-10-08,https://dcd.aikatsu.com/encore/pdf/shoplist.pdf,官方列出的設置店；未逐店確認現場稼動、台數與卡片庫存。地址定位尚未逐點核對。
モーリーファンタジー広島祇園店,日本 広島県広島市安佐南区祇園3丁目2-1 イオン広島祇園店3階,広島県,中國,070-3100-4144,https://www.google.com/maps/search/?api=1&query=%E3%83%A2%E3%83%BC%E3%83%AA%E3%83%BC%E3%83%95%E3%82%A1%E3%83%B3%E3%82%BF%E3%82%B8%E3%83%BC%E5%BA%83%E5%B3%B6%E7%A5%87%E5%9C%92%E5%BA%97%20%E5%BA%83%E5%B3%B6%E7%9C%8C%E5%BA%83%E5%B3%B6%E5%B8%82%E5%AE%89%E4%BD%90%E5%8D%97%E5%8C%BA%E7%A5%87%E5%9C%923%E4%B8%81%E7%9B%AE2-1%20%E3%82%A4%E3%82%AA%E3%83%B3%E5%BA%83%E5%B3%B6%E7%A5%87%E5%9C%92%E5%BA%973%E9%9A%8E,2026-10-08,https://dcd.aikatsu.com/encore/pdf/shoplist.pdf,官方列出的設置店；未逐店確認現場稼動、台數與卡片庫存。地址定位尚未逐點核對。
モーリーファンタジーf 広島祇園店,日本 広島県広島市安佐南区祇園3丁目2-1 イオン広島祇園ショッピングセンター3階,広島県,中國,070-3100-4142,https://www.google.com/maps/search/?api=1&query=%E3%83%A2%E3%83%BC%E3%83%AA%E3%83%BC%E3%83%95%E3%82%A1%E3%83%B3%E3%82%BF%E3%82%B8%E3%83%BCf%20%E5%BA%83%E5%B3%B6%E7%A5%87%E5%9C%92%E5%BA%97%20%E5%BA%83%E5%B3%B6%E7%9C%8C%E5%BA%83%E5%B3%B6%E5%B8%82%E5%AE%89%E4%BD%90%E5%8D%97%E5%8C%BA%E7%A5%87%E5%9C%923%E4%B8%81%E7%9B%AE2-1%20%E3%82%A4%E3%82%AA%E3%83%B3%E5%BA%83%E5%B3%B6%E7%A5%87%E5%9C%92%E3%82%B7%E3%83%A7%E3%83%83%E3%83%94%E3%83%B3%E3%82%B0%E3%82%BB%E3%83%B3%E3%82%BF%E3%83%BC3%E9%9A%8E,2026-10-08,https://dcd.aikatsu.com/encore/pdf/shoplist.pdf,官方列出的設置店；未逐店確認現場稼動、台數與卡片庫存。地址定位尚未逐點核對。
モーリーファンタジーアルパーク店,日本 広島県広島市西区井口明神1-16-1 アルパーク西棟4階,広島県,中國,070-3100-5127,https://www.google.com/maps/search/?api=1&query=%E3%83%A2%E3%83%BC%E3%83%AA%E3%83%BC%E3%83%95%E3%82%A1%E3%83%B3%E3%82%BF%E3%82%B8%E3%83%BC%E3%82%A2%E3%83%AB%E3%83%91%E3%83%BC%E3%82%AF%E5%BA%97%20%E5%BA%83%E5%B3%B6%E7%9C%8C%E5%BA%83%E5%B3%B6%E5%B8%82%E8%A5%BF%E5%8C%BA%E4%BA%95%E5%8F%A3%E6%98%8E%E7%A5%9E1-16-1%20%E3%82%A2%E3%83%AB%E3%83%91%E3%83%BC%E3%82%AF%E8%A5%BF%E6%A3%9F4%E9%9A%8E,2026-10-08,https://dcd.aikatsu.com/encore/pdf/shoplist.pdf,官方列出的設置店；未逐店確認現場稼動、台數與卡片庫存。地址定位尚未逐點核對。
フジグランナタリー,日本 広島県廿日市市阿品３－１－１,広島県,中國,0829-20-3311,https://www.google.com/maps/search/?api=1&query=%E3%83%95%E3%82%B8%E3%82%B0%E3%83%A9%E3%83%B3%E3%83%8A%E3%82%BF%E3%83%AA%E3%83%BC%20%E5%BA%83%E5%B3%B6%E7%9C%8C%E5%BB%BF%E6%97%A5%E5%B8%82%E5%B8%82%E9%98%BF%E5%93%81%EF%BC%93%EF%BC%8D%EF%BC%91%EF%BC%8D%EF%BC%91,2026-10-08,https://dcd.aikatsu.com/encore/pdf/shoplist.pdf,官方列出的設置店；未逐店確認現場稼動、台數與卡片庫存。地址定位尚未逐點核對。
ビックカメラ広島駅前店,日本 広島県広島市南区松原町５－１,広島県,中國,082-506-1111,https://www.google.com/maps/search/?api=1&query=%E3%83%93%E3%83%83%E3%82%AF%E3%82%AB%E3%83%A1%E3%83%A9%E5%BA%83%E5%B3%B6%E9%A7%85%E5%89%8D%E5%BA%97%20%E5%BA%83%E5%B3%B6%E7%9C%8C%E5%BA%83%E5%B3%B6%E5%B8%82%E5%8D%97%E5%8C%BA%E6%9D%BE%E5%8E%9F%E7%94%BA%EF%BC%95%EF%BC%8D%EF%BC%91,2026-10-08,https://dcd.aikatsu.com/encore/pdf/shoplist.pdf,官方列出的設置店；未逐店確認現場稼動、台數與卡片庫存。地址定位尚未逐點核對。
フジグラン高陽,日本 広島県広島市安佐北区亀崎１－１－６,広島県,中國,082-843-5111,https://www.google.com/maps/search/?api=1&query=%E3%83%95%E3%82%B8%E3%82%B0%E3%83%A9%E3%83%B3%E9%AB%98%E9%99%BD%20%E5%BA%83%E5%B3%B6%E7%9C%8C%E5%BA%83%E5%B3%B6%E5%B8%82%E5%AE%89%E4%BD%90%E5%8C%97%E5%8C%BA%E4%BA%80%E5%B4%8E%EF%BC%91%EF%BC%8D%EF%BC%91%EF%BC%8D%EF%BC%96,2026-10-08,https://dcd.aikatsu.com/encore/pdf/shoplist.pdf,官方列出的設置店；未逐店確認現場稼動、台數與卡片庫存。地址定位尚未逐點核對。
フジグラン三原,日本 広島県三原市円一町１－１－７,広島県,中國,0848-61-0011,https://www.google.com/maps/search/?api=1&query=%E3%83%95%E3%82%B8%E3%82%B0%E3%83%A9%E3%83%B3%E4%B8%89%E5%8E%9F%20%E5%BA%83%E5%B3%B6%E7%9C%8C%E4%B8%89%E5%8E%9F%E5%B8%82%E5%86%86%E4%B8%80%E7%94%BA%EF%BC%91%EF%BC%8D%EF%BC%91%EF%BC%8D%EF%BC%97,2026-10-08,https://dcd.aikatsu.com/encore/pdf/shoplist.pdf,官方列出的設置店；未逐店確認現場稼動、台數與卡片庫存。地址定位尚未逐點核對。
GiGO LECT広島,日本 広島県広島市西区扇2丁目1-45 LECT 2F,広島県,中國,070-1459-6780,https://www.google.com/maps/search/?api=1&query=GiGO%20LECT%E5%BA%83%E5%B3%B6%20%E5%BA%83%E5%B3%B6%E7%9C%8C%E5%BA%83%E5%B3%B6%E5%B8%82%E8%A5%BF%E5%8C%BA%E6%89%872%E4%B8%81%E7%9B%AE1-45%20LECT%202F,2026-10-08,https://dcd.aikatsu.com/encore/pdf/shoplist.pdf,官方列出的設置店；未逐店確認現場稼動、台數與卡片庫存。地址定位尚未逐點核對。
アミパラ広島店,日本 広島県広島市西区西観音町３－１７アミパラ広島,広島県,中國,082-297-7135,https://www.google.com/maps/search/?api=1&query=%E3%82%A2%E3%83%9F%E3%83%91%E3%83%A9%E5%BA%83%E5%B3%B6%E5%BA%97%20%E5%BA%83%E5%B3%B6%E7%9C%8C%E5%BA%83%E5%B3%B6%E5%B8%82%E8%A5%BF%E5%8C%BA%E8%A5%BF%E8%A6%B3%E9%9F%B3%E7%94%BA%EF%BC%93%EF%BC%8D%EF%BC%91%EF%BC%97%E3%82%A2%E3%83%9F%E3%83%91%E3%83%A9%E5%BA%83%E5%B3%B6,2026-10-08,https://dcd.aikatsu.com/encore/pdf/shoplist.pdf,官方列出的設置店；未逐店確認現場稼動、台數與卡片庫存。地址定位尚未逐點核對。
プラサカプコン広島店,日本 広島県広島市佐伯区石内東4-1-1ジ アウトレット広島1F,広島県,中國,082-275-4165,https://www.google.com/maps/search/?api=1&query=%E3%83%97%E3%83%A9%E3%82%B5%E3%82%AB%E3%83%97%E3%82%B3%E3%83%B3%E5%BA%83%E5%B3%B6%E5%BA%97%20%E5%BA%83%E5%B3%B6%E7%9C%8C%E5%BA%83%E5%B3%B6%E5%B8%82%E4%BD%90%E4%BC%AF%E5%8C%BA%E7%9F%B3%E5%86%85%E6%9D%B14-1-1%E3%82%B8%20%E3%82%A2%E3%82%A6%E3%83%88%E3%83%AC%E3%83%83%E3%83%88%E5%BA%83%E5%B3%B61F,2026-10-08,https://dcd.aikatsu.com/encore/pdf/shoplist.pdf,官方列出的設置店；未逐店確認現場稼動、台數與卡片庫存。地址定位尚未逐點核對。
福山メトロポリス,日本 広島県福山市一文字町24-1福山コロナワールド,広島県,中國,084-981-5095,https://www.google.com/maps/search/?api=1&query=%E7%A6%8F%E5%B1%B1%E3%83%A1%E3%83%88%E3%83%AD%E3%83%9D%E3%83%AA%E3%82%B9%20%E5%BA%83%E5%B3%B6%E7%9C%8C%E7%A6%8F%E5%B1%B1%E5%B8%82%E4%B8%80%E6%96%87%E5%AD%97%E7%94%BA24-1%E7%A6%8F%E5%B1%B1%E3%82%B3%E3%83%AD%E3%83%8A%E3%83%AF%E3%83%BC%E3%83%AB%E3%83%89,2026-10-08,https://dcd.aikatsu.com/encore/pdf/shoplist.pdf,官方列出的設置店；未逐店確認現場稼動、台數與卡片庫存。地址定位尚未逐點核對。
タイトーステーションフジグラン神辺店,日本 広島県福山市神辺町新道上字2-10-26フジグラン神辺3階,広島県,中國,084-960-0789,https://www.google.com/maps/search/?api=1&query=%E3%82%BF%E3%82%A4%E3%83%88%E3%83%BC%E3%82%B9%E3%83%86%E3%83%BC%E3%82%B7%E3%83%A7%E3%83%B3%E3%83%95%E3%82%B8%E3%82%B0%E3%83%A9%E3%83%B3%E7%A5%9E%E8%BE%BA%E5%BA%97%20%E5%BA%83%E5%B3%B6%E7%9C%8C%E7%A6%8F%E5%B1%B1%E5%B8%82%E7%A5%9E%E8%BE%BA%E7%94%BA%E6%96%B0%E9%81%93%E4%B8%8A%E5%AD%972-10-26%E3%83%95%E3%82%B8%E3%82%B0%E3%83%A9%E3%83%B3%E7%A5%9E%E8%BE%BA3%E9%9A%8E,2026-10-08,https://dcd.aikatsu.com/encore/pdf/shoplist.pdf,官方列出的設置店；未逐店確認現場稼動、台數與卡片庫存。地址定位尚未逐點核對。
タイトーステーションフジグラン緑井店,日本 広島県広島市安佐南区緑井１－５－２フジグラン緑井３階,広島県,中國,082-831-8050,https://www.google.com/maps/search/?api=1&query=%E3%82%BF%E3%82%A4%E3%83%88%E3%83%BC%E3%82%B9%E3%83%86%E3%83%BC%E3%82%B7%E3%83%A7%E3%83%B3%E3%83%95%E3%82%B8%E3%82%B0%E3%83%A9%E3%83%B3%E7%B7%91%E4%BA%95%E5%BA%97%20%E5%BA%83%E5%B3%B6%E7%9C%8C%E5%BA%83%E5%B3%B6%E5%B8%82%E5%AE%89%E4%BD%90%E5%8D%97%E5%8C%BA%E7%B7%91%E4%BA%95%EF%BC%91%EF%BC%8D%EF%BC%95%EF%BC%8D%EF%BC%92%E3%83%95%E3%82%B8%E3%82%B0%E3%83%A9%E3%83%B3%E7%B7%91%E4%BA%95%EF%BC%93%E9%9A%8E,2026-10-08,https://dcd.aikatsu.com/encore/pdf/shoplist.pdf,官方列出的設置店；未逐店確認現場稼動、台數與卡片庫存。地址定位尚未逐點核對。
タイトーFステーションゆめタウン東広島店,日本 広島県東広島市西条土与丸１－５－７ゆめタウン東広島４階,広島県,中國,082-431-6132,https://www.google.com/maps/search/?api=1&query=%E3%82%BF%E3%82%A4%E3%83%88%E3%83%BCF%E3%82%B9%E3%83%86%E3%83%BC%E3%82%B7%E3%83%A7%E3%83%B3%E3%82%86%E3%82%81%E3%82%BF%E3%82%A6%E3%83%B3%E6%9D%B1%E5%BA%83%E5%B3%B6%E5%BA%97%20%E5%BA%83%E5%B3%B6%E7%9C%8C%E6%9D%B1%E5%BA%83%E5%B3%B6%E5%B8%82%E8%A5%BF%E6%9D%A1%E5%9C%9F%E4%B8%8E%E4%B8%B8%EF%BC%91%EF%BC%8D%EF%BC%95%EF%BC%8D%EF%BC%97%E3%82%86%E3%82%81%E3%82%BF%E3%82%A6%E3%83%B3%E6%9D%B1%E5%BA%83%E5%B3%B6%EF%BC%94%E9%9A%8E,2026-10-08,https://dcd.aikatsu.com/encore/pdf/shoplist.pdf,官方列出的設置店；未逐店確認現場稼動、台數與卡片庫存。地址定位尚未逐點核對。
タイトーFステーションゆめタウンみゆき,日本 広島県広島市南区宇品西6-7-14ゆめタウンみゆき2階,広島県,中國,082-250-2145,https://www.google.com/maps/search/?api=1&query=%E3%82%BF%E3%82%A4%E3%83%88%E3%83%BCF%E3%82%B9%E3%83%86%E3%83%BC%E3%82%B7%E3%83%A7%E3%83%B3%E3%82%86%E3%82%81%E3%82%BF%E3%82%A6%E3%83%B3%E3%81%BF%E3%82%86%E3%81%8D%20%E5%BA%83%E5%B3%B6%E7%9C%8C%E5%BA%83%E5%B3%B6%E5%B8%82%E5%8D%97%E5%8C%BA%E5%AE%87%E5%93%81%E8%A5%BF6-7-14%E3%82%86%E3%82%81%E3%82%BF%E3%82%A6%E3%83%B3%E3%81%BF%E3%82%86%E3%81%8D2%E9%9A%8E,2026-10-08,https://dcd.aikatsu.com/encore/pdf/shoplist.pdf,官方列出的設置店；未逐店確認現場稼動、台數與卡片庫存。地址定位尚未逐點核對。
タイトーステーション広島本通店,日本 広島県広島市中区本通3－5せらかぐビル,広島県,中國,082-541-6345,https://www.google.com/maps/search/?api=1&query=%E3%82%BF%E3%82%A4%E3%83%88%E3%83%BC%E3%82%B9%E3%83%86%E3%83%BC%E3%82%B7%E3%83%A7%E3%83%B3%E5%BA%83%E5%B3%B6%E6%9C%AC%E9%80%9A%E5%BA%97%20%E5%BA%83%E5%B3%B6%E7%9C%8C%E5%BA%83%E5%B3%B6%E5%B8%82%E4%B8%AD%E5%8C%BA%E6%9C%AC%E9%80%9A3%EF%BC%8D5%E3%81%9B%E3%82%89%E3%81%8B%E3%81%90%E3%83%93%E3%83%AB,2026-10-08,https://dcd.aikatsu.com/encore/pdf/shoplist.pdf,官方列出的設置店；未逐店確認現場稼動、台數與卡片庫存。地址定位尚未逐點核對。
ｎａｍｃｏフジグラン三原店,日本 広島県三原市円一町１－１－７ フジグラン三原店内,広島県,中國,0848-61-0215,https://www.google.com/maps/search/?api=1&query=%EF%BD%8E%EF%BD%81%EF%BD%8D%EF%BD%83%EF%BD%8F%E3%83%95%E3%82%B8%E3%82%B0%E3%83%A9%E3%83%B3%E4%B8%89%E5%8E%9F%E5%BA%97%20%E5%BA%83%E5%B3%B6%E7%9C%8C%E4%B8%89%E5%8E%9F%E5%B8%82%E5%86%86%E4%B8%80%E7%94%BA%EF%BC%91%EF%BC%8D%EF%BC%91%EF%BC%8D%EF%BC%97%20%E3%83%95%E3%82%B8%E3%82%B0%E3%83%A9%E3%83%B3%E4%B8%89%E5%8E%9F%E5%BA%97%E5%86%85,2026-10-08,https://dcd.aikatsu.com/encore/pdf/shoplist.pdf,官方列出的設置店；未逐店確認現場稼動、台數與卡片庫存。地址定位尚未逐點核對。
ｎａｍｃｏゆめタウン廿日市店,日本 広島県廿日市市下平良二丁目２番１号３Ｆ,広島県,中國,0829-30-8156,https://www.google.com/maps/search/?api=1&query=%EF%BD%8E%EF%BD%81%EF%BD%8D%EF%BD%83%EF%BD%8F%E3%82%86%E3%82%81%E3%82%BF%E3%82%A6%E3%83%B3%E5%BB%BF%E6%97%A5%E5%B8%82%E5%BA%97%20%E5%BA%83%E5%B3%B6%E7%9C%8C%E5%BB%BF%E6%97%A5%E5%B8%82%E5%B8%82%E4%B8%8B%E5%B9%B3%E8%89%AF%E4%BA%8C%E4%B8%81%E7%9B%AE%EF%BC%92%E7%95%AA%EF%BC%91%E5%8F%B7%EF%BC%93%EF%BC%A6,2026-10-08,https://dcd.aikatsu.com/encore/pdf/shoplist.pdf,官方列出的設置店；未逐店確認現場稼動、台數與卡片庫存。地址定位尚未逐點核對。
ｎａｍｃｏフジグラン東広島店,日本 広島県東広島市西条町御薗宇４４０５ フジグラン東広島店内,広島県,中國,082-493-5162,https://www.google.com/maps/search/?api=1&query=%EF%BD%8E%EF%BD%81%EF%BD%8D%EF%BD%83%EF%BD%8F%E3%83%95%E3%82%B8%E3%82%B0%E3%83%A9%E3%83%B3%E6%9D%B1%E5%BA%83%E5%B3%B6%E5%BA%97%20%E5%BA%83%E5%B3%B6%E7%9C%8C%E6%9D%B1%E5%BA%83%E5%B3%B6%E5%B8%82%E8%A5%BF%E6%9D%A1%E7%94%BA%E5%BE%A1%E8%96%97%E5%AE%87%EF%BC%94%EF%BC%94%EF%BC%90%EF%BC%95%20%E3%83%95%E3%82%B8%E3%82%B0%E3%83%A9%E3%83%B3%E6%9D%B1%E5%BA%83%E5%B3%B6%E5%BA%97%E5%86%85,2026-10-08,https://dcd.aikatsu.com/encore/pdf/shoplist.pdf,官方列出的設置店；未逐店確認現場稼動、台數與卡片庫存。地址定位尚未逐點核對。
ｎａｍｃｏイオンモール広島府中店,日本 広島県安芸郡府中町大須２－１－１ イオンモール広島府中３Ｆ,広島県,中國,0570-087631,https://www.google.com/maps/search/?api=1&query=%EF%BD%8E%EF%BD%81%EF%BD%8D%EF%BD%83%EF%BD%8F%E3%82%A4%E3%82%AA%E3%83%B3%E3%83%A2%E3%83%BC%E3%83%AB%E5%BA%83%E5%B3%B6%E5%BA%9C%E4%B8%AD%E5%BA%97%20%E5%BA%83%E5%B3%B6%E7%9C%8C%E5%AE%89%E8%8A%B8%E9%83%A1%E5%BA%9C%E4%B8%AD%E7%94%BA%E5%A4%A7%E9%A0%88%EF%BC%92%EF%BC%8D%EF%BC%91%EF%BC%8D%EF%BC%91%20%E3%82%A4%E3%82%AA%E3%83%B3%E3%83%A2%E3%83%BC%E3%83%AB%E5%BA%83%E5%B3%B6%E5%BA%9C%E4%B8%AD%EF%BC%93%EF%BC%A6,2026-10-08,https://dcd.aikatsu.com/encore/pdf/shoplist.pdf,官方列出的設置店；未逐店確認現場稼動、台數與卡片庫存。地址定位尚未逐點核對。
ｎａｍｃｏゆめタウン広島店,日本 広島県広島市南区皆実町２丁目８番１７号 ゆめタウン広島店３４２,広島県,中國,082-250-6477,https://www.google.com/maps/search/?api=1&query=%EF%BD%8E%EF%BD%81%EF%BD%8D%EF%BD%83%EF%BD%8F%E3%82%86%E3%82%81%E3%82%BF%E3%82%A6%E3%83%B3%E5%BA%83%E5%B3%B6%E5%BA%97%20%E5%BA%83%E5%B3%B6%E7%9C%8C%E5%BA%83%E5%B3%B6%E5%B8%82%E5%8D%97%E5%8C%BA%E7%9A%86%E5%AE%9F%E7%94%BA%EF%BC%92%E4%B8%81%E7%9B%AE%EF%BC%98%E7%95%AA%EF%BC%91%EF%BC%97%E5%8F%B7%20%E3%82%86%E3%82%81%E3%82%BF%E3%82%A6%E3%83%B3%E5%BA%83%E5%B3%B6%E5%BA%97%EF%BC%93%EF%BC%94%EF%BC%92,2026-10-08,https://dcd.aikatsu.com/encore/pdf/shoplist.pdf,官方列出的設置店；未逐店確認現場稼動、台數與卡片庫存。地址定位尚未逐點核對。
ｎａｍｃｏフジグラン尾道店,日本 広島県尾道市東尾道１９－７,広島県,中國,0848-47-8125,https://www.google.com/maps/search/?api=1&query=%EF%BD%8E%EF%BD%81%EF%BD%8D%EF%BD%83%EF%BD%8F%E3%83%95%E3%82%B8%E3%82%B0%E3%83%A9%E3%83%B3%E5%B0%BE%E9%81%93%E5%BA%97%20%E5%BA%83%E5%B3%B6%E7%9C%8C%E5%B0%BE%E9%81%93%E5%B8%82%E6%9D%B1%E5%B0%BE%E9%81%93%EF%BC%91%EF%BC%99%EF%BC%8D%EF%BC%97,2026-10-08,https://dcd.aikatsu.com/encore/pdf/shoplist.pdf,官方列出的設置店；未逐店確認現場稼動、台數與卡片庫存。地址定位尚未逐點核對。
ｎａｍｃｏ広島紙屋町店,日本 広島県広島市中区大手町２丁目３－３ 大手町ナルミヤビル１Ｆ,広島県,中國,082-258-5355,https://www.google.com/maps/search/?api=1&query=%EF%BD%8E%EF%BD%81%EF%BD%8D%EF%BD%83%EF%BD%8F%E5%BA%83%E5%B3%B6%E7%B4%99%E5%B1%8B%E7%94%BA%E5%BA%97%20%E5%BA%83%E5%B3%B6%E7%9C%8C%E5%BA%83%E5%B3%B6%E5%B8%82%E4%B8%AD%E5%8C%BA%E5%A4%A7%E6%89%8B%E7%94%BA%EF%BC%92%E4%B8%81%E7%9B%AE%EF%BC%93%EF%BC%8D%EF%BC%93%20%E5%A4%A7%E6%89%8B%E7%94%BA%E3%83%8A%E3%83%AB%E3%83%9F%E3%83%A4%E3%83%93%E3%83%AB%EF%BC%91%EF%BC%A6,2026-10-08,https://dcd.aikatsu.com/encore/pdf/shoplist.pdf,官方列出的設置店；未逐店確認現場稼動、台數與卡片庫存。地址定位尚未逐點核對。
ｎａｍｃｏフジグラン高陽店,日本 広島県広島市安佐北区亀崎１－１－６ フジグラン高陽本館３階,広島県,中國,082-843-1458,https://www.google.com/maps/search/?api=1&query=%EF%BD%8E%EF%BD%81%EF%BD%8D%EF%BD%83%EF%BD%8F%E3%83%95%E3%82%B8%E3%82%B0%E3%83%A9%E3%83%B3%E9%AB%98%E9%99%BD%E5%BA%97%20%E5%BA%83%E5%B3%B6%E7%9C%8C%E5%BA%83%E5%B3%B6%E5%B8%82%E5%AE%89%E4%BD%90%E5%8C%97%E5%8C%BA%E4%BA%80%E5%B4%8E%EF%BC%91%EF%BC%8D%EF%BC%91%EF%BC%8D%EF%BC%96%20%E3%83%95%E3%82%B8%E3%82%B0%E3%83%A9%E3%83%B3%E9%AB%98%E9%99%BD%E6%9C%AC%E9%A4%A8%EF%BC%93%E9%9A%8E,2026-10-08,https://dcd.aikatsu.com/encore/pdf/shoplist.pdf,官方列出的設置店；未逐店確認現場稼動、台數與卡片庫存。地址定位尚未逐點核對。
ふぇすたらんど広店,日本 広島県呉市広本町2-17-1 イオン広店4F,広島県,中國,0823-74-2577,https://www.google.com/maps/search/?api=1&query=%E3%81%B5%E3%81%87%E3%81%99%E3%81%9F%E3%82%89%E3%82%93%E3%81%A9%E5%BA%83%E5%BA%97%20%E5%BA%83%E5%B3%B6%E7%9C%8C%E5%91%89%E5%B8%82%E5%BA%83%E6%9C%AC%E7%94%BA2-17-1%20%E3%82%A4%E3%82%AA%E3%83%B3%E5%BA%83%E5%BA%974F,2026-10-08,https://dcd.aikatsu.com/encore/pdf/shoplist.pdf,官方列出的設置店；未逐店確認現場稼動、台數與卡片庫存。地址定位尚未逐點核對。
ふぇすたらんど可部店,日本 広島県広島市安佐北区可部７－４－１３ 山陽マルナカ可部２階,広島県,中國,082-815-7313,https://www.google.com/maps/search/?api=1&query=%E3%81%B5%E3%81%87%E3%81%99%E3%81%9F%E3%82%89%E3%82%93%E3%81%A9%E5%8F%AF%E9%83%A8%E5%BA%97%20%E5%BA%83%E5%B3%B6%E7%9C%8C%E5%BA%83%E5%B3%B6%E5%B8%82%E5%AE%89%E4%BD%90%E5%8C%97%E5%8C%BA%E5%8F%AF%E9%83%A8%EF%BC%97%EF%BC%8D%EF%BC%94%EF%BC%8D%EF%BC%91%EF%BC%93%20%E5%B1%B1%E9%99%BD%E3%83%9E%E3%83%AB%E3%83%8A%E3%82%AB%E5%8F%AF%E9%83%A8%EF%BC%92%E9%9A%8E,2026-10-08,https://dcd.aikatsu.com/encore/pdf/shoplist.pdf,官方列出的設置店；未逐店確認現場稼動、台數與卡片庫存。地址定位尚未逐點核對。
アピナ東広島店,日本 広島県東広島市西条町助実1229 ゆめモール西条1F,広島県,中國,082-493-5277,https://www.google.com/maps/search/?api=1&query=%E3%82%A2%E3%83%94%E3%83%8A%E6%9D%B1%E5%BA%83%E5%B3%B6%E5%BA%97%20%E5%BA%83%E5%B3%B6%E7%9C%8C%E6%9D%B1%E5%BA%83%E5%B3%B6%E5%B8%82%E8%A5%BF%E6%9D%A1%E7%94%BA%E5%8A%A9%E5%AE%9F1229%20%E3%82%86%E3%82%81%E3%83%A2%E3%83%BC%E3%83%AB%E8%A5%BF%E6%9D%A11F,2026-10-08,https://dcd.aikatsu.com/encore/pdf/shoplist.pdf,官方列出的設置店；未逐店確認現場稼動、台數與卡片庫存。地址定位尚未逐點核對。
アピナアルパーク広島,日本 広島県広島市西区草津新町2-27-14 アルパーク東棟3F,広島県,中國,082-299-5007,https://www.google.com/maps/search/?api=1&query=%E3%82%A2%E3%83%94%E3%83%8A%E3%82%A2%E3%83%AB%E3%83%91%E3%83%BC%E3%82%AF%E5%BA%83%E5%B3%B6%20%E5%BA%83%E5%B3%B6%E7%9C%8C%E5%BA%83%E5%B3%B6%E5%B8%82%E8%A5%BF%E5%8C%BA%E8%8D%89%E6%B4%A5%E6%96%B0%E7%94%BA2-27-14%20%E3%82%A2%E3%83%AB%E3%83%91%E3%83%BC%E3%82%AF%E6%9D%B1%E6%A3%9F3F,2026-10-08,https://dcd.aikatsu.com/encore/pdf/shoplist.pdf,官方列出的設置店；未逐店確認現場稼動、台數與卡片庫存。地址定位尚未逐點核對。
PALO防府店,日本 山口県防府市中央町1-3 イオン防府店3階,山口県,中國,070-3100-3731,https://www.google.com/maps/search/?api=1&query=PALO%E9%98%B2%E5%BA%9C%E5%BA%97%20%E5%B1%B1%E5%8F%A3%E7%9C%8C%E9%98%B2%E5%BA%9C%E5%B8%82%E4%B8%AD%E5%A4%AE%E7%94%BA1-3%20%E3%82%A4%E3%82%AA%E3%83%B3%E9%98%B2%E5%BA%9C%E5%BA%973%E9%9A%8E,2026-10-08,https://dcd.aikatsu.com/encore/pdf/shoplist.pdf,官方列出的設置店；未逐店確認現場稼動、台數與卡片庫存。地址定位尚未逐點核對。
モーリーファンタジー光店,日本 山口県光市浅江字木園1756-1 イオン光店2階,山口県,中國,070-3100-3821,https://www.google.com/maps/search/?api=1&query=%E3%83%A2%E3%83%BC%E3%83%AA%E3%83%BC%E3%83%95%E3%82%A1%E3%83%B3%E3%82%BF%E3%82%B8%E3%83%BC%E5%85%89%E5%BA%97%20%E5%B1%B1%E5%8F%A3%E7%9C%8C%E5%85%89%E5%B8%82%E6%B5%85%E6%B1%9F%E5%AD%97%E6%9C%A8%E5%9C%921756-1%20%E3%82%A4%E3%82%AA%E3%83%B3%E5%85%89%E5%BA%972%E9%9A%8E,2026-10-08,https://dcd.aikatsu.com/encore/pdf/shoplist.pdf,官方列出的設置店；未逐店確認現場稼動、台數與卡片庫存。地址定位尚未逐點核對。
モーリーファンタジー下関店,日本 山口県下関市竹崎町4-4-7 シーモールエスト4階,山口県,中國,070-3100-5035,https://www.google.com/maps/search/?api=1&query=%E3%83%A2%E3%83%BC%E3%83%AA%E3%83%BC%E3%83%95%E3%82%A1%E3%83%B3%E3%82%BF%E3%82%B8%E3%83%BC%E4%B8%8B%E9%96%A2%E5%BA%97%20%E5%B1%B1%E5%8F%A3%E7%9C%8C%E4%B8%8B%E9%96%A2%E5%B8%82%E7%AB%B9%E5%B4%8E%E7%94%BA4-4-7%20%E3%82%B7%E3%83%BC%E3%83%A2%E3%83%BC%E3%83%AB%E3%82%A8%E3%82%B9%E3%83%884%E9%9A%8E,2026-10-08,https://dcd.aikatsu.com/encore/pdf/shoplist.pdf,官方列出的設置店；未逐店確認現場稼動、台數與卡片庫存。地址定位尚未逐點核對。
アミパラ下関駅南店,日本 山口県下関市東大和町1丁目3-15,山口県,中國,083-250-5501,https://www.google.com/maps/search/?api=1&query=%E3%82%A2%E3%83%9F%E3%83%91%E3%83%A9%E4%B8%8B%E9%96%A2%E9%A7%85%E5%8D%97%E5%BA%97%20%E5%B1%B1%E5%8F%A3%E7%9C%8C%E4%B8%8B%E9%96%A2%E5%B8%82%E6%9D%B1%E5%A4%A7%E5%92%8C%E7%94%BA1%E4%B8%81%E7%9B%AE3-15,2026-10-08,https://dcd.aikatsu.com/encore/pdf/shoplist.pdf,官方列出的設置店；未逐店確認現場稼動、台數與卡片庫存。地址定位尚未逐點核對。
アミュージアム周南店,日本 山口県下松市中央町21-3ゆめタウン下松3階,山口県,中國,0833-44-3290,https://www.google.com/maps/search/?api=1&query=%E3%82%A2%E3%83%9F%E3%83%A5%E3%83%BC%E3%82%B8%E3%82%A2%E3%83%A0%E5%91%A8%E5%8D%97%E5%BA%97%20%E5%B1%B1%E5%8F%A3%E7%9C%8C%E4%B8%8B%E6%9D%BE%E5%B8%82%E4%B8%AD%E5%A4%AE%E7%94%BA21-3%E3%82%86%E3%82%81%E3%82%BF%E3%82%A6%E3%83%B3%E4%B8%8B%E6%9D%BE3%E9%9A%8E,2026-10-08,https://dcd.aikatsu.com/encore/pdf/shoplist.pdf,官方列出的設置店；未逐店確認現場稼動、台數與卡片庫存。地址定位尚未逐點核對。
テクモピア柳井店,日本 山口県柳井市駅南1-12 MrMax柳井ショッピングセンター,山口県,中國,082-023-6335,https://www.google.com/maps/search/?api=1&query=%E3%83%86%E3%82%AF%E3%83%A2%E3%83%94%E3%82%A2%E6%9F%B3%E4%BA%95%E5%BA%97%20%E5%B1%B1%E5%8F%A3%E7%9C%8C%E6%9F%B3%E4%BA%95%E5%B8%82%E9%A7%85%E5%8D%971-12%20MrMax%E6%9F%B3%E4%BA%95%E3%82%B7%E3%83%A7%E3%83%83%E3%83%94%E3%83%B3%E3%82%B0%E3%82%BB%E3%83%B3%E3%82%BF%E3%83%BC,2026-10-08,https://dcd.aikatsu.com/encore/pdf/shoplist.pdf,官方列出的設置店；未逐店確認現場稼動、台數與卡片庫存。地址定位尚未逐點核對。
サープラ下関長府あそびタウン,日本 山口県下関市ゆめタウン1-1,山口県,中國,083-249-0055,https://www.google.com/maps/search/?api=1&query=%E3%82%B5%E3%83%BC%E3%83%97%E3%83%A9%E4%B8%8B%E9%96%A2%E9%95%B7%E5%BA%9C%E3%81%82%E3%81%9D%E3%81%B3%E3%82%BF%E3%82%A6%E3%83%B3%20%E5%B1%B1%E5%8F%A3%E7%9C%8C%E4%B8%8B%E9%96%A2%E5%B8%82%E3%82%86%E3%82%81%E3%82%BF%E3%82%A6%E3%83%B31-1,2026-10-08,https://dcd.aikatsu.com/encore/pdf/shoplist.pdf,官方列出的設置店；未逐店確認現場稼動、台數與卡片庫存。地址定位尚未逐點核對。
サープラ山口あそびタウン,日本 山口県山口市湯田温泉6-8-3,山口県,中國,083-933-0307,https://www.google.com/maps/search/?api=1&query=%E3%82%B5%E3%83%BC%E3%83%97%E3%83%A9%E5%B1%B1%E5%8F%A3%E3%81%82%E3%81%9D%E3%81%B3%E3%82%BF%E3%82%A6%E3%83%B3%20%E5%B1%B1%E5%8F%A3%E7%9C%8C%E5%B1%B1%E5%8F%A3%E5%B8%82%E6%B9%AF%E7%94%B0%E6%B8%A9%E6%B3%896-8-3,2026-10-08,https://dcd.aikatsu.com/encore/pdf/shoplist.pdf,官方列出的設置店；未逐店確認現場稼動、台數與卡片庫存。地址定位尚未逐點核對。
SOYUFamilyGameField防府店,日本 山口県防府市鐘紡町7-1イオンタウン防府1階,山口県,中國,0835-26-0218,https://www.google.com/maps/search/?api=1&query=SOYUFamilyGameField%E9%98%B2%E5%BA%9C%E5%BA%97%20%E5%B1%B1%E5%8F%A3%E7%9C%8C%E9%98%B2%E5%BA%9C%E5%B8%82%E9%90%98%E7%B4%A1%E7%94%BA7-1%E3%82%A4%E3%82%AA%E3%83%B3%E3%82%BF%E3%82%A6%E3%83%B3%E9%98%B2%E5%BA%9C1%E9%9A%8E,2026-10-08,https://dcd.aikatsu.com/encore/pdf/shoplist.pdf,官方列出的設置店；未逐店確認現場稼動、台數與卡片庫存。地址定位尚未逐點核對。
ｎａｍｃｏおのだサンパーク店,日本 山口県山陽小野田市中川６丁目４番１号 おのだサンパークショッピングセンタ２Ｆ,山口県,中國,0836-84-7175,https://www.google.com/maps/search/?api=1&query=%EF%BD%8E%EF%BD%81%EF%BD%8D%EF%BD%83%EF%BD%8F%E3%81%8A%E3%81%AE%E3%81%A0%E3%82%B5%E3%83%B3%E3%83%91%E3%83%BC%E3%82%AF%E5%BA%97%20%E5%B1%B1%E5%8F%A3%E7%9C%8C%E5%B1%B1%E9%99%BD%E5%B0%8F%E9%87%8E%E7%94%B0%E5%B8%82%E4%B8%AD%E5%B7%9D%EF%BC%96%E4%B8%81%E7%9B%AE%EF%BC%94%E7%95%AA%EF%BC%91%E5%8F%B7%20%E3%81%8A%E3%81%AE%E3%81%A0%E3%82%B5%E3%83%B3%E3%83%91%E3%83%BC%E3%82%AF%E3%82%B7%E3%83%A7%E3%83%83%E3%83%94%E3%83%B3%E3%82%B0%E3%82%BB%E3%83%B3%E3%82%BF%EF%BC%92%EF%BC%A6,2026-10-08,https://dcd.aikatsu.com/encore/pdf/shoplist.pdf,官方列出的設置店；未逐店確認現場稼動、台數與卡片庫存。地址定位尚未逐點核對。
ｎａｍｃｏフジグラン宇部店,日本 山口県宇部市明神町三丁目１番１号 フジグラン宇部店２Ｆ,山口県,中國,0836-37-0172,https://www.google.com/maps/search/?api=1&query=%EF%BD%8E%EF%BD%81%EF%BD%8D%EF%BD%83%EF%BD%8F%E3%83%95%E3%82%B8%E3%82%B0%E3%83%A9%E3%83%B3%E5%AE%87%E9%83%A8%E5%BA%97%20%E5%B1%B1%E5%8F%A3%E7%9C%8C%E5%AE%87%E9%83%A8%E5%B8%82%E6%98%8E%E7%A5%9E%E7%94%BA%E4%B8%89%E4%B8%81%E7%9B%AE%EF%BC%91%E7%95%AA%EF%BC%91%E5%8F%B7%20%E3%83%95%E3%82%B8%E3%82%B0%E3%83%A9%E3%83%B3%E5%AE%87%E9%83%A8%E5%BA%97%EF%BC%92%EF%BC%A6,2026-10-08,https://dcd.aikatsu.com/encore/pdf/shoplist.pdf,官方列出的設置店；未逐店確認現場稼動、台數與卡片庫存。地址定位尚未逐點核對。
ピノッキースパティオ山口店,日本 山口県山口市大内御堀１３０２－１ゆめタウン山口２Ｆ,山口県,中國,083-923-0567,https://www.google.com/maps/search/?api=1&query=%E3%83%94%E3%83%8E%E3%83%83%E3%82%AD%E3%83%BC%E3%82%B9%E3%83%91%E3%83%86%E3%82%A3%E3%82%AA%E5%B1%B1%E5%8F%A3%E5%BA%97%20%E5%B1%B1%E5%8F%A3%E7%9C%8C%E5%B1%B1%E5%8F%A3%E5%B8%82%E5%A4%A7%E5%86%85%E5%BE%A1%E5%A0%80%EF%BC%91%EF%BC%93%EF%BC%90%EF%BC%92%EF%BC%8D%EF%BC%91%E3%82%86%E3%82%81%E3%82%BF%E3%82%A6%E3%83%B3%E5%B1%B1%E5%8F%A3%EF%BC%92%EF%BC%A6,2026-10-08,https://dcd.aikatsu.com/encore/pdf/shoplist.pdf,官方列出的設置店；未逐店確認現場稼動、台數與卡片庫存。地址定位尚未逐點核對。
ふぇすたらんど下松店,日本 山口県下松市南花岡６－８－１サンリブ下松２階,山口県,中國,0833-45-0553,https://www.google.com/maps/search/?api=1&query=%E3%81%B5%E3%81%87%E3%81%99%E3%81%9F%E3%82%89%E3%82%93%E3%81%A9%E4%B8%8B%E6%9D%BE%E5%BA%97%20%E5%B1%B1%E5%8F%A3%E7%9C%8C%E4%B8%8B%E6%9D%BE%E5%B8%82%E5%8D%97%E8%8A%B1%E5%B2%A1%EF%BC%96%EF%BC%8D%EF%BC%98%EF%BC%8D%EF%BC%91%E3%82%B5%E3%83%B3%E3%83%AA%E3%83%96%E4%B8%8B%E6%9D%BE%EF%BC%92%E9%9A%8E,2026-10-08,https://dcd.aikatsu.com/encore/pdf/shoplist.pdf,官方列出的設置店；未逐店確認現場稼動、台數與卡片庫存。地址定位尚未逐點核對。
アピナ徳山店,日本 山口県周南市青山町1-18 ゆめタウン徳山2F,山口県,中國,0834-32-3177,https://www.google.com/maps/search/?api=1&query=%E3%82%A2%E3%83%94%E3%83%8A%E5%BE%B3%E5%B1%B1%E5%BA%97%20%E5%B1%B1%E5%8F%A3%E7%9C%8C%E5%91%A8%E5%8D%97%E5%B8%82%E9%9D%92%E5%B1%B1%E7%94%BA1-18%20%E3%82%86%E3%82%81%E3%82%BF%E3%82%A6%E3%83%B3%E5%BE%B3%E5%B1%B12F,2026-10-08,https://dcd.aikatsu.com/encore/pdf/shoplist.pdf,官方列出的設置店；未逐店確認現場稼動、台數與卡片庫存。地址定位尚未逐點核對。
モーリーファンタジー徳島店,日本 徳島県徳島市南末広町4番1号 イオンモール徳島3階,徳島県,四國,070-3100-4482,https://www.google.com/maps/search/?api=1&query=%E3%83%A2%E3%83%BC%E3%83%AA%E3%83%BC%E3%83%95%E3%82%A1%E3%83%B3%E3%82%BF%E3%82%B8%E3%83%BC%E5%BE%B3%E5%B3%B6%E5%BA%97%20%E5%BE%B3%E5%B3%B6%E7%9C%8C%E5%BE%B3%E5%B3%B6%E5%B8%82%E5%8D%97%E6%9C%AB%E5%BA%83%E7%94%BA4%E7%95%AA1%E5%8F%B7%20%E3%82%A4%E3%82%AA%E3%83%B3%E3%83%A2%E3%83%BC%E3%83%AB%E5%BE%B3%E5%B3%B63%E9%9A%8E,2026-10-08,https://dcd.aikatsu.com/encore/pdf/shoplist.pdf,官方列出的設置店；未逐店確認現場稼動、台數與卡片庫存。地址定位尚未逐點核對。
フジグラン阿南,日本 徳島県阿南市領家町土倉１０,徳島県,四國,0884-24-3711,https://www.google.com/maps/search/?api=1&query=%E3%83%95%E3%82%B8%E3%82%B0%E3%83%A9%E3%83%B3%E9%98%BF%E5%8D%97%20%E5%BE%B3%E5%B3%B6%E7%9C%8C%E9%98%BF%E5%8D%97%E5%B8%82%E9%A0%98%E5%AE%B6%E7%94%BA%E5%9C%9F%E5%80%89%EF%BC%91%EF%BC%90,2026-10-08,https://dcd.aikatsu.com/encore/pdf/shoplist.pdf,官方列出的設置店；未逐店確認現場稼動、台數與卡片庫存。地址定位尚未逐點核對。
フジグラン石井,日本 徳島県名西郡石井町高川原字天神５４４－１,徳島県,四國,088-675-3611,https://www.google.com/maps/search/?api=1&query=%E3%83%95%E3%82%B8%E3%82%B0%E3%83%A9%E3%83%B3%E7%9F%B3%E4%BA%95%20%E5%BE%B3%E5%B3%B6%E7%9C%8C%E5%90%8D%E8%A5%BF%E9%83%A1%E7%9F%B3%E4%BA%95%E7%94%BA%E9%AB%98%E5%B7%9D%E5%8E%9F%E5%AD%97%E5%A4%A9%E7%A5%9E%EF%BC%95%EF%BC%94%EF%BC%94%EF%BC%8D%EF%BC%91,2026-10-08,https://dcd.aikatsu.com/encore/pdf/shoplist.pdf,官方列出的設置店；未逐店確認現場稼動、台數與卡片庫存。地址定位尚未逐點核對。
アミューズメントパフェパレパレ田宮,日本 徳島県 徳島市南田宮２－２－４６ アミューズメントパフェパレパレ田宮,徳島県,四國,088-677-8991,https://www.google.com/maps/search/?api=1&query=%E3%82%A2%E3%83%9F%E3%83%A5%E3%83%BC%E3%82%BA%E3%83%A1%E3%83%B3%E3%83%88%E3%83%91%E3%83%95%E3%82%A7%E3%83%91%E3%83%AC%E3%83%91%E3%83%AC%E7%94%B0%E5%AE%AE%20%E5%BE%B3%E5%B3%B6%E7%9C%8C%20%E5%BE%B3%E5%B3%B6%E5%B8%82%E5%8D%97%E7%94%B0%E5%AE%AE%EF%BC%92%EF%BC%8D%EF%BC%92%EF%BC%8D%EF%BC%94%EF%BC%96%20%E3%82%A2%E3%83%9F%E3%83%A5%E3%83%BC%E3%82%BA%E3%83%A1%E3%83%B3%E3%83%88%E3%83%91%E3%83%95%E3%82%A7%E3%83%91%E3%83%AC%E3%83%91%E3%83%AC%E7%94%B0%E5%AE%AE,2026-10-08,https://dcd.aikatsu.com/encore/pdf/shoplist.pdf,官方列出的設置店；未逐店確認現場稼動、台數與卡片庫存。地址定位尚未逐點核對。
タイトーステーションフジグラン北島店,日本 徳島県板野郡北島町鯛浜字西ノ須174 フジグラン北島店内,徳島県,四國,088-697-3321,https://www.google.com/maps/search/?api=1&query=%E3%82%BF%E3%82%A4%E3%83%88%E3%83%BC%E3%82%B9%E3%83%86%E3%83%BC%E3%82%B7%E3%83%A7%E3%83%B3%E3%83%95%E3%82%B8%E3%82%B0%E3%83%A9%E3%83%B3%E5%8C%97%E5%B3%B6%E5%BA%97%20%E5%BE%B3%E5%B3%B6%E7%9C%8C%E6%9D%BF%E9%87%8E%E9%83%A1%E5%8C%97%E5%B3%B6%E7%94%BA%E9%AF%9B%E6%B5%9C%E5%AD%97%E8%A5%BF%E3%83%8E%E9%A0%88174%20%E3%83%95%E3%82%B8%E3%82%B0%E3%83%A9%E3%83%B3%E5%8C%97%E5%B3%B6%E5%BA%97%E5%86%85,2026-10-08,https://dcd.aikatsu.com/encore/pdf/shoplist.pdf,官方列出的設置店；未逐店確認現場稼動、台數與卡片庫存。地址定位尚未逐點核對。
ｎａｍｃｏフジグラン石井店,日本 徳島県名西郡石井町高川原字天神５４４番地１ フジグラン石井店内２Ｆ,徳島県,四國,088-674-8671,https://www.google.com/maps/search/?api=1&query=%EF%BD%8E%EF%BD%81%EF%BD%8D%EF%BD%83%EF%BD%8F%E3%83%95%E3%82%B8%E3%82%B0%E3%83%A9%E3%83%B3%E7%9F%B3%E4%BA%95%E5%BA%97%20%E5%BE%B3%E5%B3%B6%E7%9C%8C%E5%90%8D%E8%A5%BF%E9%83%A1%E7%9F%B3%E4%BA%95%E7%94%BA%E9%AB%98%E5%B7%9D%E5%8E%9F%E5%AD%97%E5%A4%A9%E7%A5%9E%EF%BC%95%EF%BC%94%EF%BC%94%E7%95%AA%E5%9C%B0%EF%BC%91%20%E3%83%95%E3%82%B8%E3%82%B0%E3%83%A9%E3%83%B3%E7%9F%B3%E4%BA%95%E5%BA%97%E5%86%85%EF%BC%92%EF%BC%A6,2026-10-08,https://dcd.aikatsu.com/encore/pdf/shoplist.pdf,官方列出的設置店；未逐店確認現場稼動、台數與卡片庫存。地址定位尚未逐點核對。
ｎａｍｃｏゆめタウン徳島店,日本 徳島県板野郡藍住町奥野字東中須８８番地の１ ゆめタウン徳島２階,徳島県,四國,088-692-1765,https://www.google.com/maps/search/?api=1&query=%EF%BD%8E%EF%BD%81%EF%BD%8D%EF%BD%83%EF%BD%8F%E3%82%86%E3%82%81%E3%82%BF%E3%82%A6%E3%83%B3%E5%BE%B3%E5%B3%B6%E5%BA%97%20%E5%BE%B3%E5%B3%B6%E7%9C%8C%E6%9D%BF%E9%87%8E%E9%83%A1%E8%97%8D%E4%BD%8F%E7%94%BA%E5%A5%A5%E9%87%8E%E5%AD%97%E6%9D%B1%E4%B8%AD%E9%A0%88%EF%BC%98%EF%BC%98%E7%95%AA%E5%9C%B0%E3%81%AE%EF%BC%91%20%E3%82%86%E3%82%81%E3%82%BF%E3%82%A6%E3%83%B3%E5%BE%B3%E5%B3%B6%EF%BC%92%E9%9A%8E,2026-10-08,https://dcd.aikatsu.com/encore/pdf/shoplist.pdf,官方列出的設置店；未逐店確認現場稼動、台數與卡片庫存。地址定位尚未逐點核對。
ふぇすたらんど脇町店,日本 徳島県美馬市脇町拝原１７１１番地１ マルナカ脇町２階ゲームコーナー,徳島県,四國,0883-52-5565,https://www.google.com/maps/search/?api=1&query=%E3%81%B5%E3%81%87%E3%81%99%E3%81%9F%E3%82%89%E3%82%93%E3%81%A9%E8%84%87%E7%94%BA%E5%BA%97%20%E5%BE%B3%E5%B3%B6%E7%9C%8C%E7%BE%8E%E9%A6%AC%E5%B8%82%E8%84%87%E7%94%BA%E6%8B%9D%E5%8E%9F%EF%BC%91%EF%BC%97%EF%BC%91%EF%BC%91%E7%95%AA%E5%9C%B0%EF%BC%91%20%E3%83%9E%E3%83%AB%E3%83%8A%E3%82%AB%E8%84%87%E7%94%BA%EF%BC%92%E9%9A%8E%E3%82%B2%E3%83%BC%E3%83%A0%E3%82%B3%E3%83%BC%E3%83%8A%E3%83%BC,2026-10-08,https://dcd.aikatsu.com/encore/pdf/shoplist.pdf,官方列出的設置店；未逐店確認現場稼動、台數與卡片庫存。地址定位尚未逐點核對。
モーリーファンタジー高松東店,日本 香川県高松市福岡町3-8-5 イオン高松東店3階,香川県,四國,070-3100-5299,https://www.google.com/maps/search/?api=1&query=%E3%83%A2%E3%83%BC%E3%83%AA%E3%83%BC%E3%83%95%E3%82%A1%E3%83%B3%E3%82%BF%E3%82%B8%E3%83%BC%E9%AB%98%E6%9D%BE%E6%9D%B1%E5%BA%97%20%E9%A6%99%E5%B7%9D%E7%9C%8C%E9%AB%98%E6%9D%BE%E5%B8%82%E7%A6%8F%E5%B2%A1%E7%94%BA3-8-5%20%E3%82%A4%E3%82%AA%E3%83%B3%E9%AB%98%E6%9D%BE%E6%9D%B1%E5%BA%973%E9%9A%8E,2026-10-08,https://dcd.aikatsu.com/encore/pdf/shoplist.pdf,官方列出的設置店；未逐店確認現場稼動、台數與卡片庫存。地址定位尚未逐點核對。
モーリーファンタジー高松店,日本 香川県高松市香西本町1-1 イオン高松店3階,香川県,四國,070-3100-4362,https://www.google.com/maps/search/?api=1&query=%E3%83%A2%E3%83%BC%E3%83%AA%E3%83%BC%E3%83%95%E3%82%A1%E3%83%B3%E3%82%BF%E3%82%B8%E3%83%BC%E9%AB%98%E6%9D%BE%E5%BA%97%20%E9%A6%99%E5%B7%9D%E7%9C%8C%E9%AB%98%E6%9D%BE%E5%B8%82%E9%A6%99%E8%A5%BF%E6%9C%AC%E7%94%BA1-1%20%E3%82%A4%E3%82%AA%E3%83%B3%E9%AB%98%E6%9D%BE%E5%BA%973%E9%9A%8E,2026-10-08,https://dcd.aikatsu.com/encore/pdf/shoplist.pdf,官方列出的設置店；未逐店確認現場稼動、台數與卡片庫存。地址定位尚未逐點核對。
モーリーファンタジー綾川店,日本 香川県綾歌郡綾川町萱原822-1 イオン綾川店3階,香川県,四國,070-3100-3484,https://www.google.com/maps/search/?api=1&query=%E3%83%A2%E3%83%BC%E3%83%AA%E3%83%BC%E3%83%95%E3%82%A1%E3%83%B3%E3%82%BF%E3%82%B8%E3%83%BC%E7%B6%BE%E5%B7%9D%E5%BA%97%20%E9%A6%99%E5%B7%9D%E7%9C%8C%E7%B6%BE%E6%AD%8C%E9%83%A1%E7%B6%BE%E5%B7%9D%E7%94%BA%E8%90%B1%E5%8E%9F822-1%20%E3%82%A4%E3%82%AA%E3%83%B3%E7%B6%BE%E5%B7%9D%E5%BA%973%E9%9A%8E,2026-10-08,https://dcd.aikatsu.com/encore/pdf/shoplist.pdf,官方列出的設置店；未逐店確認現場稼動、台數與卡片庫存。地址定位尚未逐點核對。
フジグラン丸亀,日本 香川県丸亀市川西町南１２８０－１,香川県,四國,0877-57-2411,https://www.google.com/maps/search/?api=1&query=%E3%83%95%E3%82%B8%E3%82%B0%E3%83%A9%E3%83%B3%E4%B8%B8%E4%BA%80%20%E9%A6%99%E5%B7%9D%E7%9C%8C%E4%B8%B8%E4%BA%80%E5%B8%82%E5%B7%9D%E8%A5%BF%E7%94%BA%E5%8D%97%EF%BC%91%EF%BC%92%EF%BC%98%EF%BC%90%EF%BC%8D%EF%BC%91,2026-10-08,https://dcd.aikatsu.com/encore/pdf/shoplist.pdf,官方列出的設置店；未逐店確認現場稼動、台數與卡片庫存。地址定位尚未逐點核對。
タイトーステーション丸亀店,日本 香川県丸亀市川西町南１２８０番地１フジグラン丸亀２Ｆ,香川県,四國,0877-57-2460,https://www.google.com/maps/search/?api=1&query=%E3%82%BF%E3%82%A4%E3%83%88%E3%83%BC%E3%82%B9%E3%83%86%E3%83%BC%E3%82%B7%E3%83%A7%E3%83%B3%E4%B8%B8%E4%BA%80%E5%BA%97%20%E9%A6%99%E5%B7%9D%E7%9C%8C%E4%B8%B8%E4%BA%80%E5%B8%82%E5%B7%9D%E8%A5%BF%E7%94%BA%E5%8D%97%EF%BC%91%EF%BC%92%EF%BC%98%EF%BC%90%E7%95%AA%E5%9C%B0%EF%BC%91%E3%83%95%E3%82%B8%E3%82%B0%E3%83%A9%E3%83%B3%E4%B8%B8%E4%BA%80%EF%BC%92%EF%BC%A6,2026-10-08,https://dcd.aikatsu.com/encore/pdf/shoplist.pdf,官方列出的設置店；未逐店確認現場稼動、台數與卡片庫存。地址定位尚未逐點核對。
ｎａｍｃｏフジグラン十川店,日本 香川県高松市十川西町６５１－１ フジグラン十川別棟,香川県,四國,087-848-9303,https://www.google.com/maps/search/?api=1&query=%EF%BD%8E%EF%BD%81%EF%BD%8D%EF%BD%83%EF%BD%8F%E3%83%95%E3%82%B8%E3%82%B0%E3%83%A9%E3%83%B3%E5%8D%81%E5%B7%9D%E5%BA%97%20%E9%A6%99%E5%B7%9D%E7%9C%8C%E9%AB%98%E6%9D%BE%E5%B8%82%E5%8D%81%E5%B7%9D%E8%A5%BF%E7%94%BA%EF%BC%96%EF%BC%95%EF%BC%91%EF%BC%8D%EF%BC%91%20%E3%83%95%E3%82%B8%E3%82%B0%E3%83%A9%E3%83%B3%E5%8D%81%E5%B7%9D%E5%88%A5%E6%A3%9F,2026-10-08,https://dcd.aikatsu.com/encore/pdf/shoplist.pdf,官方列出的設置店；未逐店確認現場稼動、台數與卡片庫存。地址定位尚未逐點核對。
ゆめタウン高松店,日本 香川県高松市三条町中所６０８－１ ゆめタウン高松店２Ｆゆめランド,香川県,四國,087-869-7650,https://www.google.com/maps/search/?api=1&query=%E3%82%86%E3%82%81%E3%82%BF%E3%82%A6%E3%83%B3%E9%AB%98%E6%9D%BE%E5%BA%97%20%E9%A6%99%E5%B7%9D%E7%9C%8C%E9%AB%98%E6%9D%BE%E5%B8%82%E4%B8%89%E6%9D%A1%E7%94%BA%E4%B8%AD%E6%89%80%EF%BC%96%EF%BC%90%EF%BC%98%EF%BC%8D%EF%BC%91%20%E3%82%86%E3%82%81%E3%82%BF%E3%82%A6%E3%83%B3%E9%AB%98%E6%9D%BE%E5%BA%97%EF%BC%92%EF%BC%A6%E3%82%86%E3%82%81%E3%83%A9%E3%83%B3%E3%83%89,2026-10-08,https://dcd.aikatsu.com/encore/pdf/shoplist.pdf,官方列出的設置店；未逐店確認現場稼動、台數與卡片庫存。地址定位尚未逐點核對。
ふぇすたらんど白鳥店,日本 香川県東かがわ市白鳥１４４－１マルナカ白鳥,香川県,四國,0879-23-0211,https://www.google.com/maps/search/?api=1&query=%E3%81%B5%E3%81%87%E3%81%99%E3%81%9F%E3%82%89%E3%82%93%E3%81%A9%E7%99%BD%E9%B3%A5%E5%BA%97%20%E9%A6%99%E5%B7%9D%E7%9C%8C%E6%9D%B1%E3%81%8B%E3%81%8C%E3%82%8F%E5%B8%82%E7%99%BD%E9%B3%A5%EF%BC%91%EF%BC%94%EF%BC%94%EF%BC%8D%EF%BC%91%E3%83%9E%E3%83%AB%E3%83%8A%E3%82%AB%E7%99%BD%E9%B3%A5,2026-10-08,https://dcd.aikatsu.com/encore/pdf/shoplist.pdf,官方列出的設置店；未逐店確認現場稼動、台數與卡片庫存。地址定位尚未逐點核對。
アピナ善通寺,日本 香川県善通寺市金蔵寺町川添1903 メガセンタートライアル善通寺店内,香川県,四國,0877-35-7717,https://www.google.com/maps/search/?api=1&query=%E3%82%A2%E3%83%94%E3%83%8A%E5%96%84%E9%80%9A%E5%AF%BA%20%E9%A6%99%E5%B7%9D%E7%9C%8C%E5%96%84%E9%80%9A%E5%AF%BA%E5%B8%82%E9%87%91%E8%94%B5%E5%AF%BA%E7%94%BA%E5%B7%9D%E6%B7%BB1903%20%E3%83%A1%E3%82%AC%E3%82%BB%E3%83%B3%E3%82%BF%E3%83%BC%E3%83%88%E3%83%A9%E3%82%A4%E3%82%A2%E3%83%AB%E5%96%84%E9%80%9A%E5%AF%BA%E5%BA%97%E5%86%85,2026-10-08,https://dcd.aikatsu.com/encore/pdf/shoplist.pdf,官方列出的設置店；未逐店確認現場稼動、台數與卡片庫存。地址定位尚未逐點核對。
マックスプラザ善通寺,日本 香川県善通寺市中村町１７９８－２,香川県,四國,0877-63-4333,https://www.google.com/maps/search/?api=1&query=%E3%83%9E%E3%83%83%E3%82%AF%E3%82%B9%E3%83%97%E3%83%A9%E3%82%B6%E5%96%84%E9%80%9A%E5%AF%BA%20%E9%A6%99%E5%B7%9D%E7%9C%8C%E5%96%84%E9%80%9A%E5%AF%BA%E5%B8%82%E4%B8%AD%E6%9D%91%E7%94%BA%EF%BC%91%EF%BC%97%EF%BC%99%EF%BC%98%EF%BC%8D%EF%BC%92,2026-10-08,https://dcd.aikatsu.com/encore/pdf/shoplist.pdf,官方列出的設置店；未逐店確認現場稼動、台數與卡片庫存。地址定位尚未逐點核對。
モーリーファンタジー松山店,日本 愛媛県松山市天山1丁目13番5号 イオン松山店3階,愛媛県,四國,070-3100-5318,https://www.google.com/maps/search/?api=1&query=%E3%83%A2%E3%83%BC%E3%83%AA%E3%83%BC%E3%83%95%E3%82%A1%E3%83%B3%E3%82%BF%E3%82%B8%E3%83%BC%E6%9D%BE%E5%B1%B1%E5%BA%97%20%E6%84%9B%E5%AA%9B%E7%9C%8C%E6%9D%BE%E5%B1%B1%E5%B8%82%E5%A4%A9%E5%B1%B11%E4%B8%81%E7%9B%AE13%E7%95%AA5%E5%8F%B7%20%E3%82%A4%E3%82%AA%E3%83%B3%E6%9D%BE%E5%B1%B1%E5%BA%973%E9%9A%8E,2026-10-08,https://dcd.aikatsu.com/encore/pdf/shoplist.pdf,官方列出的設置店；未逐店確認現場稼動、台數與卡片庫存。地址定位尚未逐點核對。
モーリーファンタジー新居浜店,日本 愛媛県新居浜市前田町8番8号 イオン新居浜店2階,愛媛県,四國,070-3100-4708,https://www.google.com/maps/search/?api=1&query=%E3%83%A2%E3%83%BC%E3%83%AA%E3%83%BC%E3%83%95%E3%82%A1%E3%83%B3%E3%82%BF%E3%82%B8%E3%83%BC%E6%96%B0%E5%B1%85%E6%B5%9C%E5%BA%97%20%E6%84%9B%E5%AA%9B%E7%9C%8C%E6%96%B0%E5%B1%85%E6%B5%9C%E5%B8%82%E5%89%8D%E7%94%B0%E7%94%BA8%E7%95%AA8%E5%8F%B7%20%E3%82%A4%E3%82%AA%E3%83%B3%E6%96%B0%E5%B1%85%E6%B5%9C%E5%BA%972%E9%9A%8E,2026-10-08,https://dcd.aikatsu.com/encore/pdf/shoplist.pdf,官方列出的設置店；未逐店確認現場稼動、台數與卡片庫存。地址定位尚未逐點核對。
モーリーファンタジー今治新都市店,日本 愛媛県今治市にぎわい広場1番地1 イオンスタイル今治新都市店2階,愛媛県,四國,070-3100-4647,https://www.google.com/maps/search/?api=1&query=%E3%83%A2%E3%83%BC%E3%83%AA%E3%83%BC%E3%83%95%E3%82%A1%E3%83%B3%E3%82%BF%E3%82%B8%E3%83%BC%E4%BB%8A%E6%B2%BB%E6%96%B0%E9%83%BD%E5%B8%82%E5%BA%97%20%E6%84%9B%E5%AA%9B%E7%9C%8C%E4%BB%8A%E6%B2%BB%E5%B8%82%E3%81%AB%E3%81%8E%E3%82%8F%E3%81%84%E5%BA%83%E5%A0%B41%E7%95%AA%E5%9C%B01%20%E3%82%A4%E3%82%AA%E3%83%B3%E3%82%B9%E3%82%BF%E3%82%A4%E3%83%AB%E4%BB%8A%E6%B2%BB%E6%96%B0%E9%83%BD%E5%B8%82%E5%BA%972%E9%9A%8E,2026-10-08,https://dcd.aikatsu.com/encore/pdf/shoplist.pdf,官方列出的設置店；未逐店確認現場稼動、台數與卡片庫存。地址定位尚未逐點核對。
モーリーファンタジー南松山店,日本 愛媛県松山市朝生田町5丁目1番25号 ジョー・プラ2階,愛媛県,四國,070-3100-5011,https://www.google.com/maps/search/?api=1&query=%E3%83%A2%E3%83%BC%E3%83%AA%E3%83%BC%E3%83%95%E3%82%A1%E3%83%B3%E3%82%BF%E3%82%B8%E3%83%BC%E5%8D%97%E6%9D%BE%E5%B1%B1%E5%BA%97%20%E6%84%9B%E5%AA%9B%E7%9C%8C%E6%9D%BE%E5%B1%B1%E5%B8%82%E6%9C%9D%E7%94%9F%E7%94%B0%E7%94%BA5%E4%B8%81%E7%9B%AE1%E7%95%AA25%E5%8F%B7%20%E3%82%B8%E3%83%A7%E3%83%BC%E3%83%BB%E3%83%97%E3%83%A92%E9%9A%8E,2026-10-08,https://dcd.aikatsu.com/encore/pdf/shoplist.pdf,官方列出的設置店；未逐店確認現場稼動、台數與卡片庫存。地址定位尚未逐點核對。
フジグラン西条,日本 愛媛県西条市新田字北新田２３５,愛媛県,四國,0897-58-2811,https://www.google.com/maps/search/?api=1&query=%E3%83%95%E3%82%B8%E3%82%B0%E3%83%A9%E3%83%B3%E8%A5%BF%E6%9D%A1%20%E6%84%9B%E5%AA%9B%E7%9C%8C%E8%A5%BF%E6%9D%A1%E5%B8%82%E6%96%B0%E7%94%B0%E5%AD%97%E5%8C%97%E6%96%B0%E7%94%B0%EF%BC%92%EF%BC%93%EF%BC%95,2026-10-08,https://dcd.aikatsu.com/encore/pdf/shoplist.pdf,官方列出的設置店；未逐店確認現場稼動、台數與卡片庫存。地址定位尚未逐點核對。
フジグラン重信,日本 愛媛県東温市野田３－１－１３,愛媛県,四國,089-964-4111,https://www.google.com/maps/search/?api=1&query=%E3%83%95%E3%82%B8%E3%82%B0%E3%83%A9%E3%83%B3%E9%87%8D%E4%BF%A1%20%E6%84%9B%E5%AA%9B%E7%9C%8C%E6%9D%B1%E6%B8%A9%E5%B8%82%E9%87%8E%E7%94%B0%EF%BC%93%EF%BC%8D%EF%BC%91%EF%BC%8D%EF%BC%91%EF%BC%93,2026-10-08,https://dcd.aikatsu.com/encore/pdf/shoplist.pdf,官方列出的設置店；未逐店確認現場稼動、台數與卡片庫存。地址定位尚未逐點核對。
フジグランエミフル松前,日本 愛媛県伊予郡松前町筒井８５０,愛媛県,四國,089-985-3111,https://www.google.com/maps/search/?api=1&query=%E3%83%95%E3%82%B8%E3%82%B0%E3%83%A9%E3%83%B3%E3%82%A8%E3%83%9F%E3%83%95%E3%83%AB%E6%9D%BE%E5%89%8D%20%E6%84%9B%E5%AA%9B%E7%9C%8C%E4%BC%8A%E4%BA%88%E9%83%A1%E6%9D%BE%E5%89%8D%E7%94%BA%E7%AD%92%E4%BA%95%EF%BC%98%EF%BC%95%EF%BC%90,2026-10-08,https://dcd.aikatsu.com/encore/pdf/shoplist.pdf,官方列出的設置店；未逐店確認現場稼動、台數與卡片庫存。地址定位尚未逐點核對。
アミパラ松山店,日本 愛媛県松山市生石町６５５－１アミパラ松山,愛媛県,四國,089-913-5533,https://www.google.com/maps/search/?api=1&query=%E3%82%A2%E3%83%9F%E3%83%91%E3%83%A9%E6%9D%BE%E5%B1%B1%E5%BA%97%20%E6%84%9B%E5%AA%9B%E7%9C%8C%E6%9D%BE%E5%B1%B1%E5%B8%82%E7%94%9F%E7%9F%B3%E7%94%BA%EF%BC%96%EF%BC%95%EF%BC%95%EF%BC%8D%EF%BC%91%E3%82%A2%E3%83%9F%E3%83%91%E3%83%A9%E6%9D%BE%E5%B1%B1,2026-10-08,https://dcd.aikatsu.com/encore/pdf/shoplist.pdf,官方列出的設置店；未逐店確認現場稼動、台數與卡片庫存。地址定位尚未逐點核對。
プラサカプコン新居浜店,日本 愛媛県新居浜市前田町８－８イオン新居浜２階,愛媛県,四國,0897-31-0583,https://www.google.com/maps/search/?api=1&query=%E3%83%97%E3%83%A9%E3%82%B5%E3%82%AB%E3%83%97%E3%82%B3%E3%83%B3%E6%96%B0%E5%B1%85%E6%B5%9C%E5%BA%97%20%E6%84%9B%E5%AA%9B%E7%9C%8C%E6%96%B0%E5%B1%85%E6%B5%9C%E5%B8%82%E5%89%8D%E7%94%B0%E7%94%BA%EF%BC%98%EF%BC%8D%EF%BC%98%E3%82%A4%E3%82%AA%E3%83%B3%E6%96%B0%E5%B1%85%E6%B5%9C%EF%BC%92%E9%9A%8E,2026-10-08,https://dcd.aikatsu.com/encore/pdf/shoplist.pdf,官方列出的設置店；未逐店確認現場稼動、台數與卡片庫存。地址定位尚未逐點核對。
ソユーフォレストハンター松前店,日本 愛媛県伊予郡松前町筒井850エミフルMASAKI1階,愛媛県,四國,089-961-6277,https://www.google.com/maps/search/?api=1&query=%E3%82%BD%E3%83%A6%E3%83%BC%E3%83%95%E3%82%A9%E3%83%AC%E3%82%B9%E3%83%88%E3%83%8F%E3%83%B3%E3%82%BF%E3%83%BC%E6%9D%BE%E5%89%8D%E5%BA%97%20%E6%84%9B%E5%AA%9B%E7%9C%8C%E4%BC%8A%E4%BA%88%E9%83%A1%E6%9D%BE%E5%89%8D%E7%94%BA%E7%AD%92%E4%BA%95850%E3%82%A8%E3%83%9F%E3%83%95%E3%83%ABMASAKI1%E9%9A%8E,2026-10-08,https://dcd.aikatsu.com/encore/pdf/shoplist.pdf,官方列出的設置店；未逐店確認現場稼動、台數與卡片庫存。地址定位尚未逐點核對。
タイトーFステーション今治ワールドプラザ,日本 愛媛県今治市東村 1-14-2 今治ワールドプラザ内,愛媛県,四國,0898-48-8818,https://www.google.com/maps/search/?api=1&query=%E3%82%BF%E3%82%A4%E3%83%88%E3%83%BCF%E3%82%B9%E3%83%86%E3%83%BC%E3%82%B7%E3%83%A7%E3%83%B3%E4%BB%8A%E6%B2%BB%E3%83%AF%E3%83%BC%E3%83%AB%E3%83%89%E3%83%97%E3%83%A9%E3%82%B6%20%E6%84%9B%E5%AA%9B%E7%9C%8C%E4%BB%8A%E6%B2%BB%E5%B8%82%E6%9D%B1%E6%9D%91%201-14-2%20%E4%BB%8A%E6%B2%BB%E3%83%AF%E3%83%BC%E3%83%AB%E3%83%89%E3%83%97%E3%83%A9%E3%82%B6%E5%86%85,2026-10-08,https://dcd.aikatsu.com/encore/pdf/shoplist.pdf,官方列出的設置店；未逐店確認現場稼動、台數與卡片庫存。地址定位尚未逐點核對。
ｎａｍｃｏフジグラン北浜店,日本 愛媛県八幡浜市北浜一丁目４番３３号 フジグラン北浜店２Ｆ,愛媛県,四國,0894-22-2145,https://www.google.com/maps/search/?api=1&query=%EF%BD%8E%EF%BD%81%EF%BD%8D%EF%BD%83%EF%BD%8F%E3%83%95%E3%82%B8%E3%82%B0%E3%83%A9%E3%83%B3%E5%8C%97%E6%B5%9C%E5%BA%97%20%E6%84%9B%E5%AA%9B%E7%9C%8C%E5%85%AB%E5%B9%A1%E6%B5%9C%E5%B8%82%E5%8C%97%E6%B5%9C%E4%B8%80%E4%B8%81%E7%9B%AE%EF%BC%94%E7%95%AA%EF%BC%93%EF%BC%93%E5%8F%B7%20%E3%83%95%E3%82%B8%E3%82%B0%E3%83%A9%E3%83%B3%E5%8C%97%E6%B5%9C%E5%BA%97%EF%BC%92%EF%BC%A6,2026-10-08,https://dcd.aikatsu.com/encore/pdf/shoplist.pdf,官方列出的設置店；未逐店確認現場稼動、台數與卡片庫存。地址定位尚未逐點核對。
ｎａｍｃｏフジグラン北宇和島店,日本 愛媛県宇和島市伊吹町甲９１２番地２ フジグラン北宇和島店別棟,愛媛県,四國,0895-24-4051,https://www.google.com/maps/search/?api=1&query=%EF%BD%8E%EF%BD%81%EF%BD%8D%EF%BD%83%EF%BD%8F%E3%83%95%E3%82%B8%E3%82%B0%E3%83%A9%E3%83%B3%E5%8C%97%E5%AE%87%E5%92%8C%E5%B3%B6%E5%BA%97%20%E6%84%9B%E5%AA%9B%E7%9C%8C%E5%AE%87%E5%92%8C%E5%B3%B6%E5%B8%82%E4%BC%8A%E5%90%B9%E7%94%BA%E7%94%B2%EF%BC%99%EF%BC%91%EF%BC%92%E7%95%AA%E5%9C%B0%EF%BC%92%20%E3%83%95%E3%82%B8%E3%82%B0%E3%83%A9%E3%83%B3%E5%8C%97%E5%AE%87%E5%92%8C%E5%B3%B6%E5%BA%97%E5%88%A5%E6%A3%9F,2026-10-08,https://dcd.aikatsu.com/encore/pdf/shoplist.pdf,官方列出的設置店；未逐店確認現場稼動、台數與卡片庫存。地址定位尚未逐點核對。
ｎａｍｃｏフジグラン松山店,日本 愛媛県松山市宮西１－２－１ フジグラン松山店４Ｆ,愛媛県,四國,089-926-7736,https://www.google.com/maps/search/?api=1&query=%EF%BD%8E%EF%BD%81%EF%BD%8D%EF%BD%83%EF%BD%8F%E3%83%95%E3%82%B8%E3%82%B0%E3%83%A9%E3%83%B3%E6%9D%BE%E5%B1%B1%E5%BA%97%20%E6%84%9B%E5%AA%9B%E7%9C%8C%E6%9D%BE%E5%B1%B1%E5%B8%82%E5%AE%AE%E8%A5%BF%EF%BC%91%EF%BC%8D%EF%BC%92%EF%BC%8D%EF%BC%91%20%E3%83%95%E3%82%B8%E3%82%B0%E3%83%A9%E3%83%B3%E6%9D%BE%E5%B1%B1%E5%BA%97%EF%BC%94%EF%BC%A6,2026-10-08,https://dcd.aikatsu.com/encore/pdf/shoplist.pdf,官方列出的設置店；未逐店確認現場稼動、台數與卡片庫存。地址定位尚未逐點核對。
モーリーファンタジー高知店,日本 高知県高知市秦南町1丁目4-8 イオン高知店2階,高知県,四國,070-3100-4716,https://www.google.com/maps/search/?api=1&query=%E3%83%A2%E3%83%BC%E3%83%AA%E3%83%BC%E3%83%95%E3%82%A1%E3%83%B3%E3%82%BF%E3%82%B8%E3%83%BC%E9%AB%98%E7%9F%A5%E5%BA%97%20%E9%AB%98%E7%9F%A5%E7%9C%8C%E9%AB%98%E7%9F%A5%E5%B8%82%E7%A7%A6%E5%8D%97%E7%94%BA1%E4%B8%81%E7%9B%AE4-8%20%E3%82%A4%E3%82%AA%E3%83%B3%E9%AB%98%E7%9F%A5%E5%BA%972%E9%9A%8E,2026-10-08,https://dcd.aikatsu.com/encore/pdf/shoplist.pdf,官方列出的設置店；未逐店確認現場稼動、台數與卡片庫存。地址定位尚未逐點核對。
フジグラン高知,日本 高知県高知市朝倉東町５２－１５,高知県,四國,088-844-8511,https://www.google.com/maps/search/?api=1&query=%E3%83%95%E3%82%B8%E3%82%B0%E3%83%A9%E3%83%B3%E9%AB%98%E7%9F%A5%20%E9%AB%98%E7%9F%A5%E7%9C%8C%E9%AB%98%E7%9F%A5%E5%B8%82%E6%9C%9D%E5%80%89%E6%9D%B1%E7%94%BA%EF%BC%95%EF%BC%92%EF%BC%8D%EF%BC%91%EF%BC%95,2026-10-08,https://dcd.aikatsu.com/encore/pdf/shoplist.pdf,官方列出的設置店；未逐店確認現場稼動、台數與卡片庫存。地址定位尚未逐點核對。
フジグラン野市,日本 高知県香南市野市町西野２００７－１,高知県,四國,0887-57-8211,https://www.google.com/maps/search/?api=1&query=%E3%83%95%E3%82%B8%E3%82%B0%E3%83%A9%E3%83%B3%E9%87%8E%E5%B8%82%20%E9%AB%98%E7%9F%A5%E7%9C%8C%E9%A6%99%E5%8D%97%E5%B8%82%E9%87%8E%E5%B8%82%E7%94%BA%E8%A5%BF%E9%87%8E%EF%BC%92%EF%BC%90%EF%BC%90%EF%BC%97%EF%BC%8D%EF%BC%91,2026-10-08,https://dcd.aikatsu.com/encore/pdf/shoplist.pdf,官方列出的設置店；未逐店確認現場稼動、台數與卡片庫存。地址定位尚未逐點核對。
アミュージアム高知店,日本 高知県高知市介良字長丁乙317-1,高知県,四國,088-860-7778,https://www.google.com/maps/search/?api=1&query=%E3%82%A2%E3%83%9F%E3%83%A5%E3%83%BC%E3%82%B8%E3%82%A2%E3%83%A0%E9%AB%98%E7%9F%A5%E5%BA%97%20%E9%AB%98%E7%9F%A5%E7%9C%8C%E9%AB%98%E7%9F%A5%E5%B8%82%E4%BB%8B%E8%89%AF%E5%AD%97%E9%95%B7%E4%B8%81%E4%B9%99317-1,2026-10-08,https://dcd.aikatsu.com/encore/pdf/shoplist.pdf,官方列出的設置店；未逐店確認現場稼動、台數與卡片庫存。地址定位尚未逐點核對。
プラサカプコン高知店,日本 高知県高知市秦南町1丁目4番8号イオンモール高知東館3階,高知県,四國,088-802-7524,https://www.google.com/maps/search/?api=1&query=%E3%83%97%E3%83%A9%E3%82%B5%E3%82%AB%E3%83%97%E3%82%B3%E3%83%B3%E9%AB%98%E7%9F%A5%E5%BA%97%20%E9%AB%98%E7%9F%A5%E7%9C%8C%E9%AB%98%E7%9F%A5%E5%B8%82%E7%A7%A6%E5%8D%97%E7%94%BA1%E4%B8%81%E7%9B%AE4%E7%95%AA8%E5%8F%B7%E3%82%A4%E3%82%AA%E3%83%B3%E3%83%A2%E3%83%BC%E3%83%AB%E9%AB%98%E7%9F%A5%E6%9D%B1%E9%A4%A83%E9%9A%8E,2026-10-08,https://dcd.aikatsu.com/encore/pdf/shoplist.pdf,官方列出的設置店；未逐店確認現場稼動、台數與卡片庫存。地址定位尚未逐點核對。
チッキッズ サニーアクシスいの店,日本 高知県吾川郡いの町205サニーアクシスいの2階,高知県,四國,088-893-3233,https://www.google.com/maps/search/?api=1&query=%E3%83%81%E3%83%83%E3%82%AD%E3%83%83%E3%82%BA%20%E3%82%B5%E3%83%8B%E3%83%BC%E3%82%A2%E3%82%AF%E3%82%B7%E3%82%B9%E3%81%84%E3%81%AE%E5%BA%97%20%E9%AB%98%E7%9F%A5%E7%9C%8C%E5%90%BE%E5%B7%9D%E9%83%A1%E3%81%84%E3%81%AE%E7%94%BA205%E3%82%B5%E3%83%8B%E3%83%BC%E3%82%A2%E3%82%AF%E3%82%B7%E3%82%B9%E3%81%84%E3%81%AE2%E9%9A%8E,2026-10-08,https://dcd.aikatsu.com/encore/pdf/shoplist.pdf,官方列出的設置店；未逐店確認現場稼動、台數與卡片庫存。地址定位尚未逐點核對。
タイトーFステーション野市店,日本 高知県香南市野市町西野2007-1フジグラン野市,高知県,四國,0887-57-8061,https://www.google.com/maps/search/?api=1&query=%E3%82%BF%E3%82%A4%E3%83%88%E3%83%BCF%E3%82%B9%E3%83%86%E3%83%BC%E3%82%B7%E3%83%A7%E3%83%B3%E9%87%8E%E5%B8%82%E5%BA%97%20%E9%AB%98%E7%9F%A5%E7%9C%8C%E9%A6%99%E5%8D%97%E5%B8%82%E9%87%8E%E5%B8%82%E7%94%BA%E8%A5%BF%E9%87%8E2007-1%E3%83%95%E3%82%B8%E3%82%B0%E3%83%A9%E3%83%B3%E9%87%8E%E5%B8%82,2026-10-08,https://dcd.aikatsu.com/encore/pdf/shoplist.pdf,官方列出的設置店；未逐店確認現場稼動、台數與卡片庫存。地址定位尚未逐點核對。
サニーアクシス南国アクシスキッズ,日本 高知県南国市大そね乙１００９ サニーアクシス南国店,高知県,四國,088-864-4373,https://www.google.com/maps/search/?api=1&query=%E3%82%B5%E3%83%8B%E3%83%BC%E3%82%A2%E3%82%AF%E3%82%B7%E3%82%B9%E5%8D%97%E5%9B%BD%E3%82%A2%E3%82%AF%E3%82%B7%E3%82%B9%E3%82%AD%E3%83%83%E3%82%BA%20%E9%AB%98%E7%9F%A5%E7%9C%8C%E5%8D%97%E5%9B%BD%E5%B8%82%E5%A4%A7%E3%81%9D%E3%81%AD%E4%B9%99%EF%BC%91%EF%BC%90%EF%BC%90%EF%BC%99%20%E3%82%B5%E3%83%8B%E3%83%BC%E3%82%A2%E3%82%AF%E3%82%B7%E3%82%B9%E5%8D%97%E5%9B%BD%E5%BA%97,2026-10-08,https://dcd.aikatsu.com/encore/pdf/shoplist.pdf,官方列出的設置店；未逐店確認現場稼動、台數與卡片庫存。地址定位尚未逐點核對。
ｎａｍｃｏフジグラン四万十店,日本 高知県四万十市具同字東五反田２２２２番地 フジグラン四万十店内,高知県,四國,0880-37-3357,https://www.google.com/maps/search/?api=1&query=%EF%BD%8E%EF%BD%81%EF%BD%8D%EF%BD%83%EF%BD%8F%E3%83%95%E3%82%B8%E3%82%B0%E3%83%A9%E3%83%B3%E5%9B%9B%E4%B8%87%E5%8D%81%E5%BA%97%20%E9%AB%98%E7%9F%A5%E7%9C%8C%E5%9B%9B%E4%B8%87%E5%8D%81%E5%B8%82%E5%85%B7%E5%90%8C%E5%AD%97%E6%9D%B1%E4%BA%94%E5%8F%8D%E7%94%B0%EF%BC%92%EF%BC%92%EF%BC%92%EF%BC%92%E7%95%AA%E5%9C%B0%20%E3%83%95%E3%82%B8%E3%82%B0%E3%83%A9%E3%83%B3%E5%9B%9B%E4%B8%87%E5%8D%81%E5%BA%97%E5%86%85,2026-10-08,https://dcd.aikatsu.com/encore/pdf/shoplist.pdf,官方列出的設置店；未逐店確認現場稼動、台數與卡片庫存。地址定位尚未逐點核對。
ｎａｍｃｏフジグラン葛島店,日本 高知県高知市小倉町３－３０ フジグラン葛島店内,高知県,四國,088-878-0766,https://www.google.com/maps/search/?api=1&query=%EF%BD%8E%EF%BD%81%EF%BD%8D%EF%BD%83%EF%BD%8F%E3%83%95%E3%82%B8%E3%82%B0%E3%83%A9%E3%83%B3%E8%91%9B%E5%B3%B6%E5%BA%97%20%E9%AB%98%E7%9F%A5%E7%9C%8C%E9%AB%98%E7%9F%A5%E5%B8%82%E5%B0%8F%E5%80%89%E7%94%BA%EF%BC%93%EF%BC%8D%EF%BC%93%EF%BC%90%20%E3%83%95%E3%82%B8%E3%82%B0%E3%83%A9%E3%83%B3%E8%91%9B%E5%B3%B6%E5%BA%97%E5%86%85,2026-10-08,https://dcd.aikatsu.com/encore/pdf/shoplist.pdf,官方列出的設置店；未逐店確認現場稼動、台數與卡片庫存。地址定位尚未逐點核對。
モーリーファンタジー大野城店,日本 福岡県大野城市錦町4-1-1 イオン大野城店3階,福岡県,九州・沖繩,070-3100-5334,https://www.google.com/maps/search/?api=1&query=%E3%83%A2%E3%83%BC%E3%83%AA%E3%83%BC%E3%83%95%E3%82%A1%E3%83%B3%E3%82%BF%E3%82%B8%E3%83%BC%E5%A4%A7%E9%87%8E%E5%9F%8E%E5%BA%97%20%E7%A6%8F%E5%B2%A1%E7%9C%8C%E5%A4%A7%E9%87%8E%E5%9F%8E%E5%B8%82%E9%8C%A6%E7%94%BA4-1-1%20%E3%82%A4%E3%82%AA%E3%83%B3%E5%A4%A7%E9%87%8E%E5%9F%8E%E5%BA%973%E9%9A%8E,2026-10-08,https://dcd.aikatsu.com/encore/pdf/shoplist.pdf,官方列出的設置店；未逐店確認現場稼動、台數與卡片庫存。地址定位尚未逐點核對。
モーリーファンタジー若松店,日本 福岡県北九州市若松区二島1-3-1 イオン若松店2階,福岡県,九州・沖繩,070-3100-3665,https://www.google.com/maps/search/?api=1&query=%E3%83%A2%E3%83%BC%E3%83%AA%E3%83%BC%E3%83%95%E3%82%A1%E3%83%B3%E3%82%BF%E3%82%B8%E3%83%BC%E8%8B%A5%E6%9D%BE%E5%BA%97%20%E7%A6%8F%E5%B2%A1%E7%9C%8C%E5%8C%97%E4%B9%9D%E5%B7%9E%E5%B8%82%E8%8B%A5%E6%9D%BE%E5%8C%BA%E4%BA%8C%E5%B3%B61-3-1%20%E3%82%A4%E3%82%AA%E3%83%B3%E8%8B%A5%E6%9D%BE%E5%BA%972%E9%9A%8E,2026-10-08,https://dcd.aikatsu.com/encore/pdf/shoplist.pdf,官方列出的設置店；未逐店確認現場稼動、台數與卡片庫存。地址定位尚未逐點核對。
モーリーファンタジー香椎浜店,日本 福岡県福岡市東区香椎浜3-12-1 イオン香椎浜店2階,福岡県,九州・沖繩,070-3100-3943,https://www.google.com/maps/search/?api=1&query=%E3%83%A2%E3%83%BC%E3%83%AA%E3%83%BC%E3%83%95%E3%82%A1%E3%83%B3%E3%82%BF%E3%82%B8%E3%83%BC%E9%A6%99%E6%A4%8E%E6%B5%9C%E5%BA%97%20%E7%A6%8F%E5%B2%A1%E7%9C%8C%E7%A6%8F%E5%B2%A1%E5%B8%82%E6%9D%B1%E5%8C%BA%E9%A6%99%E6%A4%8E%E6%B5%9C3-12-1%20%E3%82%A4%E3%82%AA%E3%83%B3%E9%A6%99%E6%A4%8E%E6%B5%9C%E5%BA%972%E9%9A%8E,2026-10-08,https://dcd.aikatsu.com/encore/pdf/shoplist.pdf,官方列出的設置店；未逐店確認現場稼動、台數與卡片庫存。地址定位尚未逐點核對。
モーリーファンタジー福岡店,日本 福岡県糟屋郡粕屋町大字酒殿字老ノ木192-1 イオン福岡店2階,福岡県,九州・沖繩,070-3100-3878,https://www.google.com/maps/search/?api=1&query=%E3%83%A2%E3%83%BC%E3%83%AA%E3%83%BC%E3%83%95%E3%82%A1%E3%83%B3%E3%82%BF%E3%82%B8%E3%83%BC%E7%A6%8F%E5%B2%A1%E5%BA%97%20%E7%A6%8F%E5%B2%A1%E7%9C%8C%E7%B3%9F%E5%B1%8B%E9%83%A1%E7%B2%95%E5%B1%8B%E7%94%BA%E5%A4%A7%E5%AD%97%E9%85%92%E6%AE%BF%E5%AD%97%E8%80%81%E3%83%8E%E6%9C%A8192-1%20%E3%82%A4%E3%82%AA%E3%83%B3%E7%A6%8F%E5%B2%A1%E5%BA%972%E9%9A%8E,2026-10-08,https://dcd.aikatsu.com/encore/pdf/shoplist.pdf,官方列出的設置店；未逐店確認現場稼動、台數與卡片庫存。地址定位尚未逐點核對。
モーリーファンタジー直方店,日本 福岡県直方市湯野原2丁目1番1号 イオン直方店2階,福岡県,九州・沖繩,070-3100-3972,https://www.google.com/maps/search/?api=1&query=%E3%83%A2%E3%83%BC%E3%83%AA%E3%83%BC%E3%83%95%E3%82%A1%E3%83%B3%E3%82%BF%E3%82%B8%E3%83%BC%E7%9B%B4%E6%96%B9%E5%BA%97%20%E7%A6%8F%E5%B2%A1%E7%9C%8C%E7%9B%B4%E6%96%B9%E5%B8%82%E6%B9%AF%E9%87%8E%E5%8E%9F2%E4%B8%81%E7%9B%AE1%E7%95%AA1%E5%8F%B7%20%E3%82%A4%E3%82%AA%E3%83%B3%E7%9B%B4%E6%96%B9%E5%BA%972%E9%9A%8E,2026-10-08,https://dcd.aikatsu.com/encore/pdf/shoplist.pdf,官方列出的設置店；未逐店確認現場稼動、台數與卡片庫存。地址定位尚未逐點核對。
モーリーファンタジー福岡伊都店,日本 福岡県福岡市西区北原1丁目2番1号 イオン福岡伊都3階,福岡県,九州・沖繩,070-3100-4066,https://www.google.com/maps/search/?api=1&query=%E3%83%A2%E3%83%BC%E3%83%AA%E3%83%BC%E3%83%95%E3%82%A1%E3%83%B3%E3%82%BF%E3%82%B8%E3%83%BC%E7%A6%8F%E5%B2%A1%E4%BC%8A%E9%83%BD%E5%BA%97%20%E7%A6%8F%E5%B2%A1%E7%9C%8C%E7%A6%8F%E5%B2%A1%E5%B8%82%E8%A5%BF%E5%8C%BA%E5%8C%97%E5%8E%9F1%E4%B8%81%E7%9B%AE2%E7%95%AA1%E5%8F%B7%20%E3%82%A4%E3%82%AA%E3%83%B3%E7%A6%8F%E5%B2%A1%E4%BC%8A%E9%83%BD3%E9%9A%8E,2026-10-08,https://dcd.aikatsu.com/encore/pdf/shoplist.pdf,官方列出的設置店；未逐店確認現場稼動、台數與卡片庫存。地址定位尚未逐點核對。
モーリーファンタジー八幡東店,日本 福岡県北九州市八幡東区東田3丁目2-102 イオン八幡東店3階,福岡県,九州・沖繩,070-3100-4178,https://www.google.com/maps/search/?api=1&query=%E3%83%A2%E3%83%BC%E3%83%AA%E3%83%BC%E3%83%95%E3%82%A1%E3%83%B3%E3%82%BF%E3%82%B8%E3%83%BC%E5%85%AB%E5%B9%A1%E6%9D%B1%E5%BA%97%20%E7%A6%8F%E5%B2%A1%E7%9C%8C%E5%8C%97%E4%B9%9D%E5%B7%9E%E5%B8%82%E5%85%AB%E5%B9%A1%E6%9D%B1%E5%8C%BA%E6%9D%B1%E7%94%B03%E4%B8%81%E7%9B%AE2-102%20%E3%82%A4%E3%82%AA%E3%83%B3%E5%85%AB%E5%B9%A1%E6%9D%B1%E5%BA%973%E9%9A%8E,2026-10-08,https://dcd.aikatsu.com/encore/pdf/shoplist.pdf,官方列出的設置店；未逐店確認現場稼動、台數與卡片庫存。地址定位尚未逐點核對。
モーリーファンタジー筑紫野店,日本 福岡県筑紫野市大字立明寺434-1 イオン筑紫野店3階,福岡県,九州・沖繩,070-3100-4092,https://www.google.com/maps/search/?api=1&query=%E3%83%A2%E3%83%BC%E3%83%AA%E3%83%BC%E3%83%95%E3%82%A1%E3%83%B3%E3%82%BF%E3%82%B8%E3%83%BC%E7%AD%91%E7%B4%AB%E9%87%8E%E5%BA%97%20%E7%A6%8F%E5%B2%A1%E7%9C%8C%E7%AD%91%E7%B4%AB%E9%87%8E%E5%B8%82%E5%A4%A7%E5%AD%97%E7%AB%8B%E6%98%8E%E5%AF%BA434-1%20%E3%82%A4%E3%82%AA%E3%83%B3%E7%AD%91%E7%B4%AB%E9%87%8E%E5%BA%973%E9%9A%8E,2026-10-08,https://dcd.aikatsu.com/encore/pdf/shoplist.pdf,官方列出的設置店；未逐店確認現場稼動、台數與卡片庫存。地址定位尚未逐點核對。
モーリーファンタジー大牟田店,日本 福岡県大牟田市岬町3-4 イオン大牟田店2階,福岡県,九州・沖繩,070-3100-4155,https://www.google.com/maps/search/?api=1&query=%E3%83%A2%E3%83%BC%E3%83%AA%E3%83%BC%E3%83%95%E3%82%A1%E3%83%B3%E3%82%BF%E3%82%B8%E3%83%BC%E5%A4%A7%E7%89%9F%E7%94%B0%E5%BA%97%20%E7%A6%8F%E5%B2%A1%E7%9C%8C%E5%A4%A7%E7%89%9F%E7%94%B0%E5%B8%82%E5%B2%AC%E7%94%BA3-4%20%E3%82%A4%E3%82%AA%E3%83%B3%E5%A4%A7%E7%89%9F%E7%94%B0%E5%BA%972%E9%9A%8E,2026-10-08,https://dcd.aikatsu.com/encore/pdf/shoplist.pdf,官方列出的設置店；未逐店確認現場稼動、台數與卡片庫存。地址定位尚未逐點核對。
モーリーファンタジー福津店,日本 福岡県福津市日蒔野6丁目16-1 イオン福津店2階,福岡県,九州・沖繩,070-3100-4061,https://www.google.com/maps/search/?api=1&query=%E3%83%A2%E3%83%BC%E3%83%AA%E3%83%BC%E3%83%95%E3%82%A1%E3%83%B3%E3%82%BF%E3%82%B8%E3%83%BC%E7%A6%8F%E6%B4%A5%E5%BA%97%20%E7%A6%8F%E5%B2%A1%E7%9C%8C%E7%A6%8F%E6%B4%A5%E5%B8%82%E6%97%A5%E8%92%94%E9%87%8E6%E4%B8%81%E7%9B%AE16-1%20%E3%82%A4%E3%82%AA%E3%83%B3%E7%A6%8F%E6%B4%A5%E5%BA%972%E9%9A%8E,2026-10-08,https://dcd.aikatsu.com/encore/pdf/shoplist.pdf,官方列出的設置店；未逐店確認現場稼動、台數與卡片庫存。地址定位尚未逐點核對。
ゲームコーナー原店,日本 福岡県福岡市早良区原6-27-52 イオン原2階,福岡県,九州・沖繩,070-3100-5581,https://www.google.com/maps/search/?api=1&query=%E3%82%B2%E3%83%BC%E3%83%A0%E3%82%B3%E3%83%BC%E3%83%8A%E3%83%BC%E5%8E%9F%E5%BA%97%20%E7%A6%8F%E5%B2%A1%E7%9C%8C%E7%A6%8F%E5%B2%A1%E5%B8%82%E6%97%A9%E8%89%AF%E5%8C%BA%E5%8E%9F6-27-52%20%E3%82%A4%E3%82%AA%E3%83%B3%E5%8E%9F2%E9%9A%8E,2026-10-08,https://dcd.aikatsu.com/encore/pdf/shoplist.pdf,官方列出的設置店；未逐店確認現場稼動、台數與卡片庫存。地址定位尚未逐點核對。
モーリーファンタジービバモール赤間店,日本 福岡県宗像市田久2-1-1 ビバモール赤間,福岡県,九州・沖繩,070-3100-3991,https://www.google.com/maps/search/?api=1&query=%E3%83%A2%E3%83%BC%E3%83%AA%E3%83%BC%E3%83%95%E3%82%A1%E3%83%B3%E3%82%BF%E3%82%B8%E3%83%BC%E3%83%93%E3%83%90%E3%83%A2%E3%83%BC%E3%83%AB%E8%B5%A4%E9%96%93%E5%BA%97%20%E7%A6%8F%E5%B2%A1%E7%9C%8C%E5%AE%97%E5%83%8F%E5%B8%82%E7%94%B0%E4%B9%852-1-1%20%E3%83%93%E3%83%90%E3%83%A2%E3%83%BC%E3%83%AB%E8%B5%A4%E9%96%93,2026-10-08,https://dcd.aikatsu.com/encore/pdf/shoplist.pdf,官方列出的設置店；未逐店確認現場稼動、台數與卡片庫存。地址定位尚未逐點核對。
モーリーファンタジー大木店,日本 福岡県三潴郡大木町蛭池1200 イオンスーパーセンター大木店１階,福岡県,九州・沖繩,070-3100-4488,https://www.google.com/maps/search/?api=1&query=%E3%83%A2%E3%83%BC%E3%83%AA%E3%83%BC%E3%83%95%E3%82%A1%E3%83%B3%E3%82%BF%E3%82%B8%E3%83%BC%E5%A4%A7%E6%9C%A8%E5%BA%97%20%E7%A6%8F%E5%B2%A1%E7%9C%8C%E4%B8%89%E6%BD%B4%E9%83%A1%E5%A4%A7%E6%9C%A8%E7%94%BA%E8%9B%AD%E6%B1%A01200%20%E3%82%A4%E3%82%AA%E3%83%B3%E3%82%B9%E3%83%BC%E3%83%91%E3%83%BC%E3%82%BB%E3%83%B3%E3%82%BF%E3%83%BC%E5%A4%A7%E6%9C%A8%E5%BA%97%EF%BC%91%E9%9A%8E,2026-10-08,https://dcd.aikatsu.com/encore/pdf/shoplist.pdf,官方列出的設置店；未逐店確認現場稼動、台數與卡片庫存。地址定位尚未逐點核對。
モーリーファンタジー笹丘店,日本 福岡県福岡市中央区笹丘1丁目28番74号 イオン笹丘店B1階,福岡県,九州・沖繩,070-3100-5095,https://www.google.com/maps/search/?api=1&query=%E3%83%A2%E3%83%BC%E3%83%AA%E3%83%BC%E3%83%95%E3%82%A1%E3%83%B3%E3%82%BF%E3%82%B8%E3%83%BC%E7%AC%B9%E4%B8%98%E5%BA%97%20%E7%A6%8F%E5%B2%A1%E7%9C%8C%E7%A6%8F%E5%B2%A1%E5%B8%82%E4%B8%AD%E5%A4%AE%E5%8C%BA%E7%AC%B9%E4%B8%981%E4%B8%81%E7%9B%AE28%E7%95%AA74%E5%8F%B7%20%E3%82%A4%E3%82%AA%E3%83%B3%E7%AC%B9%E4%B8%98%E5%BA%97B1%E9%9A%8E,2026-10-08,https://dcd.aikatsu.com/encore/pdf/shoplist.pdf,官方列出的設置店；未逐店確認現場稼動、台數與卡片庫存。地址定位尚未逐點核對。
モーリーファンタジー田川店,日本 福岡県田川市大字伊田字火掛4616番 トライアル田川店1階,福岡県,九州・沖繩,070-3100-5108,https://www.google.com/maps/search/?api=1&query=%E3%83%A2%E3%83%BC%E3%83%AA%E3%83%BC%E3%83%95%E3%82%A1%E3%83%B3%E3%82%BF%E3%82%B8%E3%83%BC%E7%94%B0%E5%B7%9D%E5%BA%97%20%E7%A6%8F%E5%B2%A1%E7%9C%8C%E7%94%B0%E5%B7%9D%E5%B8%82%E5%A4%A7%E5%AD%97%E4%BC%8A%E7%94%B0%E5%AD%97%E7%81%AB%E6%8E%9B4616%E7%95%AA%20%E3%83%88%E3%83%A9%E3%82%A4%E3%82%A2%E3%83%AB%E7%94%B0%E5%B7%9D%E5%BA%971%E9%9A%8E,2026-10-08,https://dcd.aikatsu.com/encore/pdf/shoplist.pdf,官方列出的設置店；未逐店確認現場稼動、台數與卡片庫存。地址定位尚未逐點核對。
モーリーファンタジーマリナタウン店,日本 福岡県福岡市西区豊浜3-1-10 イオンショッパーズモールマリナタウン2階,福岡県,九州・沖繩,070-3100-5121,https://www.google.com/maps/search/?api=1&query=%E3%83%A2%E3%83%BC%E3%83%AA%E3%83%BC%E3%83%95%E3%82%A1%E3%83%B3%E3%82%BF%E3%82%B8%E3%83%BC%E3%83%9E%E3%83%AA%E3%83%8A%E3%82%BF%E3%82%A6%E3%83%B3%E5%BA%97%20%E7%A6%8F%E5%B2%A1%E7%9C%8C%E7%A6%8F%E5%B2%A1%E5%B8%82%E8%A5%BF%E5%8C%BA%E8%B1%8A%E6%B5%9C3-1-10%20%E3%82%A4%E3%82%AA%E3%83%B3%E3%82%B7%E3%83%A7%E3%83%83%E3%83%91%E3%83%BC%E3%82%BA%E3%83%A2%E3%83%BC%E3%83%AB%E3%83%9E%E3%83%AA%E3%83%8A%E3%82%BF%E3%82%A6%E3%83%B32%E9%9A%8E,2026-10-08,https://dcd.aikatsu.com/encore/pdf/shoplist.pdf,官方列出的設置店；未逐店確認現場稼動、台數與卡片庫存。地址定位尚未逐點核對。
パスカランド博多,日本 福岡県福岡市東区東浜１－１－１ ゆめタウン博多２F,福岡県,九州・沖繩,092-409-2622,https://www.google.com/maps/search/?api=1&query=%E3%83%91%E3%82%B9%E3%82%AB%E3%83%A9%E3%83%B3%E3%83%89%E5%8D%9A%E5%A4%9A%20%E7%A6%8F%E5%B2%A1%E7%9C%8C%E7%A6%8F%E5%B2%A1%E5%B8%82%E6%9D%B1%E5%8C%BA%E6%9D%B1%E6%B5%9C%EF%BC%91%EF%BC%8D%EF%BC%91%EF%BC%8D%EF%BC%91%20%E3%82%86%E3%82%81%E3%82%BF%E3%82%A6%E3%83%B3%E5%8D%9A%E5%A4%9A%EF%BC%92F,2026-10-08,https://dcd.aikatsu.com/encore/pdf/shoplist.pdf,官方列出的設置店；未逐店確認現場稼動、台數與卡片庫存。地址定位尚未逐點核對。
パスカランド黒崎,日本 福岡県北九州市八幡西区西曲里町３－１ イオンタウン黒崎店１F,福岡県,九州・沖繩,093-644-1188,https://www.google.com/maps/search/?api=1&query=%E3%83%91%E3%82%B9%E3%82%AB%E3%83%A9%E3%83%B3%E3%83%89%E9%BB%92%E5%B4%8E%20%E7%A6%8F%E5%B2%A1%E7%9C%8C%E5%8C%97%E4%B9%9D%E5%B7%9E%E5%B8%82%E5%85%AB%E5%B9%A1%E8%A5%BF%E5%8C%BA%E8%A5%BF%E6%9B%B2%E9%87%8C%E7%94%BA%EF%BC%93%EF%BC%8D%EF%BC%91%20%E3%82%A4%E3%82%AA%E3%83%B3%E3%82%BF%E3%82%A6%E3%83%B3%E9%BB%92%E5%B4%8E%E5%BA%97%EF%BC%91F,2026-10-08,https://dcd.aikatsu.com/encore/pdf/shoplist.pdf,官方列出的設置店；未逐店確認現場稼動、台數與卡片庫存。地址定位尚未逐點核對。
イオン戸畑店,日本 福岡県北九州市戸畑区汐井町２－２ イオン戸畑店 3F玩具売場,福岡県,九州・沖繩,093-871-1111,https://www.google.com/maps/search/?api=1&query=%E3%82%A4%E3%82%AA%E3%83%B3%E6%88%B8%E7%95%91%E5%BA%97%20%E7%A6%8F%E5%B2%A1%E7%9C%8C%E5%8C%97%E4%B9%9D%E5%B7%9E%E5%B8%82%E6%88%B8%E7%95%91%E5%8C%BA%E6%B1%90%E4%BA%95%E7%94%BA%EF%BC%92%EF%BC%8D%EF%BC%92%20%E3%82%A4%E3%82%AA%E3%83%B3%E6%88%B8%E7%95%91%E5%BA%97%203F%E7%8E%A9%E5%85%B7%E5%A3%B2%E5%A0%B4,2026-10-08,https://dcd.aikatsu.com/encore/pdf/shoplist.pdf,官方列出的設置店；未逐店確認現場稼動、台數與卡片庫存。地址定位尚未逐點核對。
ヨドバシカメラ マルチメディア博多,日本 福岡県福岡市博多区博多駅中央街６－１２,福岡県,九州・沖繩,092-471-1010,https://www.google.com/maps/search/?api=1&query=%E3%83%A8%E3%83%89%E3%83%90%E3%82%B7%E3%82%AB%E3%83%A1%E3%83%A9%20%E3%83%9E%E3%83%AB%E3%83%81%E3%83%A1%E3%83%87%E3%82%A3%E3%82%A2%E5%8D%9A%E5%A4%9A%20%E7%A6%8F%E5%B2%A1%E7%9C%8C%E7%A6%8F%E5%B2%A1%E5%B8%82%E5%8D%9A%E5%A4%9A%E5%8C%BA%E5%8D%9A%E5%A4%9A%E9%A7%85%E4%B8%AD%E5%A4%AE%E8%A1%97%EF%BC%96%EF%BC%8D%EF%BC%91%EF%BC%92,2026-10-08,https://dcd.aikatsu.com/encore/pdf/shoplist.pdf,官方列出的設置店；未逐店確認現場稼動、台數與卡片庫存。地址定位尚未逐點核對。
イオン穂波店,日本 福岡県飯塚市枝国長浦６６６－４８ イオン穂波店 2F玩具売場,福岡県,九州・沖繩,0948-26-1717,https://www.google.com/maps/search/?api=1&query=%E3%82%A4%E3%82%AA%E3%83%B3%E7%A9%82%E6%B3%A2%E5%BA%97%20%E7%A6%8F%E5%B2%A1%E7%9C%8C%E9%A3%AF%E5%A1%9A%E5%B8%82%E6%9E%9D%E5%9B%BD%E9%95%B7%E6%B5%A6%EF%BC%96%EF%BC%96%EF%BC%96%EF%BC%8D%EF%BC%94%EF%BC%98%20%E3%82%A4%E3%82%AA%E3%83%B3%E7%A9%82%E6%B3%A2%E5%BA%97%202F%E7%8E%A9%E5%85%B7%E5%A3%B2%E5%A0%B4,2026-10-08,https://dcd.aikatsu.com/encore/pdf/shoplist.pdf,官方列出的設置店；未逐店確認現場稼動、台數與卡片庫存。地址定位尚未逐點核對。
トイザらス久留米,日本 福岡県久留米市新合川１－３－３０ゆめタウン久留米別館２Ｆ,福岡県,九州・沖繩,0942-45-5131,https://www.google.com/maps/search/?api=1&query=%E3%83%88%E3%82%A4%E3%82%B6%E3%82%89%E3%82%B9%E4%B9%85%E7%95%99%E7%B1%B3%20%E7%A6%8F%E5%B2%A1%E7%9C%8C%E4%B9%85%E7%95%99%E7%B1%B3%E5%B8%82%E6%96%B0%E5%90%88%E5%B7%9D%EF%BC%91%EF%BC%8D%EF%BC%93%EF%BC%8D%EF%BC%93%EF%BC%90%E3%82%86%E3%82%81%E3%82%BF%E3%82%A6%E3%83%B3%E4%B9%85%E7%95%99%E7%B1%B3%E5%88%A5%E9%A4%A8%EF%BC%92%EF%BC%A6,2026-10-08,https://dcd.aikatsu.com/encore/pdf/shoplist.pdf,官方列出的設置店；未逐店確認現場稼動、台數與卡片庫存。地址定位尚未逐點核對。
GiGO中間,日本 福岡県中間市上蓮花寺3-1-1 1F・2F,福岡県,九州・沖繩,070-1459-7012,https://www.google.com/maps/search/?api=1&query=GiGO%E4%B8%AD%E9%96%93%20%E7%A6%8F%E5%B2%A1%E7%9C%8C%E4%B8%AD%E9%96%93%E5%B8%82%E4%B8%8A%E8%93%AE%E8%8A%B1%E5%AF%BA3-1-1%201F%E3%83%BB2F,2026-10-08,https://dcd.aikatsu.com/encore/pdf/shoplist.pdf,官方列出的設置店；未逐店確認現場稼動、台數與卡片庫存。地址定位尚未逐點核對。
GiGO福岡天神,日本 福岡県福岡市中央区天神2-7-6 DADAビル1～3F,福岡県,九州・沖繩,070-1458-1702,https://www.google.com/maps/search/?api=1&query=GiGO%E7%A6%8F%E5%B2%A1%E5%A4%A9%E7%A5%9E%20%E7%A6%8F%E5%B2%A1%E7%9C%8C%E7%A6%8F%E5%B2%A1%E5%B8%82%E4%B8%AD%E5%A4%AE%E5%8C%BA%E5%A4%A9%E7%A5%9E2-7-6%20DADA%E3%83%93%E3%83%AB1%EF%BD%9E3F,2026-10-08,https://dcd.aikatsu.com/encore/pdf/shoplist.pdf,官方列出的設置店；未逐店確認現場稼動、台數與卡片庫存。地址定位尚未逐點核對。
GiGOゆめタウン飯塚,日本 福岡県飯塚市菰田西３丁目６−１ ゆめタウン飯塚 4階,福岡県,九州・沖繩,070-1458-8831,https://www.google.com/maps/search/?api=1&query=GiGO%E3%82%86%E3%82%81%E3%82%BF%E3%82%A6%E3%83%B3%E9%A3%AF%E5%A1%9A%20%E7%A6%8F%E5%B2%A1%E7%9C%8C%E9%A3%AF%E5%A1%9A%E5%B8%82%E8%8F%B0%E7%94%B0%E8%A5%BF%EF%BC%93%E4%B8%81%E7%9B%AE%EF%BC%96%E2%88%92%EF%BC%91%20%E3%82%86%E3%82%81%E3%82%BF%E3%82%A6%E3%83%B3%E9%A3%AF%E5%A1%9A%204%E9%9A%8E,2026-10-08,https://dcd.aikatsu.com/encore/pdf/shoplist.pdf,官方列出的設置店；未逐店確認現場稼動、台數與卡片庫存。地址定位尚未逐點核對。
プラサカプコン直方店,日本 福岡県直方市湯野原２－１－１イオン直方２階,福岡県,九州・沖繩,0949-29-2262,https://www.google.com/maps/search/?api=1&query=%E3%83%97%E3%83%A9%E3%82%B5%E3%82%AB%E3%83%97%E3%82%B3%E3%83%B3%E7%9B%B4%E6%96%B9%E5%BA%97%20%E7%A6%8F%E5%B2%A1%E7%9C%8C%E7%9B%B4%E6%96%B9%E5%B8%82%E6%B9%AF%E9%87%8E%E5%8E%9F%EF%BC%92%EF%BC%8D%EF%BC%91%EF%BC%8D%EF%BC%91%E3%82%A4%E3%82%AA%E3%83%B3%E7%9B%B4%E6%96%B9%EF%BC%92%E9%9A%8E,2026-10-08,https://dcd.aikatsu.com/encore/pdf/shoplist.pdf,官方列出的設置店；未逐店確認現場稼動、台數與卡片庫存。地址定位尚未逐點核對。
G-pala小倉店,日本 福岡県北九州市小倉南区上葛原1-14-1,福岡県,九州・沖繩,092-626-1775,https://www.google.com/maps/search/?api=1&query=G-pala%E5%B0%8F%E5%80%89%E5%BA%97%20%E7%A6%8F%E5%B2%A1%E7%9C%8C%E5%8C%97%E4%B9%9D%E5%B7%9E%E5%B8%82%E5%B0%8F%E5%80%89%E5%8D%97%E5%8C%BA%E4%B8%8A%E8%91%9B%E5%8E%9F1-14-1,2026-10-08,https://dcd.aikatsu.com/encore/pdf/shoplist.pdf,官方列出的設置店；未逐店確認現場稼動、台數與卡片庫存。地址定位尚未逐點核對。
メルヘンランド筑紫野ベレッサ店,日本 福岡県筑紫野市美しが丘南1‐12-1筑紫野ベレッサ2階,福岡県,九州・沖繩,092-710-3035,https://www.google.com/maps/search/?api=1&query=%E3%83%A1%E3%83%AB%E3%83%98%E3%83%B3%E3%83%A9%E3%83%B3%E3%83%89%E7%AD%91%E7%B4%AB%E9%87%8E%E3%83%99%E3%83%AC%E3%83%83%E3%82%B5%E5%BA%97%20%E7%A6%8F%E5%B2%A1%E7%9C%8C%E7%AD%91%E7%B4%AB%E9%87%8E%E5%B8%82%E7%BE%8E%E3%81%97%E3%81%8C%E4%B8%98%E5%8D%971%E2%80%9012-1%E7%AD%91%E7%B4%AB%E9%87%8E%E3%83%99%E3%83%AC%E3%83%83%E3%82%B52%E9%9A%8E,2026-10-08,https://dcd.aikatsu.com/encore/pdf/shoplist.pdf,官方列出的設置店；未逐店確認現場稼動、台數與卡片庫存。地址定位尚未逐點核對。
タイトーステーション リバーウォーク店,日本 福岡県北九州市小倉北区室町１ー１－１ リバーウォーク北九州4階,福岡県,九州・沖繩,093-573-1881,https://www.google.com/maps/search/?api=1&query=%E3%82%BF%E3%82%A4%E3%83%88%E3%83%BC%E3%82%B9%E3%83%86%E3%83%BC%E3%82%B7%E3%83%A7%E3%83%B3%20%E3%83%AA%E3%83%90%E3%83%BC%E3%82%A6%E3%82%A9%E3%83%BC%E3%82%AF%E5%BA%97%20%E7%A6%8F%E5%B2%A1%E7%9C%8C%E5%8C%97%E4%B9%9D%E5%B7%9E%E5%B8%82%E5%B0%8F%E5%80%89%E5%8C%97%E5%8C%BA%E5%AE%A4%E7%94%BA%EF%BC%91%E3%83%BC%EF%BC%91%EF%BC%8D%EF%BC%91%20%E3%83%AA%E3%83%90%E3%83%BC%E3%82%A6%E3%82%A9%E3%83%BC%E3%82%AF%E5%8C%97%E4%B9%9D%E5%B7%9E4%E9%9A%8E,2026-10-08,https://dcd.aikatsu.com/encore/pdf/shoplist.pdf,官方列出的設置店；未逐店確認現場稼動、台數與卡片庫存。地址定位尚未逐點核對。
タイトーステーション福岡天神店,日本 福岡県福岡市中央区天神２ー６ー３５サザンクロスビル,福岡県,九州・沖繩,092-737-5500,https://www.google.com/maps/search/?api=1&query=%E3%82%BF%E3%82%A4%E3%83%88%E3%83%BC%E3%82%B9%E3%83%86%E3%83%BC%E3%82%B7%E3%83%A7%E3%83%B3%E7%A6%8F%E5%B2%A1%E5%A4%A9%E7%A5%9E%E5%BA%97%20%E7%A6%8F%E5%B2%A1%E7%9C%8C%E7%A6%8F%E5%B2%A1%E5%B8%82%E4%B8%AD%E5%A4%AE%E5%8C%BA%E5%A4%A9%E7%A5%9E%EF%BC%92%E3%83%BC%EF%BC%96%E3%83%BC%EF%BC%93%EF%BC%95%E3%82%B5%E3%82%B6%E3%83%B3%E3%82%AF%E3%83%AD%E3%82%B9%E3%83%93%E3%83%AB,2026-10-08,https://dcd.aikatsu.com/encore/pdf/shoplist.pdf,官方列出的設置店；未逐店確認現場稼動、台數與卡片庫存。地址定位尚未逐點核對。
ｎａｍｃｏゆめタウン筑紫野店,日本 福岡県筑紫野市針摺東３－３－１,福岡県,九州・沖繩,092-408-1432,https://www.google.com/maps/search/?api=1&query=%EF%BD%8E%EF%BD%81%EF%BD%8D%EF%BD%83%EF%BD%8F%E3%82%86%E3%82%81%E3%82%BF%E3%82%A6%E3%83%B3%E7%AD%91%E7%B4%AB%E9%87%8E%E5%BA%97%20%E7%A6%8F%E5%B2%A1%E7%9C%8C%E7%AD%91%E7%B4%AB%E9%87%8E%E5%B8%82%E9%87%9D%E6%91%BA%E6%9D%B1%EF%BC%93%EF%BC%8D%EF%BC%93%EF%BC%8D%EF%BC%91,2026-10-08,https://dcd.aikatsu.com/encore/pdf/shoplist.pdf,官方列出的設置店；未逐店確認現場稼動、台數與卡片庫存。地址定位尚未逐點核對。
ｎａｍｃｏマークイズ福岡ももち店,日本 福岡県福岡市中央区地行浜２－２－１ マークイズ福岡ももち店４Ｆ,福岡県,九州・沖繩,092-834-3276,https://www.google.com/maps/search/?api=1&query=%EF%BD%8E%EF%BD%81%EF%BD%8D%EF%BD%83%EF%BD%8F%E3%83%9E%E3%83%BC%E3%82%AF%E3%82%A4%E3%82%BA%E7%A6%8F%E5%B2%A1%E3%82%82%E3%82%82%E3%81%A1%E5%BA%97%20%E7%A6%8F%E5%B2%A1%E7%9C%8C%E7%A6%8F%E5%B2%A1%E5%B8%82%E4%B8%AD%E5%A4%AE%E5%8C%BA%E5%9C%B0%E8%A1%8C%E6%B5%9C%EF%BC%92%EF%BC%8D%EF%BC%92%EF%BC%8D%EF%BC%91%20%E3%83%9E%E3%83%BC%E3%82%AF%E3%82%A4%E3%82%BA%E7%A6%8F%E5%B2%A1%E3%82%82%E3%82%82%E3%81%A1%E5%BA%97%EF%BC%94%EF%BC%A6,2026-10-08,https://dcd.aikatsu.com/encore/pdf/shoplist.pdf,官方列出的設置店；未逐店確認現場稼動、台數與卡片庫存。地址定位尚未逐點核對。
バンダイナムコＣｒｏｓｓ Ｓｔｏｒｅ博多,日本 福岡県福岡市博多区住吉１丁目２－７４ キャナルシティ博多 ＯＰＡ内サウスビルＢ１Ｆ,福岡県,九州・沖繩,0570-076562,https://www.google.com/maps/search/?api=1&query=%E3%83%90%E3%83%B3%E3%83%80%E3%82%A4%E3%83%8A%E3%83%A0%E3%82%B3%EF%BC%A3%EF%BD%92%EF%BD%8F%EF%BD%93%EF%BD%93%20%EF%BC%B3%EF%BD%94%EF%BD%8F%EF%BD%92%EF%BD%85%E5%8D%9A%E5%A4%9A%20%E7%A6%8F%E5%B2%A1%E7%9C%8C%E7%A6%8F%E5%B2%A1%E5%B8%82%E5%8D%9A%E5%A4%9A%E5%8C%BA%E4%BD%8F%E5%90%89%EF%BC%91%E4%B8%81%E7%9B%AE%EF%BC%92%EF%BC%8D%EF%BC%97%EF%BC%94%20%E3%82%AD%E3%83%A3%E3%83%8A%E3%83%AB%E3%82%B7%E3%83%86%E3%82%A3%E5%8D%9A%E5%A4%9A%20%EF%BC%AF%EF%BC%B0%EF%BC%A1%E5%86%85%E3%82%B5%E3%82%A6%E3%82%B9%E3%83%93%E3%83%AB%EF%BC%A2%EF%BC%91%EF%BC%A6,2026-10-08,https://dcd.aikatsu.com/encore/pdf/shoplist.pdf,官方列出的設置店；未逐店確認現場稼動、台數與卡片庫存。地址定位尚未逐點核對。
ｎａｍｃｏゆめモール柳川店,日本 福岡県柳川市三橋町蒲船津１４０８番地６ ゆめモール柳川内,福岡県,九州・沖繩,0944-85-8602,https://www.google.com/maps/search/?api=1&query=%EF%BD%8E%EF%BD%81%EF%BD%8D%EF%BD%83%EF%BD%8F%E3%82%86%E3%82%81%E3%83%A2%E3%83%BC%E3%83%AB%E6%9F%B3%E5%B7%9D%E5%BA%97%20%E7%A6%8F%E5%B2%A1%E7%9C%8C%E6%9F%B3%E5%B7%9D%E5%B8%82%E4%B8%89%E6%A9%8B%E7%94%BA%E8%92%B2%E8%88%B9%E6%B4%A5%EF%BC%91%EF%BC%94%EF%BC%90%EF%BC%98%E7%95%AA%E5%9C%B0%EF%BC%96%20%E3%82%86%E3%82%81%E3%83%A2%E3%83%BC%E3%83%AB%E6%9F%B3%E5%B7%9D%E5%86%85,2026-10-08,https://dcd.aikatsu.com/encore/pdf/shoplist.pdf,官方列出的設置店；未逐店確認現場稼動、台數與卡片庫存。地址定位尚未逐點核對。
ｎａｍｃｏゆめタウン久留米店,日本 福岡県久留米市新合川１丁目２番１号 ゆめタウン久留米２階,福岡県,九州・沖繩,0942-45-7316,https://www.google.com/maps/search/?api=1&query=%EF%BD%8E%EF%BD%81%EF%BD%8D%EF%BD%83%EF%BD%8F%E3%82%86%E3%82%81%E3%82%BF%E3%82%A6%E3%83%B3%E4%B9%85%E7%95%99%E7%B1%B3%E5%BA%97%20%E7%A6%8F%E5%B2%A1%E7%9C%8C%E4%B9%85%E7%95%99%E7%B1%B3%E5%B8%82%E6%96%B0%E5%90%88%E5%B7%9D%EF%BC%91%E4%B8%81%E7%9B%AE%EF%BC%92%E7%95%AA%EF%BC%91%E5%8F%B7%20%E3%82%86%E3%82%81%E3%82%BF%E3%82%A6%E3%83%B3%E4%B9%85%E7%95%99%E7%B1%B3%EF%BC%92%E9%9A%8E,2026-10-08,https://dcd.aikatsu.com/encore/pdf/shoplist.pdf,官方列出的設置店；未逐店確認現場稼動、台數與卡片庫存。地址定位尚未逐點核對。
ｎａｍｃｏららぽーと福岡店,日本 福岡県福岡市博多区那珂６丁目２３－１ ４階４３０２０,福岡県,九州・沖繩,092-558-4093,https://www.google.com/maps/search/?api=1&query=%EF%BD%8E%EF%BD%81%EF%BD%8D%EF%BD%83%EF%BD%8F%E3%82%89%E3%82%89%E3%81%BD%E3%83%BC%E3%81%A8%E7%A6%8F%E5%B2%A1%E5%BA%97%20%E7%A6%8F%E5%B2%A1%E7%9C%8C%E7%A6%8F%E5%B2%A1%E5%B8%82%E5%8D%9A%E5%A4%9A%E5%8C%BA%E9%82%A3%E7%8F%82%EF%BC%96%E4%B8%81%E7%9B%AE%EF%BC%92%EF%BC%93%EF%BC%8D%EF%BC%91%20%EF%BC%94%E9%9A%8E%EF%BC%94%EF%BC%93%EF%BC%90%EF%BC%92%EF%BC%90,2026-10-08,https://dcd.aikatsu.com/encore/pdf/shoplist.pdf,官方列出的設置店；未逐店確認現場稼動、台數與卡片庫存。地址定位尚未逐點核對。
ｎａｍｃｏ博多バスターミナル店,日本 福岡県福岡市博多区博多駅中央街２－１ 博多バスターミナル７Ｆ,福岡県,九州・沖繩,0570-087638,https://www.google.com/maps/search/?api=1&query=%EF%BD%8E%EF%BD%81%EF%BD%8D%EF%BD%83%EF%BD%8F%E5%8D%9A%E5%A4%9A%E3%83%90%E3%82%B9%E3%82%BF%E3%83%BC%E3%83%9F%E3%83%8A%E3%83%AB%E5%BA%97%20%E7%A6%8F%E5%B2%A1%E7%9C%8C%E7%A6%8F%E5%B2%A1%E5%B8%82%E5%8D%9A%E5%A4%9A%E5%8C%BA%E5%8D%9A%E5%A4%9A%E9%A7%85%E4%B8%AD%E5%A4%AE%E8%A1%97%EF%BC%92%EF%BC%8D%EF%BC%91%20%E5%8D%9A%E5%A4%9A%E3%83%90%E3%82%B9%E3%82%BF%E3%83%BC%E3%83%9F%E3%83%8A%E3%83%AB%EF%BC%97%EF%BC%A6,2026-10-08,https://dcd.aikatsu.com/encore/pdf/shoplist.pdf,官方列出的設置店；未逐店確認現場稼動、台數與卡片庫存。地址定位尚未逐點核對。
ｎａｍｃｏサニーサイドモール小倉店,日本 福岡県北九州市小倉南区下曽根新町１０－１ サニーサイドモール小倉２Ｆ,福岡県,九州・沖繩,093-967-2078,https://www.google.com/maps/search/?api=1&query=%EF%BD%8E%EF%BD%81%EF%BD%8D%EF%BD%83%EF%BD%8F%E3%82%B5%E3%83%8B%E3%83%BC%E3%82%B5%E3%82%A4%E3%83%89%E3%83%A2%E3%83%BC%E3%83%AB%E5%B0%8F%E5%80%89%E5%BA%97%20%E7%A6%8F%E5%B2%A1%E7%9C%8C%E5%8C%97%E4%B9%9D%E5%B7%9E%E5%B8%82%E5%B0%8F%E5%80%89%E5%8D%97%E5%8C%BA%E4%B8%8B%E6%9B%BD%E6%A0%B9%E6%96%B0%E7%94%BA%EF%BC%91%EF%BC%90%EF%BC%8D%EF%BC%91%20%E3%82%B5%E3%83%8B%E3%83%BC%E3%82%B5%E3%82%A4%E3%83%89%E3%83%A2%E3%83%BC%E3%83%AB%E5%B0%8F%E5%80%89%EF%BC%92%EF%BC%A6,2026-10-08,https://dcd.aikatsu.com/encore/pdf/shoplist.pdf,官方列出的設置店；未逐店確認現場稼動、台數與卡片庫存。地址定位尚未逐點核對。
ゆめタウン八女店,日本 福岡県八女市大字蒲原９８８－２８,福岡県,九州・沖繩,0943-25-6331,https://www.google.com/maps/search/?api=1&query=%E3%82%86%E3%82%81%E3%82%BF%E3%82%A6%E3%83%B3%E5%85%AB%E5%A5%B3%E5%BA%97%20%E7%A6%8F%E5%B2%A1%E7%9C%8C%E5%85%AB%E5%A5%B3%E5%B8%82%E5%A4%A7%E5%AD%97%E8%92%B2%E5%8E%9F%EF%BC%99%EF%BC%98%EF%BC%98%EF%BC%8D%EF%BC%92%EF%BC%98,2026-10-08,https://dcd.aikatsu.com/encore/pdf/shoplist.pdf,官方列出的設置店；未逐店確認現場稼動、台數與卡片庫存。地址定位尚未逐點核對。
アソビクル福岡新宮店,日本 福岡県糟屋郡新宮町三代999-1,福岡県,九州・沖繩,092-410-6997,https://www.google.com/maps/search/?api=1&query=%E3%82%A2%E3%82%BD%E3%83%93%E3%82%AF%E3%83%AB%E7%A6%8F%E5%B2%A1%E6%96%B0%E5%AE%AE%E5%BA%97%20%E7%A6%8F%E5%B2%A1%E7%9C%8C%E7%B3%9F%E5%B1%8B%E9%83%A1%E6%96%B0%E5%AE%AE%E7%94%BA%E4%B8%89%E4%BB%A3999-1,2026-10-08,https://dcd.aikatsu.com/encore/pdf/shoplist.pdf,官方列出的設置店；未逐店確認現場稼動、台數與卡片庫存。地址定位尚未逐點核對。
ラウンドワン福岡天神,日本 福岡県福岡市中央区天神2-6-12,福岡県,九州・沖繩,092-720-8101,https://www.google.com/maps/search/?api=1&query=%E3%83%A9%E3%82%A6%E3%83%B3%E3%83%89%E3%83%AF%E3%83%B3%E7%A6%8F%E5%B2%A1%E5%A4%A9%E7%A5%9E%20%E7%A6%8F%E5%B2%A1%E7%9C%8C%E7%A6%8F%E5%B2%A1%E5%B8%82%E4%B8%AD%E5%A4%AE%E5%8C%BA%E5%A4%A9%E7%A5%9E2-6-12,2026-10-08,https://dcd.aikatsu.com/encore/pdf/shoplist.pdf,官方列出的設置店；未逐店確認現場稼動、台數與卡片庫存。地址定位尚未逐點核對。
ラウンドワンスタジアム博多・半道橋,日本 福岡県福岡市博多区半道橋2-2-8,福岡県,九州・沖繩,092-475-6611,https://www.google.com/maps/search/?api=1&query=%E3%83%A9%E3%82%A6%E3%83%B3%E3%83%89%E3%83%AF%E3%83%B3%E3%82%B9%E3%82%BF%E3%82%B8%E3%82%A2%E3%83%A0%E5%8D%9A%E5%A4%9A%E3%83%BB%E5%8D%8A%E9%81%93%E6%A9%8B%20%E7%A6%8F%E5%B2%A1%E7%9C%8C%E7%A6%8F%E5%B2%A1%E5%B8%82%E5%8D%9A%E5%A4%9A%E5%8C%BA%E5%8D%8A%E9%81%93%E6%A9%8B2-2-8,2026-10-08,https://dcd.aikatsu.com/encore/pdf/shoplist.pdf,官方列出的設置店；未逐店確認現場稼動、台數與卡片庫存。地址定位尚未逐點核對。
ふぇすたらんど苅田店,日本 福岡県京都郡苅田町殿川町１－７サンリブエル苅田１階,福岡県,九州・沖繩,093-435-3801,https://www.google.com/maps/search/?api=1&query=%E3%81%B5%E3%81%87%E3%81%99%E3%81%9F%E3%82%89%E3%82%93%E3%81%A9%E8%8B%85%E7%94%B0%E5%BA%97%20%E7%A6%8F%E5%B2%A1%E7%9C%8C%E4%BA%AC%E9%83%BD%E9%83%A1%E8%8B%85%E7%94%B0%E7%94%BA%E6%AE%BF%E5%B7%9D%E7%94%BA%EF%BC%91%EF%BC%8D%EF%BC%97%E3%82%B5%E3%83%B3%E3%83%AA%E3%83%96%E3%82%A8%E3%83%AB%E8%8B%85%E7%94%B0%EF%BC%91%E9%9A%8E,2026-10-08,https://dcd.aikatsu.com/encore/pdf/shoplist.pdf,官方列出的設置店；未逐店確認現場稼動、台數與卡片庫存。地址定位尚未逐點核對。
ふぇすたらんど久留米店,日本 福岡県久留米市野中町１４１１ サンリブ久留米２Ｆゲームコーナー,福岡県,九州・沖繩,0942-46-8385,https://www.google.com/maps/search/?api=1&query=%E3%81%B5%E3%81%87%E3%81%99%E3%81%9F%E3%82%89%E3%82%93%E3%81%A9%E4%B9%85%E7%95%99%E7%B1%B3%E5%BA%97%20%E7%A6%8F%E5%B2%A1%E7%9C%8C%E4%B9%85%E7%95%99%E7%B1%B3%E5%B8%82%E9%87%8E%E4%B8%AD%E7%94%BA%EF%BC%91%EF%BC%94%EF%BC%91%EF%BC%91%20%E3%82%B5%E3%83%B3%E3%83%AA%E3%83%96%E4%B9%85%E7%95%99%E7%B1%B3%EF%BC%92%EF%BC%A6%E3%82%B2%E3%83%BC%E3%83%A0%E3%82%B3%E3%83%BC%E3%83%8A%E3%83%BC,2026-10-08,https://dcd.aikatsu.com/encore/pdf/shoplist.pdf,官方列出的設置店；未逐店確認現場稼動、台數與卡片庫存。地址定位尚未逐點核對。
楽市楽座サンリブシティ小倉店,日本 福岡県北九州市小倉南区上葛原２－１４－１サンリブシティ小倉,福岡県,九州・沖繩,093-951-0511,https://www.google.com/maps/search/?api=1&query=%E6%A5%BD%E5%B8%82%E6%A5%BD%E5%BA%A7%E3%82%B5%E3%83%B3%E3%83%AA%E3%83%96%E3%82%B7%E3%83%86%E3%82%A3%E5%B0%8F%E5%80%89%E5%BA%97%20%E7%A6%8F%E5%B2%A1%E7%9C%8C%E5%8C%97%E4%B9%9D%E5%B7%9E%E5%B8%82%E5%B0%8F%E5%80%89%E5%8D%97%E5%8C%BA%E4%B8%8A%E8%91%9B%E5%8E%9F%EF%BC%92%EF%BC%8D%EF%BC%91%EF%BC%94%EF%BC%8D%EF%BC%91%E3%82%B5%E3%83%B3%E3%83%AA%E3%83%96%E3%82%B7%E3%83%86%E3%82%A3%E5%B0%8F%E5%80%89,2026-10-08,https://dcd.aikatsu.com/encore/pdf/shoplist.pdf,官方列出的設置店；未逐店確認現場稼動、台數與卡片庫存。地址定位尚未逐點核對。
楽市楽座砂津店,日本 福岡県北九州市小倉北区砂津３丁目１－１チャチャタウン小倉Ｂ棟３階,福岡県,九州・沖繩,093-531-2236,https://www.google.com/maps/search/?api=1&query=%E6%A5%BD%E5%B8%82%E6%A5%BD%E5%BA%A7%E7%A0%82%E6%B4%A5%E5%BA%97%20%E7%A6%8F%E5%B2%A1%E7%9C%8C%E5%8C%97%E4%B9%9D%E5%B7%9E%E5%B8%82%E5%B0%8F%E5%80%89%E5%8C%97%E5%8C%BA%E7%A0%82%E6%B4%A5%EF%BC%93%E4%B8%81%E7%9B%AE%EF%BC%91%EF%BC%8D%EF%BC%91%E3%83%81%E3%83%A3%E3%83%81%E3%83%A3%E3%82%BF%E3%82%A6%E3%83%B3%E5%B0%8F%E5%80%89%EF%BC%A2%E6%A3%9F%EF%BC%93%E9%9A%8E,2026-10-08,https://dcd.aikatsu.com/encore/pdf/shoplist.pdf,官方列出的設置店；未逐店確認現場稼動、台數與卡片庫存。地址定位尚未逐點核對。
楽市楽座イオンモール八幡東店,日本 福岡県北九州市八幡東区東田３－２－１０２イオン八幡東ショッピングセンター３階,福岡県,九州・沖繩,093-663-6519,https://www.google.com/maps/search/?api=1&query=%E6%A5%BD%E5%B8%82%E6%A5%BD%E5%BA%A7%E3%82%A4%E3%82%AA%E3%83%B3%E3%83%A2%E3%83%BC%E3%83%AB%E5%85%AB%E5%B9%A1%E6%9D%B1%E5%BA%97%20%E7%A6%8F%E5%B2%A1%E7%9C%8C%E5%8C%97%E4%B9%9D%E5%B7%9E%E5%B8%82%E5%85%AB%E5%B9%A1%E6%9D%B1%E5%8C%BA%E6%9D%B1%E7%94%B0%EF%BC%93%EF%BC%8D%EF%BC%92%EF%BC%8D%EF%BC%91%EF%BC%90%EF%BC%92%E3%82%A4%E3%82%AA%E3%83%B3%E5%85%AB%E5%B9%A1%E6%9D%B1%E3%82%B7%E3%83%A7%E3%83%83%E3%83%94%E3%83%B3%E3%82%B0%E3%82%BB%E3%83%B3%E3%82%BF%E3%83%BC%EF%BC%93%E9%9A%8E,2026-10-08,https://dcd.aikatsu.com/encore/pdf/shoplist.pdf,官方列出的設置店；未逐店確認現場稼動、台數與卡片庫存。地址定位尚未逐點核對。
楽市楽座イオンモール福岡店,日本 福岡県糟屋郡粕屋町大字酒殿字老ノ木192－1イオンモール福岡ルクル2階,福岡県,九州・沖繩,092-939-7233,https://www.google.com/maps/search/?api=1&query=%E6%A5%BD%E5%B8%82%E6%A5%BD%E5%BA%A7%E3%82%A4%E3%82%AA%E3%83%B3%E3%83%A2%E3%83%BC%E3%83%AB%E7%A6%8F%E5%B2%A1%E5%BA%97%20%E7%A6%8F%E5%B2%A1%E7%9C%8C%E7%B3%9F%E5%B1%8B%E9%83%A1%E7%B2%95%E5%B1%8B%E7%94%BA%E5%A4%A7%E5%AD%97%E9%85%92%E6%AE%BF%E5%AD%97%E8%80%81%E3%83%8E%E6%9C%A8192%EF%BC%8D1%E3%82%A4%E3%82%AA%E3%83%B3%E3%83%A2%E3%83%BC%E3%83%AB%E7%A6%8F%E5%B2%A1%E3%83%AB%E3%82%AF%E3%83%AB2%E9%9A%8E,2026-10-08,https://dcd.aikatsu.com/encore/pdf/shoplist.pdf,官方列出的設置店；未逐店確認現場稼動、台數與卡片庫存。地址定位尚未逐點核對。
楽市楽座イオンモール福津店,日本 福岡県福津市７９３イオンモール福津３階,福岡県,九州・沖繩,094-038-5131,https://www.google.com/maps/search/?api=1&query=%E6%A5%BD%E5%B8%82%E6%A5%BD%E5%BA%A7%E3%82%A4%E3%82%AA%E3%83%B3%E3%83%A2%E3%83%BC%E3%83%AB%E7%A6%8F%E6%B4%A5%E5%BA%97%20%E7%A6%8F%E5%B2%A1%E7%9C%8C%E7%A6%8F%E6%B4%A5%E5%B8%82%EF%BC%97%EF%BC%99%EF%BC%93%E3%82%A4%E3%82%AA%E3%83%B3%E3%83%A2%E3%83%BC%E3%83%AB%E7%A6%8F%E6%B4%A5%EF%BC%93%E9%9A%8E,2026-10-08,https://dcd.aikatsu.com/encore/pdf/shoplist.pdf,官方列出的設置店；未逐店確認現場稼動、台數與卡片庫存。地址定位尚未逐點核對。
スペースタイム２５宗像店,日本 福岡県宗像市くりえいと１丁目５番１号サンリブ宗像２階,福岡県,九州・沖繩,0940-35-6868,https://www.google.com/maps/search/?api=1&query=%E3%82%B9%E3%83%9A%E3%83%BC%E3%82%B9%E3%82%BF%E3%82%A4%E3%83%A0%EF%BC%92%EF%BC%95%E5%AE%97%E5%83%8F%E5%BA%97%20%E7%A6%8F%E5%B2%A1%E7%9C%8C%E5%AE%97%E5%83%8F%E5%B8%82%E3%81%8F%E3%82%8A%E3%81%88%E3%81%84%E3%81%A8%EF%BC%91%E4%B8%81%E7%9B%AE%EF%BC%95%E7%95%AA%EF%BC%91%E5%8F%B7%E3%82%B5%E3%83%B3%E3%83%AA%E3%83%96%E5%AE%97%E5%83%8F%EF%BC%92%E9%9A%8E,2026-10-08,https://dcd.aikatsu.com/encore/pdf/shoplist.pdf,官方列出的設置店；未逐店確認現場稼動、台數與卡片庫存。地址定位尚未逐點核對。
楽市楽座イオンモール筑紫野店,日本 福岡県筑紫野市立明寺４３４－１－３３７イオンモール筑紫野,福岡県,九州・沖繩,092-929-6220,https://www.google.com/maps/search/?api=1&query=%E6%A5%BD%E5%B8%82%E6%A5%BD%E5%BA%A7%E3%82%A4%E3%82%AA%E3%83%B3%E3%83%A2%E3%83%BC%E3%83%AB%E7%AD%91%E7%B4%AB%E9%87%8E%E5%BA%97%20%E7%A6%8F%E5%B2%A1%E7%9C%8C%E7%AD%91%E7%B4%AB%E9%87%8E%E5%B8%82%E7%AB%8B%E6%98%8E%E5%AF%BA%EF%BC%94%EF%BC%93%EF%BC%94%EF%BC%8D%EF%BC%91%EF%BC%8D%EF%BC%93%EF%BC%93%EF%BC%97%E3%82%A4%E3%82%AA%E3%83%B3%E3%83%A2%E3%83%BC%E3%83%AB%E7%AD%91%E7%B4%AB%E9%87%8E,2026-10-08,https://dcd.aikatsu.com/encore/pdf/shoplist.pdf,官方列出的設置店；未逐店確認現場稼動、台數與卡片庫存。地址定位尚未逐點核對。
楽市楽座イオン穂波店,日本 福岡県飯塚市枝国長浦６６６－４８イオン穂波２階,福岡県,九州・沖繩,0948-25-8726,https://www.google.com/maps/search/?api=1&query=%E6%A5%BD%E5%B8%82%E6%A5%BD%E5%BA%A7%E3%82%A4%E3%82%AA%E3%83%B3%E7%A9%82%E6%B3%A2%E5%BA%97%20%E7%A6%8F%E5%B2%A1%E7%9C%8C%E9%A3%AF%E5%A1%9A%E5%B8%82%E6%9E%9D%E5%9B%BD%E9%95%B7%E6%B5%A6%EF%BC%96%EF%BC%96%EF%BC%96%EF%BC%8D%EF%BC%94%EF%BC%98%E3%82%A4%E3%82%AA%E3%83%B3%E7%A9%82%E6%B3%A2%EF%BC%92%E9%9A%8E,2026-10-08,https://dcd.aikatsu.com/encore/pdf/shoplist.pdf,官方列出的設置店；未逐店確認現場稼動、台數與卡片庫存。地址定位尚未逐點核對。
楽市楽座210トリアス店,日本 福岡県糟屋郡久山町山田９９０楽市楽座２１０トリアス,福岡県,九州・沖繩,092-976-3421,https://www.google.com/maps/search/?api=1&query=%E6%A5%BD%E5%B8%82%E6%A5%BD%E5%BA%A7210%E3%83%88%E3%83%AA%E3%82%A2%E3%82%B9%E5%BA%97%20%E7%A6%8F%E5%B2%A1%E7%9C%8C%E7%B3%9F%E5%B1%8B%E9%83%A1%E4%B9%85%E5%B1%B1%E7%94%BA%E5%B1%B1%E7%94%B0%EF%BC%99%EF%BC%99%EF%BC%90%E6%A5%BD%E5%B8%82%E6%A5%BD%E5%BA%A7%EF%BC%92%EF%BC%91%EF%BC%90%E3%83%88%E3%83%AA%E3%82%A2%E3%82%B9,2026-10-08,https://dcd.aikatsu.com/encore/pdf/shoplist.pdf,官方列出的設置店；未逐店確認現場稼動、台數與卡片庫存。地址定位尚未逐點核對。
楽市街道箱崎店2階,日本 福岡県福岡市東区箱崎5丁目1番8号楽市街道箱崎店内2階,福岡県,九州・沖繩,092-642-0760,https://www.google.com/maps/search/?api=1&query=%E6%A5%BD%E5%B8%82%E8%A1%97%E9%81%93%E7%AE%B1%E5%B4%8E%E5%BA%972%E9%9A%8E%20%E7%A6%8F%E5%B2%A1%E7%9C%8C%E7%A6%8F%E5%B2%A1%E5%B8%82%E6%9D%B1%E5%8C%BA%E7%AE%B1%E5%B4%8E5%E4%B8%81%E7%9B%AE1%E7%95%AA8%E5%8F%B7%E6%A5%BD%E5%B8%82%E8%A1%97%E9%81%93%E7%AE%B1%E5%B4%8E%E5%BA%97%E5%86%852%E9%9A%8E,2026-10-08,https://dcd.aikatsu.com/encore/pdf/shoplist.pdf,官方列出的設置店；未逐店確認現場稼動、台數與卡片庫存。地址定位尚未逐點核對。
楽市街道くるめ店,日本 福岡県久留米市新合川２－７－１０楽市街道くるめ１階,福岡県,九州・沖繩,0942-41-1450,https://www.google.com/maps/search/?api=1&query=%E6%A5%BD%E5%B8%82%E8%A1%97%E9%81%93%E3%81%8F%E3%82%8B%E3%82%81%E5%BA%97%20%E7%A6%8F%E5%B2%A1%E7%9C%8C%E4%B9%85%E7%95%99%E7%B1%B3%E5%B8%82%E6%96%B0%E5%90%88%E5%B7%9D%EF%BC%92%EF%BC%8D%EF%BC%97%EF%BC%8D%EF%BC%91%EF%BC%90%E6%A5%BD%E5%B8%82%E8%A1%97%E9%81%93%E3%81%8F%E3%82%8B%E3%82%81%EF%BC%91%E9%9A%8E,2026-10-08,https://dcd.aikatsu.com/encore/pdf/shoplist.pdf,官方列出的設置店；未逐店確認現場稼動、台數與卡片庫存。地址定位尚未逐點核對。
モーリーファンタジー唐津店,日本 佐賀県唐津市鏡字立神4671 イオン唐津店2階,佐賀県,九州・沖繩,070-3100-3699,https://www.google.com/maps/search/?api=1&query=%E3%83%A2%E3%83%BC%E3%83%AA%E3%83%BC%E3%83%95%E3%82%A1%E3%83%B3%E3%82%BF%E3%82%B8%E3%83%BC%E5%94%90%E6%B4%A5%E5%BA%97%20%E4%BD%90%E8%B3%80%E7%9C%8C%E5%94%90%E6%B4%A5%E5%B8%82%E9%8F%A1%E5%AD%97%E7%AB%8B%E7%A5%9E4671%20%E3%82%A4%E3%82%AA%E3%83%B3%E5%94%90%E6%B4%A5%E5%BA%972%E9%9A%8E,2026-10-08,https://dcd.aikatsu.com/encore/pdf/shoplist.pdf,官方列出的設置店；未逐店確認現場稼動、台數與卡片庫存。地址定位尚未逐點核對。
モーリーファンタジー佐賀大和店,日本 佐賀県佐賀市大和町大字尼寺3535番地 イオン佐賀大和店2階,佐賀県,九州・沖繩,070-3100-3639,https://www.google.com/maps/search/?api=1&query=%E3%83%A2%E3%83%BC%E3%83%AA%E3%83%BC%E3%83%95%E3%82%A1%E3%83%B3%E3%82%BF%E3%82%B8%E3%83%BC%E4%BD%90%E8%B3%80%E5%A4%A7%E5%92%8C%E5%BA%97%20%E4%BD%90%E8%B3%80%E7%9C%8C%E4%BD%90%E8%B3%80%E5%B8%82%E5%A4%A7%E5%92%8C%E7%94%BA%E5%A4%A7%E5%AD%97%E5%B0%BC%E5%AF%BA3535%E7%95%AA%E5%9C%B0%20%E3%82%A4%E3%82%AA%E3%83%B3%E4%BD%90%E8%B3%80%E5%A4%A7%E5%92%8C%E5%BA%972%E9%9A%8E,2026-10-08,https://dcd.aikatsu.com/encore/pdf/shoplist.pdf,官方列出的設置店；未逐店確認現場稼動、台數與卡片庫存。地址定位尚未逐點核對。
モーリーファンタジー佐賀店,日本 佐賀県佐賀市東与賀町大字下古賀字一本杉87番地1 イオンスーパーセンター佐賀店１階,佐賀県,九州・沖繩,070-3100-7322,https://www.google.com/maps/search/?api=1&query=%E3%83%A2%E3%83%BC%E3%83%AA%E3%83%BC%E3%83%95%E3%82%A1%E3%83%B3%E3%82%BF%E3%82%B8%E3%83%BC%E4%BD%90%E8%B3%80%E5%BA%97%20%E4%BD%90%E8%B3%80%E7%9C%8C%E4%BD%90%E8%B3%80%E5%B8%82%E6%9D%B1%E4%B8%8E%E8%B3%80%E7%94%BA%E5%A4%A7%E5%AD%97%E4%B8%8B%E5%8F%A4%E8%B3%80%E5%AD%97%E4%B8%80%E6%9C%AC%E6%9D%8987%E7%95%AA%E5%9C%B01%20%E3%82%A4%E3%82%AA%E3%83%B3%E3%82%B9%E3%83%BC%E3%83%91%E3%83%BC%E3%82%BB%E3%83%B3%E3%82%BF%E3%83%BC%E4%BD%90%E8%B3%80%E5%BA%97%EF%BC%91%E9%9A%8E,2026-10-08,https://dcd.aikatsu.com/encore/pdf/shoplist.pdf,官方列出的設置店；未逐店確認現場稼動、台數與卡片庫存。地址定位尚未逐點核對。
パスカランド鳥栖,日本 佐賀県鳥栖市本鳥栖町５３９ フレスポ鳥栖２F,佐賀県,九州・沖繩,0942-85-7441,https://www.google.com/maps/search/?api=1&query=%E3%83%91%E3%82%B9%E3%82%AB%E3%83%A9%E3%83%B3%E3%83%89%E9%B3%A5%E6%A0%96%20%E4%BD%90%E8%B3%80%E7%9C%8C%E9%B3%A5%E6%A0%96%E5%B8%82%E6%9C%AC%E9%B3%A5%E6%A0%96%E7%94%BA%EF%BC%95%EF%BC%93%EF%BC%99%20%E3%83%95%E3%83%AC%E3%82%B9%E3%83%9D%E9%B3%A5%E6%A0%96%EF%BC%92F,2026-10-08,https://dcd.aikatsu.com/encore/pdf/shoplist.pdf,官方列出的設置店；未逐店確認現場稼動、台數與卡片庫存。地址定位尚未逐點核對。
ソニックワールド伊万里店,日本 佐賀県伊万里市二里町八谷搦１８９番地３ソニックワールド伊万里,佐賀県,九州・沖繩,0955-22-1104,https://www.google.com/maps/search/?api=1&query=%E3%82%BD%E3%83%8B%E3%83%83%E3%82%AF%E3%83%AF%E3%83%BC%E3%83%AB%E3%83%89%E4%BC%8A%E4%B8%87%E9%87%8C%E5%BA%97%20%E4%BD%90%E8%B3%80%E7%9C%8C%E4%BC%8A%E4%B8%87%E9%87%8C%E5%B8%82%E4%BA%8C%E9%87%8C%E7%94%BA%E5%85%AB%E8%B0%B7%E6%90%A6%EF%BC%91%EF%BC%98%EF%BC%99%E7%95%AA%E5%9C%B0%EF%BC%93%E3%82%BD%E3%83%8B%E3%83%83%E3%82%AF%E3%83%AF%E3%83%BC%E3%83%AB%E3%83%89%E4%BC%8A%E4%B8%87%E9%87%8C,2026-10-08,https://dcd.aikatsu.com/encore/pdf/shoplist.pdf,官方列出的設置店；未逐店確認現場稼動、台數與卡片庫存。地址定位尚未逐點核對。
タイトーFステーションモラージュ佐賀店,日本 佐賀県佐賀市巨勢町牛島730モラージュ佐賀2F,佐賀県,九州・沖繩,0952-97-9339,https://www.google.com/maps/search/?api=1&query=%E3%82%BF%E3%82%A4%E3%83%88%E3%83%BCF%E3%82%B9%E3%83%86%E3%83%BC%E3%82%B7%E3%83%A7%E3%83%B3%E3%83%A2%E3%83%A9%E3%83%BC%E3%82%B8%E3%83%A5%E4%BD%90%E8%B3%80%E5%BA%97%20%E4%BD%90%E8%B3%80%E7%9C%8C%E4%BD%90%E8%B3%80%E5%B8%82%E5%B7%A8%E5%8B%A2%E7%94%BA%E7%89%9B%E5%B3%B6730%E3%83%A2%E3%83%A9%E3%83%BC%E3%82%B8%E3%83%A5%E4%BD%90%E8%B3%802F,2026-10-08,https://dcd.aikatsu.com/encore/pdf/shoplist.pdf,官方列出的設置店；未逐店確認現場稼動、台數與卡片庫存。地址定位尚未逐點核對。
ｎａｍｃｏゆめタウン佐賀店,日本 佐賀県佐賀市兵庫北５－１４－１ ゆめタウン佐賀店２Ｆ,佐賀県,九州・沖繩,0952-36-8225,https://www.google.com/maps/search/?api=1&query=%EF%BD%8E%EF%BD%81%EF%BD%8D%EF%BD%83%EF%BD%8F%E3%82%86%E3%82%81%E3%82%BF%E3%82%A6%E3%83%B3%E4%BD%90%E8%B3%80%E5%BA%97%20%E4%BD%90%E8%B3%80%E7%9C%8C%E4%BD%90%E8%B3%80%E5%B8%82%E5%85%B5%E5%BA%AB%E5%8C%97%EF%BC%95%EF%BC%8D%EF%BC%91%EF%BC%94%EF%BC%8D%EF%BC%91%20%E3%82%86%E3%82%81%E3%82%BF%E3%82%A6%E3%83%B3%E4%BD%90%E8%B3%80%E5%BA%97%EF%BC%92%EF%BC%A6,2026-10-08,https://dcd.aikatsu.com/encore/pdf/shoplist.pdf,官方列出的設置店；未逐店確認現場稼動、台數與卡片庫存。地址定位尚未逐點核對。
モーリーファンタジー大村店,日本 長崎県大村市幸町25-200 イオン大村店2階,長崎県,九州・沖繩,070-3100-3835,https://www.google.com/maps/search/?api=1&query=%E3%83%A2%E3%83%BC%E3%83%AA%E3%83%BC%E3%83%95%E3%82%A1%E3%83%B3%E3%82%BF%E3%82%B8%E3%83%BC%E5%A4%A7%E6%9D%91%E5%BA%97%20%E9%95%B7%E5%B4%8E%E7%9C%8C%E5%A4%A7%E6%9D%91%E5%B8%82%E5%B9%B8%E7%94%BA25-200%20%E3%82%A4%E3%82%AA%E3%83%B3%E5%A4%A7%E6%9D%91%E5%BA%972%E9%9A%8E,2026-10-08,https://dcd.aikatsu.com/encore/pdf/shoplist.pdf,官方列出的設置店；未逐店確認現場稼動、台數與卡片庫存。地址定位尚未逐點核對。
モーリーファンタジー東長崎店,日本 長崎県長崎市田中町1027-8 イオン東長崎店2階,長崎県,九州・沖繩,070-3100-3674,https://www.google.com/maps/search/?api=1&query=%E3%83%A2%E3%83%BC%E3%83%AA%E3%83%BC%E3%83%95%E3%82%A1%E3%83%B3%E3%82%BF%E3%82%B8%E3%83%BC%E6%9D%B1%E9%95%B7%E5%B4%8E%E5%BA%97%20%E9%95%B7%E5%B4%8E%E7%9C%8C%E9%95%B7%E5%B4%8E%E5%B8%82%E7%94%B0%E4%B8%AD%E7%94%BA1027-8%20%E3%82%A4%E3%82%AA%E3%83%B3%E6%9D%B1%E9%95%B7%E5%B4%8E%E5%BA%972%E9%9A%8E,2026-10-08,https://dcd.aikatsu.com/encore/pdf/shoplist.pdf,官方列出的設置店；未逐店確認現場稼動、台數與卡片庫存。地址定位尚未逐點核對。
モーリーファンタジー有家店,日本 長崎県南島原市有家町山川135-1 イオン有家店1階,長崎県,九州・沖繩,070-3100-3687,https://www.google.com/maps/search/?api=1&query=%E3%83%A2%E3%83%BC%E3%83%AA%E3%83%BC%E3%83%95%E3%82%A1%E3%83%B3%E3%82%BF%E3%82%B8%E3%83%BC%E6%9C%89%E5%AE%B6%E5%BA%97%20%E9%95%B7%E5%B4%8E%E7%9C%8C%E5%8D%97%E5%B3%B6%E5%8E%9F%E5%B8%82%E6%9C%89%E5%AE%B6%E7%94%BA%E5%B1%B1%E5%B7%9D135-1%20%E3%82%A4%E3%82%AA%E3%83%B3%E6%9C%89%E5%AE%B6%E5%BA%971%E9%9A%8E,2026-10-08,https://dcd.aikatsu.com/encore/pdf/shoplist.pdf,官方列出的設置店；未逐店確認現場稼動、台數與卡片庫存。地址定位尚未逐點核對。
モーリーファンタジー大塔店,日本 長崎県佐世保市大塔町14-2 イオン大塔店3階,長崎県,九州・沖繩,070-3100-3680,https://www.google.com/maps/search/?api=1&query=%E3%83%A2%E3%83%BC%E3%83%AA%E3%83%BC%E3%83%95%E3%82%A1%E3%83%B3%E3%82%BF%E3%82%B8%E3%83%BC%E5%A4%A7%E5%A1%94%E5%BA%97%20%E9%95%B7%E5%B4%8E%E7%9C%8C%E4%BD%90%E4%B8%96%E4%BF%9D%E5%B8%82%E5%A4%A7%E5%A1%94%E7%94%BA14-2%20%E3%82%A4%E3%82%AA%E3%83%B3%E5%A4%A7%E5%A1%94%E5%BA%973%E9%9A%8E,2026-10-08,https://dcd.aikatsu.com/encore/pdf/shoplist.pdf,官方列出的設置店；未逐店確認現場稼動、台數與卡片庫存。地址定位尚未逐點核對。
モーリーファンタジー時津店,日本 長崎県西彼杵郡時津町浜田郷751-5 イオン時津店2階,長崎県,九州・沖繩,070-3100-3971,https://www.google.com/maps/search/?api=1&query=%E3%83%A2%E3%83%BC%E3%83%AA%E3%83%BC%E3%83%95%E3%82%A1%E3%83%B3%E3%82%BF%E3%82%B8%E3%83%BC%E6%99%82%E6%B4%A5%E5%BA%97%20%E9%95%B7%E5%B4%8E%E7%9C%8C%E8%A5%BF%E5%BD%BC%E6%9D%B5%E9%83%A1%E6%99%82%E6%B4%A5%E7%94%BA%E6%B5%9C%E7%94%B0%E9%83%B7751-5%20%E3%82%A4%E3%82%AA%E3%83%B3%E6%99%82%E6%B4%A5%E5%BA%972%E9%9A%8E,2026-10-08,https://dcd.aikatsu.com/encore/pdf/shoplist.pdf,官方列出的設置店；未逐店確認現場稼動、台數與卡片庫存。地址定位尚未逐點核對。
モーリーファンタジー壱岐店,日本 長崎県壱岐市芦辺町箱崎中山触字干拓2604-2 イオン壱岐店2階,長崎県,九州・沖繩,070-3100-5384,https://www.google.com/maps/search/?api=1&query=%E3%83%A2%E3%83%BC%E3%83%AA%E3%83%BC%E3%83%95%E3%82%A1%E3%83%B3%E3%82%BF%E3%82%B8%E3%83%BC%E5%A3%B1%E5%B2%90%E5%BA%97%20%E9%95%B7%E5%B4%8E%E7%9C%8C%E5%A3%B1%E5%B2%90%E5%B8%82%E8%8A%A6%E8%BE%BA%E7%94%BA%E7%AE%B1%E5%B4%8E%E4%B8%AD%E5%B1%B1%E8%A7%A6%E5%AD%97%E5%B9%B2%E6%8B%932604-2%20%E3%82%A4%E3%82%AA%E3%83%B3%E5%A3%B1%E5%B2%90%E5%BA%972%E9%9A%8E,2026-10-08,https://dcd.aikatsu.com/encore/pdf/shoplist.pdf,官方列出的設置店；未逐店確認現場稼動、台數與卡片庫存。地址定位尚未逐點核對。
モーリーファンタジーチトセピア店,日本 長崎県長崎市千歳町5番1号 イオンチトセピア店3階,長崎県,九州・沖繩,070-3100-5476,https://www.google.com/maps/search/?api=1&query=%E3%83%A2%E3%83%BC%E3%83%AA%E3%83%BC%E3%83%95%E3%82%A1%E3%83%B3%E3%82%BF%E3%82%B8%E3%83%BC%E3%83%81%E3%83%88%E3%82%BB%E3%83%94%E3%82%A2%E5%BA%97%20%E9%95%B7%E5%B4%8E%E7%9C%8C%E9%95%B7%E5%B4%8E%E5%B8%82%E5%8D%83%E6%AD%B3%E7%94%BA5%E7%95%AA1%E5%8F%B7%20%E3%82%A4%E3%82%AA%E3%83%B3%E3%83%81%E3%83%88%E3%82%BB%E3%83%94%E3%82%A2%E5%BA%973%E9%9A%8E,2026-10-08,https://dcd.aikatsu.com/encore/pdf/shoplist.pdf,官方列出的設置店；未逐店確認現場稼動、台數與卡片庫存。地址定位尚未逐點核對。
トイザらス・ベビーザらス佐世保,日本 長崎県佐世保市新港町２－１ させぼ五番街３Ｆ,長崎県,九州・沖繩,0956-25-5733,https://www.google.com/maps/search/?api=1&query=%E3%83%88%E3%82%A4%E3%82%B6%E3%82%89%E3%82%B9%E3%83%BB%E3%83%99%E3%83%93%E3%83%BC%E3%82%B6%E3%82%89%E3%82%B9%E4%BD%90%E4%B8%96%E4%BF%9D%20%E9%95%B7%E5%B4%8E%E7%9C%8C%E4%BD%90%E4%B8%96%E4%BF%9D%E5%B8%82%E6%96%B0%E6%B8%AF%E7%94%BA%EF%BC%92%EF%BC%8D%EF%BC%91%20%E3%81%95%E3%81%9B%E3%81%BC%E4%BA%94%E7%95%AA%E8%A1%97%EF%BC%93%EF%BC%A6,2026-10-08,https://dcd.aikatsu.com/encore/pdf/shoplist.pdf,官方列出的設置店；未逐店確認現場稼動、台數與卡片庫存。地址定位尚未逐點核對。
GiGOみらい長崎ココウォーク,日本 長崎県長崎市茂里町1-55 みらい長崎ココウォーク 5F,長崎県,九州・沖繩,070-1459-7106,https://www.google.com/maps/search/?api=1&query=GiGO%E3%81%BF%E3%82%89%E3%81%84%E9%95%B7%E5%B4%8E%E3%82%B3%E3%82%B3%E3%82%A6%E3%82%A9%E3%83%BC%E3%82%AF%20%E9%95%B7%E5%B4%8E%E7%9C%8C%E9%95%B7%E5%B4%8E%E5%B8%82%E8%8C%82%E9%87%8C%E7%94%BA1-55%20%E3%81%BF%E3%82%89%E3%81%84%E9%95%B7%E5%B4%8E%E3%82%B3%E3%82%B3%E3%82%A6%E3%82%A9%E3%83%BC%E3%82%AF%205F,2026-10-08,https://dcd.aikatsu.com/encore/pdf/shoplist.pdf,官方列出的設置店；未逐店確認現場稼動、台數與卡片庫存。地址定位尚未逐點核對。
スマイルステーション島原,日本 長崎県島原市弁天町1-7080-1イオン島原店内,長崎県,九州・沖繩,0957-61-0230,https://www.google.com/maps/search/?api=1&query=%E3%82%B9%E3%83%9E%E3%82%A4%E3%83%AB%E3%82%B9%E3%83%86%E3%83%BC%E3%82%B7%E3%83%A7%E3%83%B3%E5%B3%B6%E5%8E%9F%20%E9%95%B7%E5%B4%8E%E7%9C%8C%E5%B3%B6%E5%8E%9F%E5%B8%82%E5%BC%81%E5%A4%A9%E7%94%BA1-7080-1%E3%82%A4%E3%82%AA%E3%83%B3%E5%B3%B6%E5%8E%9F%E5%BA%97%E5%86%85,2026-10-08,https://dcd.aikatsu.com/encore/pdf/shoplist.pdf,官方列出的設置店；未逐店確認現場稼動、台數與卡片庫存。地址定位尚未逐點核對。
ｎａｍｃｏゆめタウン夢彩都店,日本 長崎県長崎市元船町１０－１ 夢彩都４Ｆ,長崎県,九州・沖繩,095-832-6315,https://www.google.com/maps/search/?api=1&query=%EF%BD%8E%EF%BD%81%EF%BD%8D%EF%BD%83%EF%BD%8F%E3%82%86%E3%82%81%E3%82%BF%E3%82%A6%E3%83%B3%E5%A4%A2%E5%BD%A9%E9%83%BD%E5%BA%97%20%E9%95%B7%E5%B4%8E%E7%9C%8C%E9%95%B7%E5%B4%8E%E5%B8%82%E5%85%83%E8%88%B9%E7%94%BA%EF%BC%91%EF%BC%90%EF%BC%8D%EF%BC%91%20%E5%A4%A2%E5%BD%A9%E9%83%BD%EF%BC%94%EF%BC%A6,2026-10-08,https://dcd.aikatsu.com/encore/pdf/shoplist.pdf,官方列出的設置店；未逐店確認現場稼動、台數與卡片庫存。地址定位尚未逐點核對。
ｎａｍｃｏアミュプラザ長崎新館店,日本 長崎県長崎市尾上町１番１号 アミュプラザ長崎新館４階９４０１,長崎県,九州・沖繩,095-893-8002,https://www.google.com/maps/search/?api=1&query=%EF%BD%8E%EF%BD%81%EF%BD%8D%EF%BD%83%EF%BD%8F%E3%82%A2%E3%83%9F%E3%83%A5%E3%83%97%E3%83%A9%E3%82%B6%E9%95%B7%E5%B4%8E%E6%96%B0%E9%A4%A8%E5%BA%97%20%E9%95%B7%E5%B4%8E%E7%9C%8C%E9%95%B7%E5%B4%8E%E5%B8%82%E5%B0%BE%E4%B8%8A%E7%94%BA%EF%BC%91%E7%95%AA%EF%BC%91%E5%8F%B7%20%E3%82%A2%E3%83%9F%E3%83%A5%E3%83%97%E3%83%A9%E3%82%B6%E9%95%B7%E5%B4%8E%E6%96%B0%E9%A4%A8%EF%BC%94%E9%9A%8E%EF%BC%99%EF%BC%94%EF%BC%90%EF%BC%91,2026-10-08,https://dcd.aikatsu.com/encore/pdf/shoplist.pdf,官方列出的設置店；未逐店確認現場稼動、台數與卡片庫存。地址定位尚未逐點核對。
楽市楽座諫早店,日本 長崎県諫早市長野町１０８６－１７楽市楽座諫早,長崎県,九州・沖繩,0957-21-0031,https://www.google.com/maps/search/?api=1&query=%E6%A5%BD%E5%B8%82%E6%A5%BD%E5%BA%A7%E8%AB%AB%E6%97%A9%E5%BA%97%20%E9%95%B7%E5%B4%8E%E7%9C%8C%E8%AB%AB%E6%97%A9%E5%B8%82%E9%95%B7%E9%87%8E%E7%94%BA%EF%BC%91%EF%BC%90%EF%BC%98%EF%BC%96%EF%BC%8D%EF%BC%91%EF%BC%97%E6%A5%BD%E5%B8%82%E6%A5%BD%E5%BA%A7%E8%AB%AB%E6%97%A9,2026-10-08,https://dcd.aikatsu.com/encore/pdf/shoplist.pdf,官方列出的設置店；未逐店確認現場稼動、台數與卡片庫存。地址定位尚未逐點核對。
楽市楽座させぼ五番街店,日本 長崎県佐世保市新港町2-7 させぼ五番街3階,長崎県,九州・沖繩,0956-37-8900,https://www.google.com/maps/search/?api=1&query=%E6%A5%BD%E5%B8%82%E6%A5%BD%E5%BA%A7%E3%81%95%E3%81%9B%E3%81%BC%E4%BA%94%E7%95%AA%E8%A1%97%E5%BA%97%20%E9%95%B7%E5%B4%8E%E7%9C%8C%E4%BD%90%E4%B8%96%E4%BF%9D%E5%B8%82%E6%96%B0%E6%B8%AF%E7%94%BA2-7%20%E3%81%95%E3%81%9B%E3%81%BC%E4%BA%94%E7%95%AA%E8%A1%973%E9%9A%8E,2026-10-08,https://dcd.aikatsu.com/encore/pdf/shoplist.pdf,官方列出的設置店；未逐店確認現場稼動、台數與卡片庫存。地址定位尚未逐點核對。
モーリーファンタジー天草店,日本 熊本県天草市亀場町食場後山下740 イオン天草店2階,熊本県,九州・沖繩,070-3100-3702,https://www.google.com/maps/search/?api=1&query=%E3%83%A2%E3%83%BC%E3%83%AA%E3%83%BC%E3%83%95%E3%82%A1%E3%83%B3%E3%82%BF%E3%82%B8%E3%83%BC%E5%A4%A9%E8%8D%89%E5%BA%97%20%E7%86%8A%E6%9C%AC%E7%9C%8C%E5%A4%A9%E8%8D%89%E5%B8%82%E4%BA%80%E5%A0%B4%E7%94%BA%E9%A3%9F%E5%A0%B4%E5%BE%8C%E5%B1%B1%E4%B8%8B740%20%E3%82%A4%E3%82%AA%E3%83%B3%E5%A4%A9%E8%8D%89%E5%BA%972%E9%9A%8E,2026-10-08,https://dcd.aikatsu.com/encore/pdf/shoplist.pdf,官方列出的設置店；未逐店確認現場稼動、台數與卡片庫存。地址定位尚未逐點核對。
モーリーファンタジー田崎店,日本 熊本県熊本市西区田崎町字下寄380番地 イオンタウン田崎1階,熊本県,九州・沖繩,070-3100-5409,https://www.google.com/maps/search/?api=1&query=%E3%83%A2%E3%83%BC%E3%83%AA%E3%83%BC%E3%83%95%E3%82%A1%E3%83%B3%E3%82%BF%E3%82%B8%E3%83%BC%E7%94%B0%E5%B4%8E%E5%BA%97%20%E7%86%8A%E6%9C%AC%E7%9C%8C%E7%86%8A%E6%9C%AC%E5%B8%82%E8%A5%BF%E5%8C%BA%E7%94%B0%E5%B4%8E%E7%94%BA%E5%AD%97%E4%B8%8B%E5%AF%84380%E7%95%AA%E5%9C%B0%20%E3%82%A4%E3%82%AA%E3%83%B3%E3%82%BF%E3%82%A6%E3%83%B3%E7%94%B0%E5%B4%8E1%E9%9A%8E,2026-10-08,https://dcd.aikatsu.com/encore/pdf/shoplist.pdf,官方列出的設置店；未逐店確認現場稼動、台數與卡片庫存。地址定位尚未逐點核對。
パスカワールドグリーンＬ,日本 熊本県荒尾市本井手１５７４－５４,熊本県,九州・沖繩,0968-69-3001,https://www.google.com/maps/search/?api=1&query=%E3%83%91%E3%82%B9%E3%82%AB%E3%83%AF%E3%83%BC%E3%83%AB%E3%83%89%E3%82%B0%E3%83%AA%E3%83%BC%E3%83%B3%EF%BC%AC%20%E7%86%8A%E6%9C%AC%E7%9C%8C%E8%8D%92%E5%B0%BE%E5%B8%82%E6%9C%AC%E4%BA%95%E6%89%8B%EF%BC%91%EF%BC%95%EF%BC%97%EF%BC%94%EF%BC%8D%EF%BC%95%EF%BC%94,2026-10-08,https://dcd.aikatsu.com/encore/pdf/shoplist.pdf,官方列出的設置店；未逐店確認現場稼動、台數與卡片庫存。地址定位尚未逐點核對。
ピノキオランドあらおシティモール,日本 熊本県荒尾市緑ヶ丘１－１－１ あらおシティモール内１Ｆ,熊本県,九州・沖繩,0968-66-4666,https://www.google.com/maps/search/?api=1&query=%E3%83%94%E3%83%8E%E3%82%AD%E3%82%AA%E3%83%A9%E3%83%B3%E3%83%89%E3%81%82%E3%82%89%E3%81%8A%E3%82%B7%E3%83%86%E3%82%A3%E3%83%A2%E3%83%BC%E3%83%AB%20%E7%86%8A%E6%9C%AC%E7%9C%8C%E8%8D%92%E5%B0%BE%E5%B8%82%E7%B7%91%E3%83%B6%E4%B8%98%EF%BC%91%EF%BC%8D%EF%BC%91%EF%BC%8D%EF%BC%91%20%E3%81%82%E3%82%89%E3%81%8A%E3%82%B7%E3%83%86%E3%82%A3%E3%83%A2%E3%83%BC%E3%83%AB%E5%86%85%EF%BC%91%EF%BC%A6,2026-10-08,https://dcd.aikatsu.com/encore/pdf/shoplist.pdf,官方列出的設置店；未逐店確認現場稼動、台數與卡片庫存。地址定位尚未逐點核對。
パスカランドくまなん,日本 熊本県熊本市中央区平成３－２３－３０ サンリブシティくまなん３Ｆ,熊本県,九州・沖繩,096-370-1377,https://www.google.com/maps/search/?api=1&query=%E3%83%91%E3%82%B9%E3%82%AB%E3%83%A9%E3%83%B3%E3%83%89%E3%81%8F%E3%81%BE%E3%81%AA%E3%82%93%20%E7%86%8A%E6%9C%AC%E7%9C%8C%E7%86%8A%E6%9C%AC%E5%B8%82%E4%B8%AD%E5%A4%AE%E5%8C%BA%E5%B9%B3%E6%88%90%EF%BC%93%EF%BC%8D%EF%BC%92%EF%BC%93%EF%BC%8D%EF%BC%93%EF%BC%90%20%E3%82%B5%E3%83%B3%E3%83%AA%E3%83%96%E3%82%B7%E3%83%86%E3%82%A3%E3%81%8F%E3%81%BE%E3%81%AA%E3%82%93%EF%BC%93%EF%BC%A6,2026-10-08,https://dcd.aikatsu.com/encore/pdf/shoplist.pdf,官方列出的設置店；未逐店確認現場稼動、台數與卡片庫存。地址定位尚未逐點核對。
パスカキッズはません,日本 熊本県熊本市南区田井島１－２－１ ゆめタウンはません店３Ｆ,熊本県,九州・沖繩,096-370-2366,https://www.google.com/maps/search/?api=1&query=%E3%83%91%E3%82%B9%E3%82%AB%E3%82%AD%E3%83%83%E3%82%BA%E3%81%AF%E3%81%BE%E3%81%9B%E3%82%93%20%E7%86%8A%E6%9C%AC%E7%9C%8C%E7%86%8A%E6%9C%AC%E5%B8%82%E5%8D%97%E5%8C%BA%E7%94%B0%E4%BA%95%E5%B3%B6%EF%BC%91%EF%BC%8D%EF%BC%92%EF%BC%8D%EF%BC%91%20%E3%82%86%E3%82%81%E3%82%BF%E3%82%A6%E3%83%B3%E3%81%AF%E3%81%BE%E3%81%9B%E3%82%93%E5%BA%97%EF%BC%93%EF%BC%A6,2026-10-08,https://dcd.aikatsu.com/encore/pdf/shoplist.pdf,官方列出的設置店；未逐店確認現場稼動、台數與卡片庫存。地址定位尚未逐點核對。
パスカランド長嶺,日本 熊本県熊本市東区長嶺西１－５－１ シュロアモール長嶺内,熊本県,九州・沖繩,096-282-8662,https://www.google.com/maps/search/?api=1&query=%E3%83%91%E3%82%B9%E3%82%AB%E3%83%A9%E3%83%B3%E3%83%89%E9%95%B7%E5%B6%BA%20%E7%86%8A%E6%9C%AC%E7%9C%8C%E7%86%8A%E6%9C%AC%E5%B8%82%E6%9D%B1%E5%8C%BA%E9%95%B7%E5%B6%BA%E8%A5%BF%EF%BC%91%EF%BC%8D%EF%BC%95%EF%BC%8D%EF%BC%91%20%E3%82%B7%E3%83%A5%E3%83%AD%E3%82%A2%E3%83%A2%E3%83%BC%E3%83%AB%E9%95%B7%E5%B6%BA%E5%86%85,2026-10-08,https://dcd.aikatsu.com/encore/pdf/shoplist.pdf,官方列出的設置店；未逐店確認現場稼動、台數與卡片庫存。地址定位尚未逐點核對。
ビックカメラアミュプラザくまもと店,日本 熊本県熊本市西区春日 ３ー１５－６０,熊本県,九州・沖繩,096-353-1111,https://www.google.com/maps/search/?api=1&query=%E3%83%93%E3%83%83%E3%82%AF%E3%82%AB%E3%83%A1%E3%83%A9%E3%82%A2%E3%83%9F%E3%83%A5%E3%83%97%E3%83%A9%E3%82%B6%E3%81%8F%E3%81%BE%E3%82%82%E3%81%A8%E5%BA%97%20%E7%86%8A%E6%9C%AC%E7%9C%8C%E7%86%8A%E6%9C%AC%E5%B8%82%E8%A5%BF%E5%8C%BA%E6%98%A5%E6%97%A5%20%EF%BC%93%E3%83%BC%EF%BC%91%EF%BC%95%EF%BC%8D%EF%BC%96%EF%BC%90,2026-10-08,https://dcd.aikatsu.com/encore/pdf/shoplist.pdf,官方列出的設置店；未逐店確認現場稼動、台數與卡片庫存。地址定位尚未逐點核對。
トイザらス熊本,日本 熊本県熊本市東区上南部２－２－２ゆめタウンサンピアン１Ｆ,熊本県,九州・沖繩,096-389-8800,https://www.google.com/maps/search/?api=1&query=%E3%83%88%E3%82%A4%E3%82%B6%E3%82%89%E3%82%B9%E7%86%8A%E6%9C%AC%20%E7%86%8A%E6%9C%AC%E7%9C%8C%E7%86%8A%E6%9C%AC%E5%B8%82%E6%9D%B1%E5%8C%BA%E4%B8%8A%E5%8D%97%E9%83%A8%EF%BC%92%EF%BC%8D%EF%BC%92%EF%BC%8D%EF%BC%92%E3%82%86%E3%82%81%E3%82%BF%E3%82%A6%E3%83%B3%E3%82%B5%E3%83%B3%E3%83%94%E3%82%A2%E3%83%B3%EF%BC%91%EF%BC%A6,2026-10-08,https://dcd.aikatsu.com/encore/pdf/shoplist.pdf,官方列出的設置店；未逐店確認現場稼動、台數與卡片庫存。地址定位尚未逐點核對。
GiGOアミュプラザくまもと,日本 熊本県熊本市西区春日三丁目15番26号 6F 618区画,熊本県,九州・沖繩,070-1459-7519,https://www.google.com/maps/search/?api=1&query=GiGO%E3%82%A2%E3%83%9F%E3%83%A5%E3%83%97%E3%83%A9%E3%82%B6%E3%81%8F%E3%81%BE%E3%82%82%E3%81%A8%20%E7%86%8A%E6%9C%AC%E7%9C%8C%E7%86%8A%E6%9C%AC%E5%B8%82%E8%A5%BF%E5%8C%BA%E6%98%A5%E6%97%A5%E4%B8%89%E4%B8%81%E7%9B%AE15%E7%95%AA26%E5%8F%B7%206F%20618%E5%8C%BA%E7%94%BB,2026-10-08,https://dcd.aikatsu.com/encore/pdf/shoplist.pdf,官方列出的設置店；未逐店確認現場稼動、台數與卡片庫存。地址定位尚未逐點核對。
サープラ下通りあそびタウン,日本 熊本県熊本市中央区手取本町4-12 ザ・ファインビルB1,熊本県,九州・沖繩,096-355-2888,https://www.google.com/maps/search/?api=1&query=%E3%82%B5%E3%83%BC%E3%83%97%E3%83%A9%E4%B8%8B%E9%80%9A%E3%82%8A%E3%81%82%E3%81%9D%E3%81%B3%E3%82%BF%E3%82%A6%E3%83%B3%20%E7%86%8A%E6%9C%AC%E7%9C%8C%E7%86%8A%E6%9C%AC%E5%B8%82%E4%B8%AD%E5%A4%AE%E5%8C%BA%E6%89%8B%E5%8F%96%E6%9C%AC%E7%94%BA4-12%20%E3%82%B6%E3%83%BB%E3%83%95%E3%82%A1%E3%82%A4%E3%83%B3%E3%83%93%E3%83%ABB1,2026-10-08,https://dcd.aikatsu.com/encore/pdf/shoplist.pdf,官方列出的設置店；未逐店確認現場稼動、台數與卡片庫存。地址定位尚未逐點核對。
ｎａｍｃｏサクラマチクマモト店,日本 熊本県熊本市中央区桜町３－１０ サクラマチクマモト３Ｆ,熊本県,九州・沖繩,096-245-6435,https://www.google.com/maps/search/?api=1&query=%EF%BD%8E%EF%BD%81%EF%BD%8D%EF%BD%83%EF%BD%8F%E3%82%B5%E3%82%AF%E3%83%A9%E3%83%9E%E3%83%81%E3%82%AF%E3%83%9E%E3%83%A2%E3%83%88%E5%BA%97%20%E7%86%8A%E6%9C%AC%E7%9C%8C%E7%86%8A%E6%9C%AC%E5%B8%82%E4%B8%AD%E5%A4%AE%E5%8C%BA%E6%A1%9C%E7%94%BA%EF%BC%93%EF%BC%8D%EF%BC%91%EF%BC%90%20%E3%82%B5%E3%82%AF%E3%83%A9%E3%83%9E%E3%83%81%E3%82%AF%E3%83%9E%E3%83%A2%E3%83%88%EF%BC%93%EF%BC%A6,2026-10-08,https://dcd.aikatsu.com/encore/pdf/shoplist.pdf,官方列出的設置店；未逐店確認現場稼動、台數與卡片庫存。地址定位尚未逐點核對。
ｎａｍｃｏＷＣ南熊本店,日本 熊本県熊本市中央区九品寺６丁目９番１,熊本県,九州・沖繩,096-375-1131,https://www.google.com/maps/search/?api=1&query=%EF%BD%8E%EF%BD%81%EF%BD%8D%EF%BD%83%EF%BD%8F%EF%BC%B7%EF%BC%A3%E5%8D%97%E7%86%8A%E6%9C%AC%E5%BA%97%20%E7%86%8A%E6%9C%AC%E7%9C%8C%E7%86%8A%E6%9C%AC%E5%B8%82%E4%B8%AD%E5%A4%AE%E5%8C%BA%E4%B9%9D%E5%93%81%E5%AF%BA%EF%BC%96%E4%B8%81%E7%9B%AE%EF%BC%99%E7%95%AA%EF%BC%91,2026-10-08,https://dcd.aikatsu.com/encore/pdf/shoplist.pdf,官方列出的設置店；未逐店確認現場稼動、台數與卡片庫存。地址定位尚未逐點核對。
ｎａｍｃｏゆめタウン光の森店,日本 熊本県菊池郡菊陽町光の森７丁目３９番１ ゆめタウン光の森南館３Ｆ,熊本県,九州・沖繩,0570-087634,https://www.google.com/maps/search/?api=1&query=%EF%BD%8E%EF%BD%81%EF%BD%8D%EF%BD%83%EF%BD%8F%E3%82%86%E3%82%81%E3%82%BF%E3%82%A6%E3%83%B3%E5%85%89%E3%81%AE%E6%A3%AE%E5%BA%97%20%E7%86%8A%E6%9C%AC%E7%9C%8C%E8%8F%8A%E6%B1%A0%E9%83%A1%E8%8F%8A%E9%99%BD%E7%94%BA%E5%85%89%E3%81%AE%E6%A3%AE%EF%BC%97%E4%B8%81%E7%9B%AE%EF%BC%93%EF%BC%99%E7%95%AA%EF%BC%91%20%E3%82%86%E3%82%81%E3%82%BF%E3%82%A6%E3%83%B3%E5%85%89%E3%81%AE%E6%A3%AE%E5%8D%97%E9%A4%A8%EF%BC%93%EF%BC%A6,2026-10-08,https://dcd.aikatsu.com/encore/pdf/shoplist.pdf,官方列出的設置店；未逐店確認現場稼動、台數與卡片庫存。地址定位尚未逐點核對。
ｎａｍｃｏイオン大津ショッピングプラザ店,日本 熊本県菊池郡大津町大字室１３７ 大津ショピングプラザ２Ｆ,熊本県,九州・沖繩,096-340-3371,https://www.google.com/maps/search/?api=1&query=%EF%BD%8E%EF%BD%81%EF%BD%8D%EF%BD%83%EF%BD%8F%E3%82%A4%E3%82%AA%E3%83%B3%E5%A4%A7%E6%B4%A5%E3%82%B7%E3%83%A7%E3%83%83%E3%83%94%E3%83%B3%E3%82%B0%E3%83%97%E3%83%A9%E3%82%B6%E5%BA%97%20%E7%86%8A%E6%9C%AC%E7%9C%8C%E8%8F%8A%E6%B1%A0%E9%83%A1%E5%A4%A7%E6%B4%A5%E7%94%BA%E5%A4%A7%E5%AD%97%E5%AE%A4%EF%BC%91%EF%BC%93%EF%BC%97%20%E5%A4%A7%E6%B4%A5%E3%82%B7%E3%83%A7%E3%83%94%E3%83%B3%E3%82%B0%E3%83%97%E3%83%A9%E3%82%B6%EF%BC%92%EF%BC%A6,2026-10-08,https://dcd.aikatsu.com/encore/pdf/shoplist.pdf,官方列出的設置店；未逐店確認現場稼動、台數與卡片庫存。地址定位尚未逐點核對。
ゆめタウンサンピアンアミューズパーク,日本 熊本県熊本市東区上南部二丁目２番２号 ゆめタウンサンピアン３Ｆ,熊本県,九州・沖繩,096-389-7375,https://www.google.com/maps/search/?api=1&query=%E3%82%86%E3%82%81%E3%82%BF%E3%82%A6%E3%83%B3%E3%82%B5%E3%83%B3%E3%83%94%E3%82%A2%E3%83%B3%E3%82%A2%E3%83%9F%E3%83%A5%E3%83%BC%E3%82%BA%E3%83%91%E3%83%BC%E3%82%AF%20%E7%86%8A%E6%9C%AC%E7%9C%8C%E7%86%8A%E6%9C%AC%E5%B8%82%E6%9D%B1%E5%8C%BA%E4%B8%8A%E5%8D%97%E9%83%A8%E4%BA%8C%E4%B8%81%E7%9B%AE%EF%BC%92%E7%95%AA%EF%BC%92%E5%8F%B7%20%E3%82%86%E3%82%81%E3%82%BF%E3%82%A6%E3%83%B3%E3%82%B5%E3%83%B3%E3%83%94%E3%82%A2%E3%83%B3%EF%BC%93%EF%BC%A6,2026-10-08,https://dcd.aikatsu.com/encore/pdf/shoplist.pdf,官方列出的設置店；未逐店確認現場稼動、台數與卡片庫存。地址定位尚未逐點核對。
ゴーゴーバンビーノ,日本 熊本県人吉市下林町字下大坪122－1,熊本県,九州・沖繩,080-3905-2183,https://www.google.com/maps/search/?api=1&query=%E3%82%B4%E3%83%BC%E3%82%B4%E3%83%BC%E3%83%90%E3%83%B3%E3%83%93%E3%83%BC%E3%83%8E%20%E7%86%8A%E6%9C%AC%E7%9C%8C%E4%BA%BA%E5%90%89%E5%B8%82%E4%B8%8B%E6%9E%97%E7%94%BA%E5%AD%97%E4%B8%8B%E5%A4%A7%E5%9D%AA122%EF%BC%8D1,2026-10-08,https://dcd.aikatsu.com/encore/pdf/shoplist.pdf,官方列出的設置店；未逐店確認現場稼動、台數與卡片庫存。地址定位尚未逐點核對。
ＦＥＳＴＡ山鹿店,日本 熊本県山鹿市方保田鳥越３４６８－１ ＦＥＳＴＡ山鹿,熊本県,九州・沖繩,096-844-5654,https://www.google.com/maps/search/?api=1&query=%EF%BC%A6%EF%BC%A5%EF%BC%B3%EF%BC%B4%EF%BC%A1%E5%B1%B1%E9%B9%BF%E5%BA%97%20%E7%86%8A%E6%9C%AC%E7%9C%8C%E5%B1%B1%E9%B9%BF%E5%B8%82%E6%96%B9%E4%BF%9D%E7%94%B0%E9%B3%A5%E8%B6%8A%EF%BC%93%EF%BC%94%EF%BC%96%EF%BC%98%EF%BC%8D%EF%BC%91%20%EF%BC%A6%EF%BC%A5%EF%BC%B3%EF%BC%B4%EF%BC%A1%E5%B1%B1%E9%B9%BF,2026-10-08,https://dcd.aikatsu.com/encore/pdf/shoplist.pdf,官方列出的設置店；未逐店確認現場稼動、台數與卡片庫存。地址定位尚未逐點核對。
モーリーファンタジー挾間店,日本 大分県由布市挾間町北方77番地 イオン挾間店2階,大分県,九州・沖繩,070-3100-3668,https://www.google.com/maps/search/?api=1&query=%E3%83%A2%E3%83%BC%E3%83%AA%E3%83%BC%E3%83%95%E3%82%A1%E3%83%B3%E3%82%BF%E3%82%B8%E3%83%BC%E6%8C%BE%E9%96%93%E5%BA%97%20%E5%A4%A7%E5%88%86%E7%9C%8C%E7%94%B1%E5%B8%83%E5%B8%82%E6%8C%BE%E9%96%93%E7%94%BA%E5%8C%97%E6%96%B977%E7%95%AA%E5%9C%B0%20%E3%82%A4%E3%82%AA%E3%83%B3%E6%8C%BE%E9%96%93%E5%BA%972%E9%9A%8E,2026-10-08,https://dcd.aikatsu.com/encore/pdf/shoplist.pdf,官方列出的設置店；未逐店確認現場稼動、台數與卡片庫存。地址定位尚未逐點核對。
モーリーファンタジーパークプレイス大分店,日本 大分県大分市公園通り西2丁目-1 イオンパークプレイス大分店2階,大分県,九州・沖繩,070-3100-3666,https://www.google.com/maps/search/?api=1&query=%E3%83%A2%E3%83%BC%E3%83%AA%E3%83%BC%E3%83%95%E3%82%A1%E3%83%B3%E3%82%BF%E3%82%B8%E3%83%BC%E3%83%91%E3%83%BC%E3%82%AF%E3%83%97%E3%83%AC%E3%82%A4%E3%82%B9%E5%A4%A7%E5%88%86%E5%BA%97%20%E5%A4%A7%E5%88%86%E7%9C%8C%E5%A4%A7%E5%88%86%E5%B8%82%E5%85%AC%E5%9C%92%E9%80%9A%E3%82%8A%E8%A5%BF2%E4%B8%81%E7%9B%AE-1%20%E3%82%A4%E3%82%AA%E3%83%B3%E3%83%91%E3%83%BC%E3%82%AF%E3%83%97%E3%83%AC%E3%82%A4%E3%82%B9%E5%A4%A7%E5%88%86%E5%BA%972%E9%9A%8E,2026-10-08,https://dcd.aikatsu.com/encore/pdf/shoplist.pdf,官方列出的設置店；未逐店確認現場稼動、台數與卡片庫存。地址定位尚未逐點核對。
モーリーファンタジー三光店,日本 大分県中津市三光佐知1032 イオン三光店2F,大分県,九州・沖繩,070-3100-5590,https://www.google.com/maps/search/?api=1&query=%E3%83%A2%E3%83%BC%E3%83%AA%E3%83%BC%E3%83%95%E3%82%A1%E3%83%B3%E3%82%BF%E3%82%B8%E3%83%BC%E4%B8%89%E5%85%89%E5%BA%97%20%E5%A4%A7%E5%88%86%E7%9C%8C%E4%B8%AD%E6%B4%A5%E5%B8%82%E4%B8%89%E5%85%89%E4%BD%90%E7%9F%A51032%20%E3%82%A4%E3%82%AA%E3%83%B3%E4%B8%89%E5%85%89%E5%BA%972F,2026-10-08,https://dcd.aikatsu.com/encore/pdf/shoplist.pdf,官方列出的設置店；未逐店確認現場稼動、台數與卡片庫存。地址定位尚未逐點核對。
モーリーファンタジー日田店,日本 大分県日田市南元町14-22 イオン日田店2階,大分県,九州・沖繩,070-3100-5419,https://www.google.com/maps/search/?api=1&query=%E3%83%A2%E3%83%BC%E3%83%AA%E3%83%BC%E3%83%95%E3%82%A1%E3%83%B3%E3%82%BF%E3%82%B8%E3%83%BC%E6%97%A5%E7%94%B0%E5%BA%97%20%E5%A4%A7%E5%88%86%E7%9C%8C%E6%97%A5%E7%94%B0%E5%B8%82%E5%8D%97%E5%85%83%E7%94%BA14-22%20%E3%82%A4%E3%82%AA%E3%83%B3%E6%97%A5%E7%94%B0%E5%BA%972%E9%9A%8E,2026-10-08,https://dcd.aikatsu.com/encore/pdf/shoplist.pdf,官方列出的設置店；未逐店確認現場稼動、台數與卡片庫存。地址定位尚未逐點核對。
イオン高城店,日本 大分県大分市高城西町２８－１,大分県,九州・沖繩,097-554-0200,https://www.google.com/maps/search/?api=1&query=%E3%82%A4%E3%82%AA%E3%83%B3%E9%AB%98%E5%9F%8E%E5%BA%97%20%E5%A4%A7%E5%88%86%E7%9C%8C%E5%A4%A7%E5%88%86%E5%B8%82%E9%AB%98%E5%9F%8E%E8%A5%BF%E7%94%BA%EF%BC%92%EF%BC%98%EF%BC%8D%EF%BC%91,2026-10-08,https://dcd.aikatsu.com/encore/pdf/shoplist.pdf,官方列出的設置店；未逐店確認現場稼動、台數與卡片庫存。地址定位尚未逐點核對。
ユーズランド三光店,日本 大分県中津市三光佐知１０３２イオンモール三光２階,大分県,九州・沖繩,0979-43-6562,https://www.google.com/maps/search/?api=1&query=%E3%83%A6%E3%83%BC%E3%82%BA%E3%83%A9%E3%83%B3%E3%83%89%E4%B8%89%E5%85%89%E5%BA%97%20%E5%A4%A7%E5%88%86%E7%9C%8C%E4%B8%AD%E6%B4%A5%E5%B8%82%E4%B8%89%E5%85%89%E4%BD%90%E7%9F%A5%EF%BC%91%EF%BC%90%EF%BC%93%EF%BC%92%E3%82%A4%E3%82%AA%E3%83%B3%E3%83%A2%E3%83%BC%E3%83%AB%E4%B8%89%E5%85%89%EF%BC%92%E9%9A%8E,2026-10-08,https://dcd.aikatsu.com/encore/pdf/shoplist.pdf,官方列出的設置店；未逐店確認現場稼動、台數與卡片庫存。地址定位尚未逐點核對。
GiGO高城,日本 大分県大分市牧1-161-8,大分県,九州・沖繩,070-1459-7329,https://www.google.com/maps/search/?api=1&query=GiGO%E9%AB%98%E5%9F%8E%20%E5%A4%A7%E5%88%86%E7%9C%8C%E5%A4%A7%E5%88%86%E5%B8%82%E7%89%A71-161-8,2026-10-08,https://dcd.aikatsu.com/encore/pdf/shoplist.pdf,官方列出的設置店；未逐店確認現場稼動、台數與卡片庫存。地址定位尚未逐點核對。
プラサカプコン大分店,日本 大分県大分市公園通り西２－１イオンパークプレイス大分２階,大分県,九州・沖繩,097-520-7734,https://www.google.com/maps/search/?api=1&query=%E3%83%97%E3%83%A9%E3%82%B5%E3%82%AB%E3%83%97%E3%82%B3%E3%83%B3%E5%A4%A7%E5%88%86%E5%BA%97%20%E5%A4%A7%E5%88%86%E7%9C%8C%E5%A4%A7%E5%88%86%E5%B8%82%E5%85%AC%E5%9C%92%E9%80%9A%E3%82%8A%E8%A5%BF%EF%BC%92%EF%BC%8D%EF%BC%91%E3%82%A4%E3%82%AA%E3%83%B3%E3%83%91%E3%83%BC%E3%82%AF%E3%83%97%E3%83%AC%E3%82%A4%E3%82%B9%E5%A4%A7%E5%88%86%EF%BC%92%E9%9A%8E,2026-10-08,https://dcd.aikatsu.com/encore/pdf/shoplist.pdf,官方列出的設置店；未逐店確認現場稼動、台數與卡片庫存。地址定位尚未逐點核對。
タイトーステーションアミュプラザおおいた,日本 大分県大分市要町１－１４アミュプラザおおいた４階,大分県,九州・沖繩,097-574-7835,https://www.google.com/maps/search/?api=1&query=%E3%82%BF%E3%82%A4%E3%83%88%E3%83%BC%E3%82%B9%E3%83%86%E3%83%BC%E3%82%B7%E3%83%A7%E3%83%B3%E3%82%A2%E3%83%9F%E3%83%A5%E3%83%97%E3%83%A9%E3%82%B6%E3%81%8A%E3%81%8A%E3%81%84%E3%81%9F%20%E5%A4%A7%E5%88%86%E7%9C%8C%E5%A4%A7%E5%88%86%E5%B8%82%E8%A6%81%E7%94%BA%EF%BC%91%EF%BC%8D%EF%BC%91%EF%BC%94%E3%82%A2%E3%83%9F%E3%83%A5%E3%83%97%E3%83%A9%E3%82%B6%E3%81%8A%E3%81%8A%E3%81%84%E3%81%9F%EF%BC%94%E9%9A%8E,2026-10-08,https://dcd.aikatsu.com/encore/pdf/shoplist.pdf,官方列出的設置店；未逐店確認現場稼動、台數與卡片庫存。地址定位尚未逐點核對。
ｎａｍｃｏトキハわさだタウン店,日本 大分県大分市大字玉沢字楠本７５５－１ トキハわさだタウン内２Ｆ,大分県,九州・沖繩,0570-087641,https://www.google.com/maps/search/?api=1&query=%EF%BD%8E%EF%BD%81%EF%BD%8D%EF%BD%83%EF%BD%8F%E3%83%88%E3%82%AD%E3%83%8F%E3%82%8F%E3%81%95%E3%81%A0%E3%82%BF%E3%82%A6%E3%83%B3%E5%BA%97%20%E5%A4%A7%E5%88%86%E7%9C%8C%E5%A4%A7%E5%88%86%E5%B8%82%E5%A4%A7%E5%AD%97%E7%8E%89%E6%B2%A2%E5%AD%97%E6%A5%A0%E6%9C%AC%EF%BC%97%EF%BC%95%EF%BC%95%EF%BC%8D%EF%BC%91%20%E3%83%88%E3%82%AD%E3%83%8F%E3%82%8F%E3%81%95%E3%81%A0%E3%82%BF%E3%82%A6%E3%83%B3%E5%86%85%EF%BC%92%EF%BC%A6,2026-10-08,https://dcd.aikatsu.com/encore/pdf/shoplist.pdf,官方列出的設置店；未逐店確認現場稼動、台數與卡片庫存。地址定位尚未逐點核對。
ゆめタウン中津店,日本 大分県中津市蛭子町３丁目９９番地 ゆめタウン中津店３階ゆめキッズ,大分県,九州・沖繩,0979-23-7753,https://www.google.com/maps/search/?api=1&query=%E3%82%86%E3%82%81%E3%82%BF%E3%82%A6%E3%83%B3%E4%B8%AD%E6%B4%A5%E5%BA%97%20%E5%A4%A7%E5%88%86%E7%9C%8C%E4%B8%AD%E6%B4%A5%E5%B8%82%E8%9B%AD%E5%AD%90%E7%94%BA%EF%BC%93%E4%B8%81%E7%9B%AE%EF%BC%99%EF%BC%99%E7%95%AA%E5%9C%B0%20%E3%82%86%E3%82%81%E3%82%BF%E3%82%A6%E3%83%B3%E4%B8%AD%E6%B4%A5%E5%BA%97%EF%BC%93%E9%9A%8E%E3%82%86%E3%82%81%E3%82%AD%E3%83%83%E3%82%BA,2026-10-08,https://dcd.aikatsu.com/encore/pdf/shoplist.pdf,官方列出的設置店；未逐店確認現場稼動、台數與卡片庫存。地址定位尚未逐點核對。
トキハ別府店ゲームコーナー,日本 大分県別府市北浜２－９－１ トキハ別府店内４Ｆ,大分県,九州・沖繩,0977-21-2522,https://www.google.com/maps/search/?api=1&query=%E3%83%88%E3%82%AD%E3%83%8F%E5%88%A5%E5%BA%9C%E5%BA%97%E3%82%B2%E3%83%BC%E3%83%A0%E3%82%B3%E3%83%BC%E3%83%8A%E3%83%BC%20%E5%A4%A7%E5%88%86%E7%9C%8C%E5%88%A5%E5%BA%9C%E5%B8%82%E5%8C%97%E6%B5%9C%EF%BC%92%EF%BC%8D%EF%BC%99%EF%BC%8D%EF%BC%91%20%E3%83%88%E3%82%AD%E3%83%8F%E5%88%A5%E5%BA%9C%E5%BA%97%E5%86%85%EF%BC%94%EF%BC%A6,2026-10-08,https://dcd.aikatsu.com/encore/pdf/shoplist.pdf,官方列出的設置店；未逐店確認現場稼動、台數與卡片庫存。地址定位尚未逐點核對。
ＦＥＳＴＡフリーモールわさだ店,日本 大分県大分市木上鉾手２１０２ＦＥＳＴＡフリーモールわさだ,大分県,九州・沖繩,097-542-1883,https://www.google.com/maps/search/?api=1&query=%EF%BC%A6%EF%BC%A5%EF%BC%B3%EF%BC%B4%EF%BC%A1%E3%83%95%E3%83%AA%E3%83%BC%E3%83%A2%E3%83%BC%E3%83%AB%E3%82%8F%E3%81%95%E3%81%A0%E5%BA%97%20%E5%A4%A7%E5%88%86%E7%9C%8C%E5%A4%A7%E5%88%86%E5%B8%82%E6%9C%A8%E4%B8%8A%E9%89%BE%E6%89%8B%EF%BC%92%EF%BC%91%EF%BC%90%EF%BC%92%EF%BC%A6%EF%BC%A5%EF%BC%B3%EF%BC%B4%EF%BC%A1%E3%83%95%E3%83%AA%E3%83%BC%E3%83%A2%E3%83%BC%E3%83%AB%E3%82%8F%E3%81%95%E3%81%A0,2026-10-08,https://dcd.aikatsu.com/encore/pdf/shoplist.pdf,官方列出的設置店；未逐店確認現場稼動、台數與卡片庫存。地址定位尚未逐點核對。
タイトーFステーションセントポルタ大分店,日本 大分県大分市中央町2‐1-1,大分県,九州・沖繩,097-533-2716,https://www.google.com/maps/search/?api=1&query=%E3%82%BF%E3%82%A4%E3%83%88%E3%83%BCF%E3%82%B9%E3%83%86%E3%83%BC%E3%82%B7%E3%83%A7%E3%83%B3%E3%82%BB%E3%83%B3%E3%83%88%E3%83%9D%E3%83%AB%E3%82%BF%E5%A4%A7%E5%88%86%E5%BA%97%20%E5%A4%A7%E5%88%86%E7%9C%8C%E5%A4%A7%E5%88%86%E5%B8%82%E4%B8%AD%E5%A4%AE%E7%94%BA2%E2%80%901-1,2026-10-08,https://dcd.aikatsu.com/encore/pdf/shoplist.pdf,官方列出的設置店；未逐店確認現場稼動、台數與卡片庫存。地址定位尚未逐點核對。
モーリーファンタジー延岡店,日本 宮崎県延岡市旭町2-2-1 イオン延岡店2階,宮崎県,九州・沖繩,070-3100-3833,https://www.google.com/maps/search/?api=1&query=%E3%83%A2%E3%83%BC%E3%83%AA%E3%83%BC%E3%83%95%E3%82%A1%E3%83%B3%E3%82%BF%E3%82%B8%E3%83%BC%E5%BB%B6%E5%B2%A1%E5%BA%97%20%E5%AE%AE%E5%B4%8E%E7%9C%8C%E5%BB%B6%E5%B2%A1%E5%B8%82%E6%97%AD%E7%94%BA2-2-1%20%E3%82%A4%E3%82%AA%E3%83%B3%E5%BB%B6%E5%B2%A1%E5%BA%972%E9%9A%8E,2026-10-08,https://dcd.aikatsu.com/encore/pdf/shoplist.pdf,官方列出的設置店；未逐店確認現場稼動、台數與卡片庫存。地址定位尚未逐點核對。
モーリーファンタジー日向店,日本 宮崎県日向市日知屋字古田町61-1 イオン日向店2階,宮崎県,九州・沖繩,070-3100-3661,https://www.google.com/maps/search/?api=1&query=%E3%83%A2%E3%83%BC%E3%83%AA%E3%83%BC%E3%83%95%E3%82%A1%E3%83%B3%E3%82%BF%E3%82%B8%E3%83%BC%E6%97%A5%E5%90%91%E5%BA%97%20%E5%AE%AE%E5%B4%8E%E7%9C%8C%E6%97%A5%E5%90%91%E5%B8%82%E6%97%A5%E7%9F%A5%E5%B1%8B%E5%AD%97%E5%8F%A4%E7%94%B0%E7%94%BA61-1%20%E3%82%A4%E3%82%AA%E3%83%B3%E6%97%A5%E5%90%91%E5%BA%972%E9%9A%8E,2026-10-08,https://dcd.aikatsu.com/encore/pdf/shoplist.pdf,官方列出的設置店；未逐店確認現場稼動、台數與卡片庫存。地址定位尚未逐點核對。
モーリーファンタジー都城店,日本 宮崎県都城市早鈴町1950番地 イオン都城店2階,宮崎県,九州・沖繩,070-3100-3956,https://www.google.com/maps/search/?api=1&query=%E3%83%A2%E3%83%BC%E3%83%AA%E3%83%BC%E3%83%95%E3%82%A1%E3%83%B3%E3%82%BF%E3%82%B8%E3%83%BC%E9%83%BD%E5%9F%8E%E5%BA%97%20%E5%AE%AE%E5%B4%8E%E7%9C%8C%E9%83%BD%E5%9F%8E%E5%B8%82%E6%97%A9%E9%88%B4%E7%94%BA1950%E7%95%AA%E5%9C%B0%20%E3%82%A4%E3%82%AA%E3%83%B3%E9%83%BD%E5%9F%8E%E5%BA%972%E9%9A%8E,2026-10-08,https://dcd.aikatsu.com/encore/pdf/shoplist.pdf,官方列出的設置店；未逐店確認現場稼動、台數與卡片庫存。地址定位尚未逐點核對。
モーリーファンタジー宮崎店,日本 宮崎県宮崎市新別府町江口862-1 イオン宮崎店2階,宮崎県,九州・沖繩,070-3100-3920,https://www.google.com/maps/search/?api=1&query=%E3%83%A2%E3%83%BC%E3%83%AA%E3%83%BC%E3%83%95%E3%82%A1%E3%83%B3%E3%82%BF%E3%82%B8%E3%83%BC%E5%AE%AE%E5%B4%8E%E5%BA%97%20%E5%AE%AE%E5%B4%8E%E7%9C%8C%E5%AE%AE%E5%B4%8E%E5%B8%82%E6%96%B0%E5%88%A5%E5%BA%9C%E7%94%BA%E6%B1%9F%E5%8F%A3862-1%20%E3%82%A4%E3%82%AA%E3%83%B3%E5%AE%AE%E5%B4%8E%E5%BA%972%E9%9A%8E,2026-10-08,https://dcd.aikatsu.com/encore/pdf/shoplist.pdf,官方列出的設置店；未逐店確認現場稼動、台數與卡片庫存。地址定位尚未逐點核對。
モーリーファンタジー南宮崎店,日本 宮崎県宮崎市大淀4-7-30 イオン南宮崎店3階,宮崎県,九州・沖繩,070-3100-5460,https://www.google.com/maps/search/?api=1&query=%E3%83%A2%E3%83%BC%E3%83%AA%E3%83%BC%E3%83%95%E3%82%A1%E3%83%B3%E3%82%BF%E3%82%B8%E3%83%BC%E5%8D%97%E5%AE%AE%E5%B4%8E%E5%BA%97%20%E5%AE%AE%E5%B4%8E%E7%9C%8C%E5%AE%AE%E5%B4%8E%E5%B8%82%E5%A4%A7%E6%B7%804-7-30%20%E3%82%A4%E3%82%AA%E3%83%B3%E5%8D%97%E5%AE%AE%E5%B4%8E%E5%BA%973%E9%9A%8E,2026-10-08,https://dcd.aikatsu.com/encore/pdf/shoplist.pdf,官方列出的設置店；未逐店確認現場稼動、台數與卡片庫存。地址定位尚未逐點核對。
モーリーファンタジー都城駅前店,日本 宮崎県都城市栄町4672-5 イオン都城駅前店2階,宮崎県,九州・沖繩,070-3100-5474,https://www.google.com/maps/search/?api=1&query=%E3%83%A2%E3%83%BC%E3%83%AA%E3%83%BC%E3%83%95%E3%82%A1%E3%83%B3%E3%82%BF%E3%82%B8%E3%83%BC%E9%83%BD%E5%9F%8E%E9%A7%85%E5%89%8D%E5%BA%97%20%E5%AE%AE%E5%B4%8E%E7%9C%8C%E9%83%BD%E5%9F%8E%E5%B8%82%E6%A0%84%E7%94%BA4672-5%20%E3%82%A4%E3%82%AA%E3%83%B3%E9%83%BD%E5%9F%8E%E9%A7%85%E5%89%8D%E5%BA%972%E9%9A%8E,2026-10-08,https://dcd.aikatsu.com/encore/pdf/shoplist.pdf,官方列出的設置店；未逐店確認現場稼動、台數與卡片庫存。地址定位尚未逐點核對。
イオン多々良ショッピングセンター店,日本 宮崎県延岡市岡富町１５４,宮崎県,九州・沖繩,0982-28-0050,https://www.google.com/maps/search/?api=1&query=%E3%82%A4%E3%82%AA%E3%83%B3%E5%A4%9A%E3%80%85%E8%89%AF%E3%82%B7%E3%83%A7%E3%83%83%E3%83%94%E3%83%B3%E3%82%B0%E3%82%BB%E3%83%B3%E3%82%BF%E3%83%BC%E5%BA%97%20%E5%AE%AE%E5%B4%8E%E7%9C%8C%E5%BB%B6%E5%B2%A1%E5%B8%82%E5%B2%A1%E5%AF%8C%E7%94%BA%EF%BC%91%EF%BC%95%EF%BC%94,2026-10-08,https://dcd.aikatsu.com/encore/pdf/shoplist.pdf,官方列出的設置店；未逐店確認現場稼動、台數與卡片庫存。地址定位尚未逐點核對。
GiGOアミュプラザみやざき,日本 宮崎県宮崎市老松2丁目2番22号アミュプラザみやざき うみ館 4F,宮崎県,九州・沖繩,070-1459-7363,https://www.google.com/maps/search/?api=1&query=GiGO%E3%82%A2%E3%83%9F%E3%83%A5%E3%83%97%E3%83%A9%E3%82%B6%E3%81%BF%E3%82%84%E3%81%96%E3%81%8D%20%E5%AE%AE%E5%B4%8E%E7%9C%8C%E5%AE%AE%E5%B4%8E%E5%B8%82%E8%80%81%E6%9D%BE2%E4%B8%81%E7%9B%AE2%E7%95%AA22%E5%8F%B7%E3%82%A2%E3%83%9F%E3%83%A5%E3%83%97%E3%83%A9%E3%82%B6%E3%81%BF%E3%82%84%E3%81%96%E3%81%8D%20%E3%81%86%E3%81%BF%E9%A4%A8%204F,2026-10-08,https://dcd.aikatsu.com/encore/pdf/shoplist.pdf,官方列出的設置店；未逐店確認現場稼動、台數與卡片庫存。地址定位尚未逐點核對。
ｎａｍｃｏ宮交シティ店,日本 宮崎県宮崎市大淀四丁目６番２８号 宮交シティ３階,宮崎県,九州・沖繩,0985-64-8764,https://www.google.com/maps/search/?api=1&query=%EF%BD%8E%EF%BD%81%EF%BD%8D%EF%BD%83%EF%BD%8F%E5%AE%AE%E4%BA%A4%E3%82%B7%E3%83%86%E3%82%A3%E5%BA%97%20%E5%AE%AE%E5%B4%8E%E7%9C%8C%E5%AE%AE%E5%B4%8E%E5%B8%82%E5%A4%A7%E6%B7%80%E5%9B%9B%E4%B8%81%E7%9B%AE%EF%BC%96%E7%95%AA%EF%BC%92%EF%BC%98%E5%8F%B7%20%E5%AE%AE%E4%BA%A4%E3%82%B7%E3%83%86%E3%82%A3%EF%BC%93%E9%9A%8E,2026-10-08,https://dcd.aikatsu.com/encore/pdf/shoplist.pdf,官方列出的設置店；未逐店確認現場稼動、台數與卡片庫存。地址定位尚未逐點核對。
楽市楽座イオンモール宮崎店,日本 宮崎県宮崎市新別府町江口８６２－１イオン宮崎２階区画№２３１,宮崎県,九州・沖繩,0985-23-8281,https://www.google.com/maps/search/?api=1&query=%E6%A5%BD%E5%B8%82%E6%A5%BD%E5%BA%A7%E3%82%A4%E3%82%AA%E3%83%B3%E3%83%A2%E3%83%BC%E3%83%AB%E5%AE%AE%E5%B4%8E%E5%BA%97%20%E5%AE%AE%E5%B4%8E%E7%9C%8C%E5%AE%AE%E5%B4%8E%E5%B8%82%E6%96%B0%E5%88%A5%E5%BA%9C%E7%94%BA%E6%B1%9F%E5%8F%A3%EF%BC%98%EF%BC%96%EF%BC%92%EF%BC%8D%EF%BC%91%E3%82%A4%E3%82%AA%E3%83%B3%E5%AE%AE%E5%B4%8E%EF%BC%92%E9%9A%8E%E5%8C%BA%E7%94%BB%E2%84%96%EF%BC%92%EF%BC%93%EF%BC%91,2026-10-08,https://dcd.aikatsu.com/encore/pdf/shoplist.pdf,官方列出的設置店；未逐店確認現場稼動、台數與卡片庫存。地址定位尚未逐點核對。
ファミリーランドポニー小林店,日本 宮崎県小林市堤金鳥居３００５－１２サンキュー小林店内ゲームコーナー,宮崎県,九州・沖繩,0984-24-1175,https://www.google.com/maps/search/?api=1&query=%E3%83%95%E3%82%A1%E3%83%9F%E3%83%AA%E3%83%BC%E3%83%A9%E3%83%B3%E3%83%89%E3%83%9D%E3%83%8B%E3%83%BC%E5%B0%8F%E6%9E%97%E5%BA%97%20%E5%AE%AE%E5%B4%8E%E7%9C%8C%E5%B0%8F%E6%9E%97%E5%B8%82%E5%A0%A4%E9%87%91%E9%B3%A5%E5%B1%85%EF%BC%93%EF%BC%90%EF%BC%90%EF%BC%95%EF%BC%8D%EF%BC%91%EF%BC%92%E3%82%B5%E3%83%B3%E3%82%AD%E3%83%A5%E3%83%BC%E5%B0%8F%E6%9E%97%E5%BA%97%E5%86%85%E3%82%B2%E3%83%BC%E3%83%A0%E3%82%B3%E3%83%BC%E3%83%8A%E3%83%BC,2026-10-08,https://dcd.aikatsu.com/encore/pdf/shoplist.pdf,官方列出的設置店；未逐店確認現場稼動、台數與卡片庫存。地址定位尚未逐點核對。
ファミリーランドポニー小松台店,日本 宮崎県宮崎市小松台南町13－1タイヨー小松台2階ゲームコーナー,宮崎県,九州・沖繩,090-3190-4085,https://www.google.com/maps/search/?api=1&query=%E3%83%95%E3%82%A1%E3%83%9F%E3%83%AA%E3%83%BC%E3%83%A9%E3%83%B3%E3%83%89%E3%83%9D%E3%83%8B%E3%83%BC%E5%B0%8F%E6%9D%BE%E5%8F%B0%E5%BA%97%20%E5%AE%AE%E5%B4%8E%E7%9C%8C%E5%AE%AE%E5%B4%8E%E5%B8%82%E5%B0%8F%E6%9D%BE%E5%8F%B0%E5%8D%97%E7%94%BA13%EF%BC%8D1%E3%82%BF%E3%82%A4%E3%83%A8%E3%83%BC%E5%B0%8F%E6%9D%BE%E5%8F%B02%E9%9A%8E%E3%82%B2%E3%83%BC%E3%83%A0%E3%82%B3%E3%83%BC%E3%83%8A%E3%83%BC,2026-10-08,https://dcd.aikatsu.com/encore/pdf/shoplist.pdf,官方列出的設置店；未逐店確認現場稼動、台數與卡片庫存。地址定位尚未逐點核對。
モーリーファンタジー隼人国分店,日本 鹿児島県霧島市隼人町見次1229 イオン隼人国分店2階,鹿児島県,九州・沖繩,070-3100-5332,https://www.google.com/maps/search/?api=1&query=%E3%83%A2%E3%83%BC%E3%83%AA%E3%83%BC%E3%83%95%E3%82%A1%E3%83%B3%E3%82%BF%E3%82%B8%E3%83%BC%E9%9A%BC%E4%BA%BA%E5%9B%BD%E5%88%86%E5%BA%97%20%E9%B9%BF%E5%85%90%E5%B3%B6%E7%9C%8C%E9%9C%A7%E5%B3%B6%E5%B8%82%E9%9A%BC%E4%BA%BA%E7%94%BA%E8%A6%8B%E6%AC%A11229%20%E3%82%A4%E3%82%AA%E3%83%B3%E9%9A%BC%E4%BA%BA%E5%9B%BD%E5%88%86%E5%BA%972%E9%9A%8E,2026-10-08,https://dcd.aikatsu.com/encore/pdf/shoplist.pdf,官方列出的設置店；未逐店確認現場稼動、台數與卡片庫存。地址定位尚未逐點核對。
モーリーファンタジー鹿児島店,日本 鹿児島県鹿児島市東開町7 イオン鹿児島店3階,鹿児島県,九州・沖繩,070-3100-4134,https://www.google.com/maps/search/?api=1&query=%E3%83%A2%E3%83%BC%E3%83%AA%E3%83%BC%E3%83%95%E3%82%A1%E3%83%B3%E3%82%BF%E3%82%B8%E3%83%BC%E9%B9%BF%E5%85%90%E5%B3%B6%E5%BA%97%20%E9%B9%BF%E5%85%90%E5%B3%B6%E7%9C%8C%E9%B9%BF%E5%85%90%E5%B3%B6%E5%B8%82%E6%9D%B1%E9%96%8B%E7%94%BA7%20%E3%82%A4%E3%82%AA%E3%83%B3%E9%B9%BF%E5%85%90%E5%B3%B6%E5%BA%973%E9%9A%8E,2026-10-08,https://dcd.aikatsu.com/encore/pdf/shoplist.pdf,官方列出的設置店；未逐店確認現場稼動、台數與卡片庫存。地址定位尚未逐點核對。
モーリーファンタジー姶良店,日本 鹿児島県姶良市西餅田264-1 イオンスタイル姶良店3階,鹿児島県,九州・沖繩,070-3100-5381,https://www.google.com/maps/search/?api=1&query=%E3%83%A2%E3%83%BC%E3%83%AA%E3%83%BC%E3%83%95%E3%82%A1%E3%83%B3%E3%82%BF%E3%82%B8%E3%83%BC%E5%A7%B6%E8%89%AF%E5%BA%97%20%E9%B9%BF%E5%85%90%E5%B3%B6%E7%9C%8C%E5%A7%B6%E8%89%AF%E5%B8%82%E8%A5%BF%E9%A4%85%E7%94%B0264-1%20%E3%82%A4%E3%82%AA%E3%83%B3%E3%82%B9%E3%82%BF%E3%82%A4%E3%83%AB%E5%A7%B6%E8%89%AF%E5%BA%973%E9%9A%8E,2026-10-08,https://dcd.aikatsu.com/encore/pdf/shoplist.pdf,官方列出的設置店；未逐店確認現場稼動、台數與卡片庫存。地址定位尚未逐點核對。
ビックカメラ鹿児島中央駅店,日本 鹿児島県鹿児島市中央町１－１ フレスタ鹿児島内,鹿児島県,九州・沖繩,099-814-1111,https://www.google.com/maps/search/?api=1&query=%E3%83%93%E3%83%83%E3%82%AF%E3%82%AB%E3%83%A1%E3%83%A9%E9%B9%BF%E5%85%90%E5%B3%B6%E4%B8%AD%E5%A4%AE%E9%A7%85%E5%BA%97%20%E9%B9%BF%E5%85%90%E5%B3%B6%E7%9C%8C%E9%B9%BF%E5%85%90%E5%B3%B6%E5%B8%82%E4%B8%AD%E5%A4%AE%E7%94%BA%EF%BC%91%EF%BC%8D%EF%BC%91%20%E3%83%95%E3%83%AC%E3%82%B9%E3%82%BF%E9%B9%BF%E5%85%90%E5%B3%B6%E5%86%85,2026-10-08,https://dcd.aikatsu.com/encore/pdf/shoplist.pdf,官方列出的設置店；未逐店確認現場稼動、台數與卡片庫存。地址定位尚未逐點核對。
イオン鹿児島中央店,日本 鹿児島県鹿児島市中央町１０,鹿児島県,九州・沖繩,099-206-4711,https://www.google.com/maps/search/?api=1&query=%E3%82%A4%E3%82%AA%E3%83%B3%E9%B9%BF%E5%85%90%E5%B3%B6%E4%B8%AD%E5%A4%AE%E5%BA%97%20%E9%B9%BF%E5%85%90%E5%B3%B6%E7%9C%8C%E9%B9%BF%E5%85%90%E5%B3%B6%E5%B8%82%E4%B8%AD%E5%A4%AE%E7%94%BA%EF%BC%91%EF%BC%90,2026-10-08,https://dcd.aikatsu.com/encore/pdf/shoplist.pdf,官方列出的設置店；未逐店確認現場稼動、台數與卡片庫存。地址定位尚未逐點核對。
ピノキオランド宮之城,日本 鹿児島県薩摩郡さつま町宮之城屋地１５０８ プラッセ大和宮之城店２F,鹿児島県,九州・沖繩,0996-52-1805,https://www.google.com/maps/search/?api=1&query=%E3%83%94%E3%83%8E%E3%82%AD%E3%82%AA%E3%83%A9%E3%83%B3%E3%83%89%E5%AE%AE%E4%B9%8B%E5%9F%8E%20%E9%B9%BF%E5%85%90%E5%B3%B6%E7%9C%8C%E8%96%A9%E6%91%A9%E9%83%A1%E3%81%95%E3%81%A4%E3%81%BE%E7%94%BA%E5%AE%AE%E4%B9%8B%E5%9F%8E%E5%B1%8B%E5%9C%B0%EF%BC%91%EF%BC%95%EF%BC%90%EF%BC%98%20%E3%83%97%E3%83%A9%E3%83%83%E3%82%BB%E5%A4%A7%E5%92%8C%E5%AE%AE%E4%B9%8B%E5%9F%8E%E5%BA%97%EF%BC%92F,2026-10-08,https://dcd.aikatsu.com/encore/pdf/shoplist.pdf,官方列出的設置店；未逐店確認現場稼動、台數與卡片庫存。地址定位尚未逐點核對。
サープラ国分あそびタウン,日本 鹿児島県霧島市国分広瀬2-4-1フレスポ国分,鹿児島県,九州・沖繩,0995-48-6789,https://www.google.com/maps/search/?api=1&query=%E3%82%B5%E3%83%BC%E3%83%97%E3%83%A9%E5%9B%BD%E5%88%86%E3%81%82%E3%81%9D%E3%81%B3%E3%82%BF%E3%82%A6%E3%83%B3%20%E9%B9%BF%E5%85%90%E5%B3%B6%E7%9C%8C%E9%9C%A7%E5%B3%B6%E5%B8%82%E5%9B%BD%E5%88%86%E5%BA%83%E7%80%AC2-4-1%E3%83%95%E3%83%AC%E3%82%B9%E3%83%9D%E5%9B%BD%E5%88%86,2026-10-08,https://dcd.aikatsu.com/encore/pdf/shoplist.pdf,官方列出的設置店；未逐店確認現場稼動、台數與卡片庫存。地址定位尚未逐點核對。
タイトーステーションアミュプラザ鹿児島店,日本 鹿児島県鹿児島市中央町１－１アミュプラザ鹿児島５Ｆ,鹿児島県,九州・沖繩,099-812-7250,https://www.google.com/maps/search/?api=1&query=%E3%82%BF%E3%82%A4%E3%83%88%E3%83%BC%E3%82%B9%E3%83%86%E3%83%BC%E3%82%B7%E3%83%A7%E3%83%B3%E3%82%A2%E3%83%9F%E3%83%A5%E3%83%97%E3%83%A9%E3%82%B6%E9%B9%BF%E5%85%90%E5%B3%B6%E5%BA%97%20%E9%B9%BF%E5%85%90%E5%B3%B6%E7%9C%8C%E9%B9%BF%E5%85%90%E5%B3%B6%E5%B8%82%E4%B8%AD%E5%A4%AE%E7%94%BA%EF%BC%91%EF%BC%8D%EF%BC%91%E3%82%A2%E3%83%9F%E3%83%A5%E3%83%97%E3%83%A9%E3%82%B6%E9%B9%BF%E5%85%90%E5%B3%B6%EF%BC%95%EF%BC%A6,2026-10-08,https://dcd.aikatsu.com/encore/pdf/shoplist.pdf,官方列出的設置店；未逐店確認現場稼動、台數與卡片庫存。地址定位尚未逐點核對。
ｎａｍｃｏプラッセだいわ出水店,日本 鹿児島県出水市本町４－４５ プラッセだいわ出水店２Ｆ,鹿児島県,九州・沖繩,0996-63-8850,https://www.google.com/maps/search/?api=1&query=%EF%BD%8E%EF%BD%81%EF%BD%8D%EF%BD%83%EF%BD%8F%E3%83%97%E3%83%A9%E3%83%83%E3%82%BB%E3%81%A0%E3%81%84%E3%82%8F%E5%87%BA%E6%B0%B4%E5%BA%97%20%E9%B9%BF%E5%85%90%E5%B3%B6%E7%9C%8C%E5%87%BA%E6%B0%B4%E5%B8%82%E6%9C%AC%E7%94%BA%EF%BC%94%EF%BC%8D%EF%BC%94%EF%BC%95%20%E3%83%97%E3%83%A9%E3%83%83%E3%82%BB%E3%81%A0%E3%81%84%E3%82%8F%E5%87%BA%E6%B0%B4%E5%BA%97%EF%BC%92%EF%BC%A6,2026-10-08,https://dcd.aikatsu.com/encore/pdf/shoplist.pdf,官方列出的設置店；未逐店確認現場稼動、台數與卡片庫存。地址定位尚未逐點核對。
ｎａｍｃｏプラッセだいわ川内店,日本 鹿児島県薩摩川内市矢倉町４２１３－１ プラッセ川内店２階,鹿児島県,九州・沖繩,0996-27-1770,https://www.google.com/maps/search/?api=1&query=%EF%BD%8E%EF%BD%81%EF%BD%8D%EF%BD%83%EF%BD%8F%E3%83%97%E3%83%A9%E3%83%83%E3%82%BB%E3%81%A0%E3%81%84%E3%82%8F%E5%B7%9D%E5%86%85%E5%BA%97%20%E9%B9%BF%E5%85%90%E5%B3%B6%E7%9C%8C%E8%96%A9%E6%91%A9%E5%B7%9D%E5%86%85%E5%B8%82%E7%9F%A2%E5%80%89%E7%94%BA%EF%BC%94%EF%BC%92%EF%BC%91%EF%BC%93%EF%BC%8D%EF%BC%91%20%E3%83%97%E3%83%A9%E3%83%83%E3%82%BB%E5%B7%9D%E5%86%85%E5%BA%97%EF%BC%92%E9%9A%8E,2026-10-08,https://dcd.aikatsu.com/encore/pdf/shoplist.pdf,官方列出的設置店；未逐店確認現場稼動、台數與卡片庫存。地址定位尚未逐點核對。
楽市楽座オプシアミスミ店,日本 鹿児島県鹿児島市宇宿２－３－５－２階楽市楽座オプシアミスミ,鹿児島県,九州・沖繩,099-812-7260,https://www.google.com/maps/search/?api=1&query=%E6%A5%BD%E5%B8%82%E6%A5%BD%E5%BA%A7%E3%82%AA%E3%83%97%E3%82%B7%E3%82%A2%E3%83%9F%E3%82%B9%E3%83%9F%E5%BA%97%20%E9%B9%BF%E5%85%90%E5%B3%B6%E7%9C%8C%E9%B9%BF%E5%85%90%E5%B3%B6%E5%B8%82%E5%AE%87%E5%AE%BF%EF%BC%92%EF%BC%8D%EF%BC%93%EF%BC%8D%EF%BC%95%EF%BC%8D%EF%BC%92%E9%9A%8E%E6%A5%BD%E5%B8%82%E6%A5%BD%E5%BA%A7%E3%82%AA%E3%83%97%E3%82%B7%E3%82%A2%E3%83%9F%E3%82%B9%E3%83%9F,2026-10-08,https://dcd.aikatsu.com/encore/pdf/shoplist.pdf,官方列出的設置店；未逐店確認現場稼動、台數與卡片庫存。地址定位尚未逐點核對。
楽市楽座イオンタウン姶良,日本 鹿児島県姶良市東餅田336イオンタウン姶良2階,鹿児島県,九州・沖繩,0995-55-1330,https://www.google.com/maps/search/?api=1&query=%E6%A5%BD%E5%B8%82%E6%A5%BD%E5%BA%A7%E3%82%A4%E3%82%AA%E3%83%B3%E3%82%BF%E3%82%A6%E3%83%B3%E5%A7%B6%E8%89%AF%20%E9%B9%BF%E5%85%90%E5%B3%B6%E7%9C%8C%E5%A7%B6%E8%89%AF%E5%B8%82%E6%9D%B1%E9%A4%85%E7%94%B0336%E3%82%A4%E3%82%AA%E3%83%B3%E3%82%BF%E3%82%A6%E3%83%B3%E5%A7%B6%E8%89%AF2%E9%9A%8E,2026-10-08,https://dcd.aikatsu.com/encore/pdf/shoplist.pdf,官方列出的設置店；未逐店確認現場稼動、台數與卡片庫存。地址定位尚未逐點核對。
ファミリーランドポニー永利店,日本 鹿児島県薩摩川内市永利町７１２番地タイヨー永利店内ゲームコーナー,鹿児島県,九州・沖繩,0996-23-3900,https://www.google.com/maps/search/?api=1&query=%E3%83%95%E3%82%A1%E3%83%9F%E3%83%AA%E3%83%BC%E3%83%A9%E3%83%B3%E3%83%89%E3%83%9D%E3%83%8B%E3%83%BC%E6%B0%B8%E5%88%A9%E5%BA%97%20%E9%B9%BF%E5%85%90%E5%B3%B6%E7%9C%8C%E8%96%A9%E6%91%A9%E5%B7%9D%E5%86%85%E5%B8%82%E6%B0%B8%E5%88%A9%E7%94%BA%EF%BC%97%EF%BC%91%EF%BC%92%E7%95%AA%E5%9C%B0%E3%82%BF%E3%82%A4%E3%83%A8%E3%83%BC%E6%B0%B8%E5%88%A9%E5%BA%97%E5%86%85%E3%82%B2%E3%83%BC%E3%83%A0%E3%82%B3%E3%83%BC%E3%83%8A%E3%83%BC,2026-10-08,https://dcd.aikatsu.com/encore/pdf/shoplist.pdf,官方列出的設置店；未逐店確認現場稼動、台數與卡片庫存。地址定位尚未逐點核對。
ファミリーランドポニー伊集院店,日本 鹿児島県日置市伊集院町徳重3丁目9-1 山忠ビルソレイユタウン伊集院店2階ゲームコーナー,鹿児島県,九州・沖繩,099-273-1020,https://www.google.com/maps/search/?api=1&query=%E3%83%95%E3%82%A1%E3%83%9F%E3%83%AA%E3%83%BC%E3%83%A9%E3%83%B3%E3%83%89%E3%83%9D%E3%83%8B%E3%83%BC%E4%BC%8A%E9%9B%86%E9%99%A2%E5%BA%97%20%E9%B9%BF%E5%85%90%E5%B3%B6%E7%9C%8C%E6%97%A5%E7%BD%AE%E5%B8%82%E4%BC%8A%E9%9B%86%E9%99%A2%E7%94%BA%E5%BE%B3%E9%87%8D3%E4%B8%81%E7%9B%AE9-1%20%E5%B1%B1%E5%BF%A0%E3%83%93%E3%83%AB%E3%82%BD%E3%83%AC%E3%82%A4%E3%83%A6%E3%82%BF%E3%82%A6%E3%83%B3%E4%BC%8A%E9%9B%86%E9%99%A2%E5%BA%972%E9%9A%8E%E3%82%B2%E3%83%BC%E3%83%A0%E3%82%B3%E3%83%BC%E3%83%8A%E3%83%BC,2026-10-08,https://dcd.aikatsu.com/encore/pdf/shoplist.pdf,官方列出的設置店；未逐店確認現場稼動、台數與卡片庫存。地址定位尚未逐點核對。
モーリーファンタジー那覇店,日本 沖縄県那覇市金城5-10-2 イオン那覇店3階,沖縄県,九州・沖繩,070-3100-5314,https://www.google.com/maps/search/?api=1&query=%E3%83%A2%E3%83%BC%E3%83%AA%E3%83%BC%E3%83%95%E3%82%A1%E3%83%B3%E3%82%BF%E3%82%B8%E3%83%BC%E9%82%A3%E8%A6%87%E5%BA%97%20%E6%B2%96%E7%B8%84%E7%9C%8C%E9%82%A3%E8%A6%87%E5%B8%82%E9%87%91%E5%9F%8E5-10-2%20%E3%82%A4%E3%82%AA%E3%83%B3%E9%82%A3%E8%A6%87%E5%BA%973%E9%9A%8E,2026-10-08,https://dcd.aikatsu.com/encore/pdf/shoplist.pdf,官方列出的設置店；未逐店確認現場稼動、台數與卡片庫存。地址定位尚未逐點核對。
モーリーファンタジー北谷店,日本 沖縄県中頭郡北谷町字美浜8-3 イオン北谷店2階,沖縄県,九州・沖繩,070-3100-4750,https://www.google.com/maps/search/?api=1&query=%E3%83%A2%E3%83%BC%E3%83%AA%E3%83%BC%E3%83%95%E3%82%A1%E3%83%B3%E3%82%BF%E3%82%B8%E3%83%BC%E5%8C%97%E8%B0%B7%E5%BA%97%20%E6%B2%96%E7%B8%84%E7%9C%8C%E4%B8%AD%E9%A0%AD%E9%83%A1%E5%8C%97%E8%B0%B7%E7%94%BA%E5%AD%97%E7%BE%8E%E6%B5%9C8-3%20%E3%82%A4%E3%82%AA%E3%83%B3%E5%8C%97%E8%B0%B7%E5%BA%972%E9%9A%8E,2026-10-08,https://dcd.aikatsu.com/encore/pdf/shoplist.pdf,官方列出的設置店；未逐店確認現場稼動、台數與卡片庫存。地址定位尚未逐點核對。
モーリーファンタジー具志川店,日本 沖縄県うるま市前原幸崎原303番地 イオン具志川店2階,沖縄県,九州・沖繩,070-3100-3720,https://www.google.com/maps/search/?api=1&query=%E3%83%A2%E3%83%BC%E3%83%AA%E3%83%BC%E3%83%95%E3%82%A1%E3%83%B3%E3%82%BF%E3%82%B8%E3%83%BC%E5%85%B7%E5%BF%97%E5%B7%9D%E5%BA%97%20%E6%B2%96%E7%B8%84%E7%9C%8C%E3%81%86%E3%82%8B%E3%81%BE%E5%B8%82%E5%89%8D%E5%8E%9F%E5%B9%B8%E5%B4%8E%E5%8E%9F303%E7%95%AA%E5%9C%B0%20%E3%82%A4%E3%82%AA%E3%83%B3%E5%85%B7%E5%BF%97%E5%B7%9D%E5%BA%972%E9%9A%8E,2026-10-08,https://dcd.aikatsu.com/encore/pdf/shoplist.pdf,官方列出的設置店；未逐店確認現場稼動、台數與卡片庫存。地址定位尚未逐點核對。
モーリーファンタジー名護店,日本 沖縄県名護市字名護見取川原4472 イオン名護店1階,沖縄県,九州・沖繩,070-3100-3954,https://www.google.com/maps/search/?api=1&query=%E3%83%A2%E3%83%BC%E3%83%AA%E3%83%BC%E3%83%95%E3%82%A1%E3%83%B3%E3%82%BF%E3%82%B8%E3%83%BC%E5%90%8D%E8%AD%B7%E5%BA%97%20%E6%B2%96%E7%B8%84%E7%9C%8C%E5%90%8D%E8%AD%B7%E5%B8%82%E5%AD%97%E5%90%8D%E8%AD%B7%E8%A6%8B%E5%8F%96%E5%B7%9D%E5%8E%9F4472%20%E3%82%A4%E3%82%AA%E3%83%B3%E5%90%8D%E8%AD%B7%E5%BA%971%E9%9A%8E,2026-10-08,https://dcd.aikatsu.com/encore/pdf/shoplist.pdf,官方列出的設置店；未逐店確認現場稼動、台數與卡片庫存。地址定位尚未逐點核對。
モーリーファンタジー南風原店,日本 沖縄県島尻郡南風原町字宮平264 イオン南風原店2階,沖縄県,九州・沖繩,070-3100-3883,https://www.google.com/maps/search/?api=1&query=%E3%83%A2%E3%83%BC%E3%83%AA%E3%83%BC%E3%83%95%E3%82%A1%E3%83%B3%E3%82%BF%E3%82%B8%E3%83%BC%E5%8D%97%E9%A2%A8%E5%8E%9F%E5%BA%97%20%E6%B2%96%E7%B8%84%E7%9C%8C%E5%B3%B6%E5%B0%BB%E9%83%A1%E5%8D%97%E9%A2%A8%E5%8E%9F%E7%94%BA%E5%AD%97%E5%AE%AE%E5%B9%B3264%20%E3%82%A4%E3%82%AA%E3%83%B3%E5%8D%97%E9%A2%A8%E5%8E%9F%E5%BA%972%E9%9A%8E,2026-10-08,https://dcd.aikatsu.com/encore/pdf/shoplist.pdf,官方列出的設置店；未逐店確認現場稼動、台數與卡片庫存。地址定位尚未逐點核對。
モーリーファンタジーライカム店,日本 沖縄県中頭郡北中城村字ライカム1 イオンライカム店4階,沖縄県,九州・沖繩,070-3100-4082,https://www.google.com/maps/search/?api=1&query=%E3%83%A2%E3%83%BC%E3%83%AA%E3%83%BC%E3%83%95%E3%82%A1%E3%83%B3%E3%82%BF%E3%82%B8%E3%83%BC%E3%83%A9%E3%82%A4%E3%82%AB%E3%83%A0%E5%BA%97%20%E6%B2%96%E7%B8%84%E7%9C%8C%E4%B8%AD%E9%A0%AD%E9%83%A1%E5%8C%97%E4%B8%AD%E5%9F%8E%E6%9D%91%E5%AD%97%E3%83%A9%E3%82%A4%E3%82%AB%E3%83%A01%20%E3%82%A4%E3%82%AA%E3%83%B3%E3%83%A9%E3%82%A4%E3%82%AB%E3%83%A0%E5%BA%974%E9%9A%8E,2026-10-08,https://dcd.aikatsu.com/encore/pdf/shoplist.pdf,官方列出的設置店；未逐店確認現場稼動、台數與卡片庫存。地址定位尚未逐點核對。
モーリーファンタジー浦添店,日本 沖縄県浦添市城間4-7-1 浦添ショッピングセンター3階,沖縄県,九州・沖繩,070-3100-5472,https://www.google.com/maps/search/?api=1&query=%E3%83%A2%E3%83%BC%E3%83%AA%E3%83%BC%E3%83%95%E3%82%A1%E3%83%B3%E3%82%BF%E3%82%B8%E3%83%BC%E6%B5%A6%E6%B7%BB%E5%BA%97%20%E6%B2%96%E7%B8%84%E7%9C%8C%E6%B5%A6%E6%B7%BB%E5%B8%82%E5%9F%8E%E9%96%934-7-1%20%E6%B5%A6%E6%B7%BB%E3%82%B7%E3%83%A7%E3%83%83%E3%83%94%E3%83%B3%E3%82%B0%E3%82%BB%E3%83%B3%E3%82%BF%E3%83%BC3%E9%9A%8E,2026-10-08,https://dcd.aikatsu.com/encore/pdf/shoplist.pdf,官方列出的設置店；未逐店確認現場稼動、台數與卡片庫存。地址定位尚未逐點核對。
ゲオ西原店,日本 沖縄県浦添市当山2丁目2番地3ゲオ西原,沖縄県,九州・沖繩,098-870-1300,https://www.google.com/maps/search/?api=1&query=%E3%82%B2%E3%82%AA%E8%A5%BF%E5%8E%9F%E5%BA%97%20%E6%B2%96%E7%B8%84%E7%9C%8C%E6%B5%A6%E6%B7%BB%E5%B8%82%E5%BD%93%E5%B1%B12%E4%B8%81%E7%9B%AE2%E7%95%AA%E5%9C%B03%E3%82%B2%E3%82%AA%E8%A5%BF%E5%8E%9F,2026-10-08,https://dcd.aikatsu.com/encore/pdf/shoplist.pdf,官方列出的設置店；未逐店確認現場稼動、台數與卡片庫存。地址定位尚未逐點核對。
ｎａｍｃｏイーアス沖縄豊崎店,日本 沖縄県豊見城市豊崎３－３５ イーアス沖縄豊崎店３Ｆ,沖縄県,九州・沖繩,098-987-0347,https://www.google.com/maps/search/?api=1&query=%EF%BD%8E%EF%BD%81%EF%BD%8D%EF%BD%83%EF%BD%8F%E3%82%A4%E3%83%BC%E3%82%A2%E3%82%B9%E6%B2%96%E7%B8%84%E8%B1%8A%E5%B4%8E%E5%BA%97%20%E6%B2%96%E7%B8%84%E7%9C%8C%E8%B1%8A%E8%A6%8B%E5%9F%8E%E5%B8%82%E8%B1%8A%E5%B4%8E%EF%BC%93%EF%BC%8D%EF%BC%93%EF%BC%95%20%E3%82%A4%E3%83%BC%E3%82%A2%E3%82%B9%E6%B2%96%E7%B8%84%E8%B1%8A%E5%B4%8E%E5%BA%97%EF%BC%93%EF%BC%A6,2026-10-08,https://dcd.aikatsu.com/encore/pdf/shoplist.pdf,官方列出的設置店；未逐店確認現場稼動、台數與卡片庫存。地址定位尚未逐點核對。
ｎａｍｃｏサンエー浦添西海岸パルコシティ店,日本 沖縄県浦添市西洲三丁目１番１ サンエー浦添西海岸パルコシティ３Ｆ,沖縄県,九州・沖繩,098-943-2394,https://www.google.com/maps/search/?api=1&query=%EF%BD%8E%EF%BD%81%EF%BD%8D%EF%BD%83%EF%BD%8F%E3%82%B5%E3%83%B3%E3%82%A8%E3%83%BC%E6%B5%A6%E6%B7%BB%E8%A5%BF%E6%B5%B7%E5%B2%B8%E3%83%91%E3%83%AB%E3%82%B3%E3%82%B7%E3%83%86%E3%82%A3%E5%BA%97%20%E6%B2%96%E7%B8%84%E7%9C%8C%E6%B5%A6%E6%B7%BB%E5%B8%82%E8%A5%BF%E6%B4%B2%E4%B8%89%E4%B8%81%E7%9B%AE%EF%BC%91%E7%95%AA%EF%BC%91%20%E3%82%B5%E3%83%B3%E3%82%A8%E3%83%BC%E6%B5%A6%E6%B7%BB%E8%A5%BF%E6%B5%B7%E5%B2%B8%E3%83%91%E3%83%AB%E3%82%B3%E3%82%B7%E3%83%86%E3%82%A3%EF%BC%93%EF%BC%A6,2026-10-08,https://dcd.aikatsu.com/encore/pdf/shoplist.pdf,官方列出的設置店；未逐店確認現場稼動、台數與卡片庫存。地址定位尚未逐點核對。
ｎａｍｃｏ那覇メインプレイス店,日本 沖縄県那覇市おもろまち４丁目４番地９号 サンエー那覇メインプレイス内２Ｆ,沖縄県,九州・沖繩,098-951-3361,https://www.google.com/maps/search/?api=1&query=%EF%BD%8E%EF%BD%81%EF%BD%8D%EF%BD%83%EF%BD%8F%E9%82%A3%E8%A6%87%E3%83%A1%E3%82%A4%E3%83%B3%E3%83%97%E3%83%AC%E3%82%A4%E3%82%B9%E5%BA%97%20%E6%B2%96%E7%B8%84%E7%9C%8C%E9%82%A3%E8%A6%87%E5%B8%82%E3%81%8A%E3%82%82%E3%82%8D%E3%81%BE%E3%81%A1%EF%BC%94%E4%B8%81%E7%9B%AE%EF%BC%94%E7%95%AA%E5%9C%B0%EF%BC%99%E5%8F%B7%20%E3%82%B5%E3%83%B3%E3%82%A8%E3%83%BC%E9%82%A3%E8%A6%87%E3%83%A1%E3%82%A4%E3%83%B3%E3%83%97%E3%83%AC%E3%82%A4%E3%82%B9%E5%86%85%EF%BC%92%EF%BC%A6,2026-10-08,https://dcd.aikatsu.com/encore/pdf/shoplist.pdf,官方列出的設置店；未逐店確認現場稼動、台數與卡片庫存。地址定位尚未逐點核對。
ｎａｍｃｏイオン具志川店,日本 沖縄県うるま市字前原幸崎原３０３番地 イオン具志川ＳＣ２Ｆ,沖縄県,九州・沖繩,098-983-6040,https://www.google.com/maps/search/?api=1&query=%EF%BD%8E%EF%BD%81%EF%BD%8D%EF%BD%83%EF%BD%8F%E3%82%A4%E3%82%AA%E3%83%B3%E5%85%B7%E5%BF%97%E5%B7%9D%E5%BA%97%20%E6%B2%96%E7%B8%84%E7%9C%8C%E3%81%86%E3%82%8B%E3%81%BE%E5%B8%82%E5%AD%97%E5%89%8D%E5%8E%9F%E5%B9%B8%E5%B4%8E%E5%8E%9F%EF%BC%93%EF%BC%90%EF%BC%93%E7%95%AA%E5%9C%B0%20%E3%82%A4%E3%82%AA%E3%83%B3%E5%85%B7%E5%BF%97%E5%B7%9D%EF%BC%B3%EF%BC%A3%EF%BC%92%EF%BC%A6,2026-10-08,https://dcd.aikatsu.com/encore/pdf/shoplist.pdf,官方列出的設置店；未逐店確認現場稼動、台數與卡片庫存。地址定位尚未逐點核對。
ラウンドワンスタジアム沖縄・宜野湾,日本 沖縄県宜野湾市真志喜3-28-8,沖縄県,九州・沖繩,098-870-2110,https://www.google.com/maps/search/?api=1&query=%E3%83%A9%E3%82%A6%E3%83%B3%E3%83%89%E3%83%AF%E3%83%B3%E3%82%B9%E3%82%BF%E3%82%B8%E3%82%A2%E3%83%A0%E6%B2%96%E7%B8%84%E3%83%BB%E5%AE%9C%E9%87%8E%E6%B9%BE%20%E6%B2%96%E7%B8%84%E7%9C%8C%E5%AE%9C%E9%87%8E%E6%B9%BE%E5%B8%82%E7%9C%9F%E5%BF%97%E5%96%9C3-28-8,2026-10-08,https://dcd.aikatsu.com/encore/pdf/shoplist.pdf,官方列出的設置店；未逐店確認現場稼動、台數與卡片庫存。地址定位尚未逐點核對。
楽市楽座イオンモール沖縄ライカム,日本 沖縄県中頭郡北中城村ライカム1イオンモール沖縄ライカムライカム4階,沖縄県,九州・沖繩,098-923-5525,https://www.google.com/maps/search/?api=1&query=%E6%A5%BD%E5%B8%82%E6%A5%BD%E5%BA%A7%E3%82%A4%E3%82%AA%E3%83%B3%E3%83%A2%E3%83%BC%E3%83%AB%E6%B2%96%E7%B8%84%E3%83%A9%E3%82%A4%E3%82%AB%E3%83%A0%20%E6%B2%96%E7%B8%84%E7%9C%8C%E4%B8%AD%E9%A0%AD%E9%83%A1%E5%8C%97%E4%B8%AD%E5%9F%8E%E6%9D%91%E3%83%A9%E3%82%A4%E3%82%AB%E3%83%A01%E3%82%A4%E3%82%AA%E3%83%B3%E3%83%A2%E3%83%BC%E3%83%AB%E6%B2%96%E7%B8%84%E3%83%A9%E3%82%A4%E3%82%AB%E3%83%A0%E3%83%A9%E3%82%A4%E3%82%AB%E3%83%A04%E9%9A%8E,2026-10-08,https://dcd.aikatsu.com/encore/pdf/shoplist.pdf,官方列出的設置店；未逐店確認現場稼動、台數與卡片庫存。地址定位尚未逐點核對。
